{
  "metrics": {
    "total_return": 0.9787742271988171,
    "cagr": 0.25642922536547785,
    "annual_volatility": 0.15050404671821954,
    "sharpe_ratio": 1.3366238588752584,
    "sortino_ratio": 2.004211876890007,
    "calmar_ratio": 1.5166534060564478,
    "max_drawdown": -0.16907569279934342,
    "max_drawdown_date": "2025-04-08",
    "win_rate": 0.5645805592543276,
    "profit_factor": 1.3186185215660209,
    "num_trading_days": 751,
    "skewness": 0.33796511748041685,
    "kurtosis": 5.784788751953885,
    "best_day": 0.07634895135060815,
    "worst_day": -0.032895744132969584,
    "avg_daily_return": 0.0009539327981120911,
    "black_swan_resilience": 82.7,
    "benchmark_total_return": 0.8628177193040827,
    "benchmark_cagr": 0.23130614737691846,
    "alpha": 0.025123077988559395,
    "beta": 0.7748441527896653,
    "information_ratio": 0.2551071096821754,
    "tracking_error": 0.09848050891195828
  },
  "trade_metrics": {
    "num_trades": 1826,
    "num_buys": 931,
    "num_sells": 895,
    "total_commission": 0.0,
    "total_slippage": 5518.461795575141,
    "total_transaction_costs": 5518.461795575141,
    "avg_trade_size": 3022.158705134251
  },
  "final_positions": {
    "GLD": {
      "qty": 25.0,
      "avg_cost": 315.28713188327526,
      "realized_pnl": 6591.468534508632
    },
    "NVDA": {
      "qty": 126.0,
      "avg_cost": 177.4536584917952,
      "realized_pnl": 21465.530246012953
    },
    "CRM": {
      "qty": 68.0,
      "avg_cost": 265.05353591021367,
      "realized_pnl": 1859.2206878662146
    },
    "EPD": {
      "qty": 442.0,
      "avg_cost": 29.63110121253293,
      "realized_pnl": 5106.86423548179
    },
    "ET": {
      "qty": 869.0,
      "avg_cost": 16.931667559192338,
      "realized_pnl": 4738.41074540512
    },
    "MPLX": {
      "qty": 262.0,
      "avg_cost": 48.5598432703536,
      "realized_pnl": 7026.70735632728
    },
    "MSFT": {
      "qty": 49.0,
      "avg_cost": 491.16541679759393,
      "realized_pnl": 3818.543457139713
    },
    "AAPL": {
      "qty": 87.0,
      "avg_cost": 251.7379945721864,
      "realized_pnl": 7226.378318307554
    },
    "GOOGL": {
      "qty": 76.0,
      "avg_cost": 249.9615602075348,
      "realized_pnl": 10242.931976956736
    },
    "AMZN": {
      "qty": 103.0,
      "avg_cost": 222.46182264512743,
      "realized_pnl": 4768.437353724988
    }
  },
  "source": "orchestrator",
  "description": "Meta-strategy: detects bull/bear/rotation/crisis/K-shape regime, activates best sub-strategies",
  "horizon": "3Y (2023-2025)",
  "consistency_score": 0.83,
  "windows_tested": 6,
  "composite_score": 0.5064,
  "rolling_windows": {
    "1Y_2023": {
      "ret": 0.3783,
      "sh": 2.02,
      "dd": -0.0663
    },
    "1Y_2024": {
      "ret": 0.4866,
      "sh": 2.43,
      "dd": -0.0889
    },
    "1Y_2025": {
      "ret": -0.0224,
      "sh": -0.34,
      "dd": -0.1691
    },
    "3Y_2022_2024": {
      "ret": 0.7913,
      "sh": 1.16,
      "dd": -0.1912
    },
    "3Y_2023_2025": {
      "ret": 0.9788,
      "sh": 1.34,
      "dd": -0.1691
    },
    "5Y_2020_2024": {
      "ret": 1.7668,
      "sh": 0.97,
      "dd": -0.3002
    }
  }
}