{
  "metrics": {
    "total_return": 0.08778481303387209,
    "cagr": 0.02854388710067224,
    "annual_volatility": 0.11447697646077754,
    "sharpe_ratio": -0.03870210933055605,
    "sortino_ratio": -0.05421669288819707,
    "calmar_ratio": 0.13293179698179233,
    "max_drawdown": -0.21472580487708215,
    "max_drawdown_date": "2025-04-07",
    "win_rate": 0.4367509986684421,
    "profit_factor": 1.0661802743389805,
    "num_trading_days": 751,
    "skewness": -0.3904876489712875,
    "kurtosis": 9.471677988955813,
    "best_day": 0.037859609157269825,
    "worst_day": -0.05010491037964293,
    "avg_daily_return": 0.00013806851176421318,
    "black_swan_resilience": 71.4,
    "benchmark_total_return": 0.8628177193040827,
    "benchmark_cagr": 0.23130614737691846,
    "alpha": -0.20276226027624622,
    "beta": 0.1788225118845448,
    "information_ratio": -1.2065406518379174,
    "tracking_error": 0.1680525724246253
  },
  "trade_metrics": {
    "num_trades": 447,
    "num_buys": 207,
    "num_sells": 240,
    "total_commission": 0.0,
    "total_slippage": 3318.2690100307486,
    "total_transaction_costs": 3318.2690100307486,
    "avg_trade_size": 7423.42060409563
  },
  "final_positions": {
    "HMY": {
      "qty": 815.0,
      "avg_cost": 17.914573163953413,
      "realized_pnl": 246.85688211629684
    },
    "AFK": {
      "qty": 619.0,
      "avg_cost": 26.25,
      "realized_pnl": 0.0
    },
    "EZA": {
      "qty": 238.0,
      "avg_cost": 68.43000030517578,
      "realized_pnl": 0.0
    },
    "SBSW": {
      "qty": 1178.0,
      "avg_cost": 13.799517631530762,
      "realized_pnl": 0.0
    }
  },
  "source": "gap_audit",
  "description": "Frontier markets for diversification: Africa, Nigeria, S. Africa + gold miners",
  "rolling_windows": {
    "1Y_2015": {
      "ret": 0.0109,
      "sh": -0.64,
      "dd": -0.0689
    },
    "1Y_2016": {
      "ret": -0.1172,
      "sh": -1.44,
      "dd": -0.1823
    },
    "1Y_2017": {
      "ret": 0.1062,
      "sh": 0.83,
      "dd": -0.0811
    },
    "1Y_2018": {
      "ret": -0.0865,
      "sh": -1.81,
      "dd": -0.1153
    },
    "1Y_2019": {
      "ret": -0.0309,
      "sh": -0.53,
      "dd": -0.1292
    },
    "1Y_2020": {
      "ret": 0.2779,
      "sh": 1.5,
      "dd": -0.1156
    },
    "1Y_2021": {
      "ret": 0.1431,
      "sh": 0.8,
      "dd": -0.0865
    },
    "1Y_2022": {
      "ret": -0.0101,
      "sh": -0.48,
      "dd": -0.1477
    },
    "1Y_2023": {
      "ret": -0.0635,
      "sh": -1.26,
      "dd": -0.167
    },
    "1Y_2024": {
      "ret": -0.0637,
      "sh": -0.98,
      "dd": -0.1059
    },
    "1Y_2025": {
      "ret": 0.2547,
      "sh": 1.36,
      "dd": -0.1154
    },
    "3Y_2015_2017": {
      "ret": -0.0045,
      "sh": -0.45,
      "dd": -0.1823
    },
    "3Y_2016_2018": {
      "ret": -0.0981,
      "sh": -0.79,
      "dd": -0.1823
    },
    "3Y_2017_2019": {
      "ret": -0.0155,
      "sh": -0.44,
      "dd": -0.2218
    },
    "3Y_2018_2020": {
      "ret": 0.1189,
      "sh": 0.04,
      "dd": -0.2219
    },
    "3Y_2019_2021": {
      "ret": 0.4305,
      "sh": 0.67,
      "dd": -0.1292
    },
    "3Y_2020_2022": {
      "ret": 0.4635,
      "sh": 0.77,
      "dd": -0.1477
    },
    "3Y_2021_2023": {
      "ret": 0.0623,
      "sh": -0.13,
      "dd": -0.2358
    },
    "3Y_2022_2024": {
      "ret": -0.1352,
      "sh": -0.9,
      "dd": -0.2517
    },
    "3Y_2023_2025": {
      "ret": 0.0878,
      "sh": -0.04,
      "dd": -0.2147
    },
    "5Y_2015_2019": {
      "ret": -0.114,
      "sh": -0.67,
      "dd": -0.2529
    },
    "5Y_2016_2020": {
      "ret": 0.1047,
      "sh": -0.12,
      "dd": -0.2529
    },
    "5Y_2017_2021": {
      "ret": 0.4527,
      "sh": 0.37,
      "dd": -0.2218
    },
    "5Y_2018_2022": {
      "ret": 0.2936,
      "sh": 0.16,
      "dd": -0.2219
    },
    "5Y_2019_2023": {
      "ret": 0.3295,
      "sh": 0.21,
      "dd": -0.2357
    },
    "5Y_2020_2024": {
      "ret": 0.2785,
      "sh": 0.15,
      "dd": -0.2517
    },
    "5Y_2021_2025": {
      "ret": 0.2339,
      "sh": 0.08,
      "dd": -0.2796
    },
    "10Y_2015_2024": {
      "ret": 0.1303,
      "sh": -0.21,
      "dd": -0.2529
    }
  }
}