{
  "metrics": {
    "total_return": 0.4601667290087086,
    "cagr": 0.1349820830935582,
    "annual_volatility": 0.10587968976472427,
    "sharpe_ratio": 0.8823240656540586,
    "sortino_ratio": 1.3038746669477081,
    "calmar_ratio": 1.0333980601950619,
    "max_drawdown": -0.13061964047820962,
    "max_drawdown_date": "2025-04-08",
    "win_rate": 0.5486018641810919,
    "profit_factor": 1.255011778124375,
    "num_trading_days": 751,
    "skewness": 0.31994311310292434,
    "kurtosis": 8.905828586337364,
    "best_day": 0.05350217127064627,
    "worst_day": -0.03960410529016911,
    "avg_daily_return": 0.0005263649355825402,
    "black_swan_resilience": 84.5,
    "benchmark_total_return": 0.8628177193040827,
    "benchmark_cagr": 0.23130614737691846,
    "alpha": -0.09632406428336027,
    "beta": 0.4858980148715717,
    "information_ratio": -0.883925865200752,
    "tracking_error": 0.10897301241601717
  },
  "trade_metrics": {
    "num_trades": 190,
    "num_buys": 102,
    "num_sells": 88,
    "total_commission": 0.0,
    "total_slippage": 1720.771078025817,
    "total_transaction_costs": 1720.771078025817,
    "avg_trade_size": 9056.68988434641
  },
  "final_positions": {
    "WMT": {
      "qty": 96.0,
      "avg_cost": 96.73234159179339,
      "realized_pnl": 1802.6332229879417
    },
    "GE": {
      "qty": 74.0,
      "avg_cost": 250.95150179476352,
      "realized_pnl": 407.2431640625
    },
    "JPM": {
      "qty": 70.0,
      "avg_cost": 285.810014125279,
      "realized_pnl": 20.363525390625
    },
    "CAT": {
      "qty": 38.0,
      "avg_cost": 566.7340087890625,
      "realized_pnl": 0.0
    },
    "UPS": {
      "qty": 228.0,
      "avg_cost": 93.91036987304688,
      "realized_pnl": 0.0
    }
  },
  "source": "theme",
  "description": "Walmart principle: established companies adopting AI outperform tech builders",
  "rolling_windows": {
    "1Y_2015": {
      "ret": -0.08,
      "sh": -1.13,
      "dd": -0.1076
    },
    "1Y_2016": {
      "ret": 0.1936,
      "sh": 1.62,
      "dd": -0.0395
    },
    "1Y_2017": {
      "ret": 0.2625,
      "sh": 2.82,
      "dd": -0.0296
    },
    "1Y_2018": {
      "ret": -0.1551,
      "sh": -1.49,
      "dd": -0.2359
    },
    "1Y_2019": {
      "ret": 0.0046,
      "sh": -0.33,
      "dd": -0.12
    },
    "1Y_2020": {
      "ret": -0.0674,
      "sh": -0.27,
      "dd": -0.3069
    },
    "1Y_2021": {
      "ret": 0.1505,
      "sh": 0.92,
      "dd": -0.0732
    },
    "1Y_2022": {
      "ret": -0.1135,
      "sh": -1.4,
      "dd": -0.1603
    },
    "1Y_2023": {
      "ret": 0.018,
      "sh": -0.15,
      "dd": -0.0832
    },
    "1Y_2024": {
      "ret": 0.1814,
      "sh": 1.43,
      "dd": -0.0824
    },
    "1Y_2025": {
      "ret": 0.2109,
      "sh": 1.37,
      "dd": -0.1312
    },
    "3Y_2015_2017": {
      "ret": 0.3724,
      "sh": 0.79,
      "dd": -0.1256
    },
    "3Y_2016_2018": {
      "ret": 0.2774,
      "sh": 0.47,
      "dd": -0.2355
    },
    "3Y_2017_2019": {
      "ret": 0.0696,
      "sh": -0.11,
      "dd": -0.2645
    },
    "3Y_2018_2020": {
      "ret": -0.1965,
      "sh": -0.53,
      "dd": -0.4361
    },
    "3Y_2019_2021": {
      "ret": 0.0912,
      "sh": 0.03,
      "dd": -0.3255
    },
    "3Y_2020_2022": {
      "ret": -0.0514,
      "sh": -0.22,
      "dd": -0.3069
    },
    "3Y_2021_2023": {
      "ret": 0.0412,
      "sh": -0.17,
      "dd": -0.169
    },
    "3Y_2022_2024": {
      "ret": 0.0712,
      "sh": -0.1,
      "dd": -0.1603
    },
    "3Y_2023_2025": {
      "ret": 0.4602,
      "sh": 0.88,
      "dd": -0.1306
    },
    "5Y_2015_2019": {
      "ret": 0.1628,
      "sh": -0.04,
      "dd": -0.2647
    },
    "5Y_2016_2020": {
      "ret": 0.2142,
      "sh": 0.07,
      "dd": -0.4363
    },
    "5Y_2017_2021": {
      "ret": 0.1615,
      "sh": 0.02,
      "dd": -0.4365
    },
    "5Y_2018_2022": {
      "ret": -0.1833,
      "sh": -0.43,
      "dd": -0.4361
    },
    "5Y_2019_2023": {
      "ret": -0.0118,
      "sh": -0.19,
      "dd": -0.3255
    },
    "5Y_2020_2024": {
      "ret": 0.1475,
      "sh": 0.0,
      "dd": -0.3069
    },
    "5Y_2021_2025": {
      "ret": 0.4925,
      "sh": 0.43,
      "dd": -0.169
    },
    "10Y_2015_2024": {
      "ret": 0.3543,
      "sh": -0.0,
      "dd": -0.4363
    }
  }
}