{
  "metrics": {
    "total_return": 0.03590039201698647,
    "cagr": 0.011867235264545473,
    "annual_volatility": 0.09210408139380472,
    "sharpe_ratio": -0.2514068075523207,
    "sortino_ratio": -0.35812997659595036,
    "calmar_ratio": 0.06154944822518422,
    "max_drawdown": -0.19280815030425813,
    "max_drawdown_date": "2025-12-31",
    "win_rate": 0.36351531291611183,
    "profit_factor": 1.0386275756228323,
    "num_trading_days": 751,
    "skewness": 0.2211431569427276,
    "kurtosis": 5.609427686346786,
    "best_day": 0.03298688498299329,
    "worst_day": -0.02422466606841478,
    "avg_daily_return": 6.376258872080429e-05,
    "black_swan_resilience": 80.2,
    "benchmark_total_return": 0.8628177193040827,
    "benchmark_cagr": 0.23130614737691846,
    "alpha": -0.21943891211237299,
    "beta": 0.2170527908755449,
    "information_ratio": -1.485611037341289,
    "tracking_error": 0.14770953270856815
  },
  "trade_metrics": {
    "num_trades": 385,
    "num_buys": 170,
    "num_sells": 215,
    "total_commission": 0.0,
    "total_slippage": 5111.1939907455435,
    "total_transaction_costs": 5111.1939907455435,
    "avg_trade_size": 13275.828547391024
  },
  "final_positions": {
    "CRM": {
      "qty": 58.0,
      "avg_cost": 266.2300109863281,
      "realized_pnl": 0.0
    }
  },
  "source": "theme",
  "description": "The Amazons of AI: real-revenue application companies that survive the bust",
  "rolling_windows": {
    "1Y_2015": {
      "ret": -0.047,
      "sh": -0.88,
      "dd": -0.1545
    },
    "1Y_2016": {
      "ret": 0.006,
      "sh": -0.4,
      "dd": -0.0779
    },
    "1Y_2017": {
      "ret": 0.0152,
      "sh": -0.22,
      "dd": -0.086
    },
    "1Y_2018": {
      "ret": 0.0635,
      "sh": 0.24,
      "dd": -0.0787
    },
    "1Y_2019": {
      "ret": 0.0202,
      "sh": -0.13,
      "dd": -0.1196
    },
    "1Y_2020": {
      "ret": 0.2688,
      "sh": 1.27,
      "dd": -0.0948
    },
    "1Y_2021": {
      "ret": 0.0188,
      "sh": -0.13,
      "dd": -0.1228
    },
    "1Y_2022": {
      "ret": -0.0292,
      "sh": -3.15,
      "dd": -0.0301
    },
    "1Y_2023": {
      "ret": 0.2127,
      "sh": 1.44,
      "dd": -0.0759
    },
    "1Y_2024": {
      "ret": -0.064,
      "sh": -1.17,
      "dd": -0.1187
    },
    "1Y_2025": {
      "ret": -0.0839,
      "sh": -1.75,
      "dd": -0.1179
    },
    "3Y_2015_2017": {
      "ret": -0.0309,
      "sh": -0.53,
      "dd": -0.1545
    },
    "3Y_2016_2018": {
      "ret": 0.0924,
      "sh": -0.04,
      "dd": -0.0859
    },
    "3Y_2017_2019": {
      "ret": 0.1141,
      "sh": 0.03,
      "dd": -0.1199
    },
    "3Y_2018_2020": {
      "ret": 0.4036,
      "sh": 0.61,
      "dd": -0.1195
    },
    "3Y_2019_2021": {
      "ret": 0.3148,
      "sh": 0.46,
      "dd": -0.1237
    },
    "3Y_2020_2022": {
      "ret": 0.2247,
      "sh": 0.3,
      "dd": -0.1232
    },
    "3Y_2021_2023": {
      "ret": 0.1893,
      "sh": 0.25,
      "dd": -0.1228
    },
    "3Y_2022_2024": {
      "ret": 0.0983,
      "sh": -0.05,
      "dd": -0.1187
    },
    "3Y_2023_2025": {
      "ret": 0.0359,
      "sh": -0.25,
      "dd": -0.1928
    },
    "5Y_2015_2019": {
      "ret": 0.064,
      "sh": -0.21,
      "dd": -0.1545
    },
    "5Y_2016_2020": {
      "ret": 0.4422,
      "sh": 0.35,
      "dd": -0.1197
    },
    "5Y_2017_2021": {
      "ret": 0.438,
      "sh": 0.33,
      "dd": -0.1228
    },
    "5Y_2018_2022": {
      "ret": 0.3557,
      "sh": 0.24,
      "dd": -0.1231
    },
    "5Y_2019_2023": {
      "ret": 0.5347,
      "sh": 0.47,
      "dd": -0.1237
    },
    "5Y_2020_2024": {
      "ret": 0.3844,
      "sh": 0.29,
      "dd": -0.1232
    },
    "5Y_2021_2025": {
      "ret": 0.0159,
      "sh": -0.37,
      "dd": -0.1925
    },
    "10Y_2015_2024": {
      "ret": 0.495,
      "sh": 0.06,
      "dd": -0.1545
    }
  }
}