{
  "metrics": {
    "total_return": 1.0129217413432494,
    "cagr": 0.26364015289414877,
    "annual_volatility": 0.22177118573152327,
    "sharpe_ratio": 0.9959443505490254,
    "sortino_ratio": 1.3253237795056592,
    "calmar_ratio": 1.1584711020632075,
    "max_drawdown": -0.22757594248541235,
    "max_drawdown_date": "2025-04-25",
    "win_rate": 0.5379494007989347,
    "profit_factor": 1.2480764444528558,
    "num_trading_days": 751,
    "skewness": -2.678129802879723,
    "kurtosis": 32.300423023886694,
    "best_day": 0.04592660128368098,
    "worst_day": -0.17307231843197457,
    "avg_daily_return": 0.0010321250990764578,
    "black_swan_resilience": 62.8,
    "benchmark_total_return": 0.8628177193040827,
    "benchmark_cagr": 0.23130614737691846,
    "alpha": 0.03233400551723031,
    "beta": 0.6095209546997105,
    "information_ratio": 0.1541097706938345,
    "tracking_error": 0.20981152182405982
  },
  "trade_metrics": {
    "num_trades": 961,
    "num_buys": 473,
    "num_sells": 488,
    "total_commission": 0.0,
    "total_slippage": 9666.293568944933,
    "total_transaction_costs": 9666.293568944933,
    "avg_trade_size": 10058.578115447379
  },
  "final_positions": {
    "EQIX": {
      "qty": 0,
      "avg_cost": 0
    },
    "DLR": {
      "qty": 0,
      "avg_cost": 0
    },
    "VST": {
      "qty": 0,
      "avg_cost": 0
    },
    "CEG": {
      "qty": 0,
      "avg_cost": 0
    },
    "NRG": {
      "qty": 0,
      "avg_cost": 0
    },
    "VRT": {
      "qty": 0,
      "avg_cost": 0
    },
    "MOD": {
      "qty": 0,
      "avg_cost": 0
    },
    "ANET": {
      "qty": 0,
      "avg_cost": 0
    },
    "MRVL": {
      "qty": 0,
      "avg_cost": 0
    },
    "AMT": {
      "qty": 0,
      "avg_cost": 0
    },
    "CCI": {
      "qty": 0,
      "avg_cost": 0
    }
  },
  "source": "theme",
  "description": "Railroad builders of AI: data centers, power, cooling, networking",
  "rolling_windows": {
    "1Y_2015": {
      "ret": -0.1002,
      "sh": -2.18,
      "dd": -0.1244
    },
    "1Y_2016": {
      "ret": 0.061,
      "sh": 0.24,
      "dd": -0.0701
    },
    "1Y_2017": {
      "ret": 0.2466,
      "sh": 1.9,
      "dd": -0.0578
    },
    "1Y_2018": {
      "ret": -0.1057,
      "sh": -1.29,
      "dd": -0.1449
    },
    "1Y_2019": {
      "ret": -0.0431,
      "sh": -0.82,
      "dd": -0.1607
    },
    "1Y_2020": {
      "ret": 0.2295,
      "sh": 1.01,
      "dd": -0.118
    },
    "1Y_2021": {
      "ret": 0.3191,
      "sh": 1.85,
      "dd": -0.0913
    },
    "1Y_2022": {
      "ret": -0.2007,
      "sh": -2.07,
      "dd": -0.2026
    },
    "1Y_2023": {
      "ret": 0.4633,
      "sh": 2.33,
      "dd": -0.0695
    },
    "1Y_2024": {
      "ret": 0.4479,
      "sh": 1.51,
      "dd": -0.1262
    },
    "1Y_2025": {
      "ret": -0.0226,
      "sh": -0.1,
      "dd": -0.228
    },
    "3Y_2015_2017": {
      "ret": 0.1925,
      "sh": 0.26,
      "dd": -0.157
    },
    "3Y_2016_2018": {
      "ret": 0.1967,
      "sh": 0.25,
      "dd": -0.1449
    },
    "3Y_2017_2019": {
      "ret": 0.0707,
      "sh": -0.11,
      "dd": -0.1937
    },
    "3Y_2018_2020": {
      "ret": 0.0618,
      "sh": -0.07,
      "dd": -0.2043
    },
    "3Y_2019_2021": {
      "ret": 0.5335,
      "sh": 0.8,
      "dd": -0.1716
    },
    "3Y_2020_2022": {
      "ret": 0.2618,
      "sh": 0.33,
      "dd": -0.2059
    },
    "3Y_2021_2023": {
      "ret": 0.5388,
      "sh": 0.83,
      "dd": -0.2099
    },
    "3Y_2022_2024": {
      "ret": 0.6821,
      "sh": 0.84,
      "dd": -0.2062
    },
    "3Y_2023_2025": {
      "ret": 1.0129,
      "sh": 1.0,
      "dd": -0.2276
    },
    "5Y_2015_2019": {
      "ret": 0.024,
      "sh": -0.3,
      "dd": -0.1938
    },
    "5Y_2016_2020": {
      "ret": 0.4212,
      "sh": 0.31,
      "dd": -0.2039
    },
    "5Y_2017_2021": {
      "ret": 0.7134,
      "sh": 0.59,
      "dd": -0.2043
    },
    "5Y_2018_2022": {
      "ret": 0.0891,
      "sh": -0.1,
      "dd": -0.2063
    },
    "5Y_2019_2023": {
      "ret": 0.7886,
      "sh": 0.62,
      "dd": -0.2099
    },
    "5Y_2020_2024": {
      "ret": 1.6565,
      "sh": 0.99,
      "dd": -0.2093
    },
    "5Y_2021_2025": {
      "ret": 1.1151,
      "sh": 0.68,
      "dd": -0.2274
    },
    "10Y_2015_2024": {
      "ret": 1.7452,
      "sh": 0.51,
      "dd": -0.2094
    }
  }
}