{
  "metrics": {
    "total_return": 3.2913,
    "sharpe_ratio": 1.56,
    "max_drawdown": -0.3893
  },
  "final_positions": {
    "ETN": {
      "qty": 70.0,
      "avg_cost": 313.3528527655724,
      "realized_pnl": 5338.987169176004
    },
    "TSM": {
      "qty": 83.0,
      "avg_cost": 180.9691045197468,
      "realized_pnl": 13041.247000212232
    },
    "ARM": {
      "qty": 88.0,
      "avg_cost": 145.2414230808681,
      "realized_pnl": 12204.712417090508
    },
    "VRT": {
      "qty": 132.0,
      "avg_cost": 114.69078847464759,
      "realized_pnl": 4184.204449136876
    },
    "ANET": {
      "qty": 184.0,
      "avg_cost": 114.84699274085166,
      "realized_pnl": 405.16071308379213
    },
    "CEG": {
      "qty": 66.0,
      "avg_cost": 282.94488819909265,
      "realized_pnl": 4333.572719406711
    },
    "VST": {
      "qty": 136.0,
      "avg_cost": 152.27457878789255,
      "realized_pnl": 5093.518168339425
    },
    "AMD": {
      "qty": 108.0,
      "avg_cost": 131.9314771240386,
      "realized_pnl": 13405.589130531416
    },
    "EQIX": {
      "qty": 16.0,
      "avg_cost": 827.5233412522537,
      "realized_pnl": -1729.821913499099
    },
    "DLR": {
      "qty": 77.0,
      "avg_cost": 168.55016321084193,
      "realized_pnl": -1080.0115935317706
    },
    "AVGO": {
      "qty": 61.0,
      "avg_cost": 278.401777379653,
      "realized_pnl": 4070.272977043601
    },
    "ASML": {
      "qty": 22.0,
      "avg_cost": 1065.4146728515625,
      "realized_pnl": 190.27880859375
    },
    "AMAT": {
      "qty": 93.0,
      "avg_cost": 236.94944763183594,
      "realized_pnl": 769.2621459960938
    },
    "LRCX": {
      "qty": 153.0,
      "avg_cost": 160.78236389160156,
      "realized_pnl": -321.5858459472656
    },
    "MRVL": {
      "qty": 260.0,
      "avg_cost": 90.30502319335938,
      "realized_pnl": 73.67716979980469
    },
    "NVDA": {
      "qty": 131.0,
      "avg_cost": 179.90025329589844,
      "realized_pnl": 0.0
    },
    "CLS": {
      "qty": 74.0,
      "avg_cost": 318.3699951171875,
      "realized_pnl": 0.0
    },
    "MU": {
      "qty": 98.0,
      "avg_cost": 240.26197814941406,
      "realized_pnl": 0.0
    }
  },
  "rolling_windows": {
    "1Y_2015": {
      "ret": 0.0518,
      "sh": 0.15,
      "dd": -0.1792
    },
    "1Y_2016": {
      "ret": 0.6674,
      "sh": 2.3,
      "dd": -0.1385
    },
    "1Y_2017": {
      "ret": 0.4404,
      "sh": 2.08,
      "dd": -0.0907
    },
    "1Y_2018": {
      "ret": -0.0769,
      "sh": -0.42,
      "dd": -0.242
    },
    "1Y_2019": {
      "ret": 0.4958,
      "sh": 2.01,
      "dd": -0.1074
    },
    "1Y_2020": {
      "ret": 0.439,
      "sh": 1.06,
      "dd": -0.316
    },
    "1Y_2021": {
      "ret": 0.4854,
      "sh": 1.69,
      "dd": -0.1314
    },
    "1Y_2022": {
      "ret": -0.2783,
      "sh": -0.94,
      "dd": -0.3818
    },
    "1Y_2023": {
      "ret": 0.7713,
      "sh": 2.46,
      "dd": -0.089
    },
    "1Y_2024": {
      "ret": 0.685,
      "sh": 1.68,
      "dd": -0.2305
    },
    "1Y_2025": {
      "ret": 0.4577,
      "sh": 1.06,
      "dd": -0.3897
    },
    "3Y_2015_2017": {
      "ret": 1.4934,
      "sh": 1.51,
      "dd": -0.1792
    },
    "3Y_2016_2018": {
      "ret": 1.2605,
      "sh": 1.25,
      "dd": -0.2421
    },
    "3Y_2017_2019": {
      "ret": 1.0273,
      "sh": 1.11,
      "dd": -0.2422
    },
    "3Y_2018_2020": {
      "ret": 1.0314,
      "sh": 0.86,
      "dd": -0.3161
    },
    "3Y_2019_2021": {
      "ret": 2.2415,
      "sh": 1.42,
      "dd": -0.3154
    },
    "3Y_2020_2022": {
      "ret": 0.5478,
      "sh": 0.5,
      "dd": -0.3851
    },
    "3Y_2021_2023": {
      "ret": 0.9029,
      "sh": 0.79,
      "dd": -0.3849
    },
    "3Y_2022_2024": {
      "ret": 1.0588,
      "sh": 0.83,
      "dd": -0.3818
    },
    "3Y_2023_2025": {
      "ret": 3.2913,
      "sh": 1.56,
      "dd": -0.3893
    },
    "5Y_2015_2019": {
      "ret": 2.5091,
      "sh": 1.18,
      "dd": -0.2422
    },
    "5Y_2016_2020": {
      "ret": 3.9719,
      "sh": 1.28,
      "dd": -0.3155
    },
    "5Y_2017_2021": {
      "ret": 3.3929,
      "sh": 1.17,
      "dd": -0.3152
    },
    "5Y_2018_2022": {
      "ret": 1.1874,
      "sh": 0.56,
      "dd": -0.385
    },
    "5Y_2019_2023": {
      "ret": 3.159,
      "sh": 1.02,
      "dd": -0.385
    },
    "5Y_2020_2024": {
      "ret": 3.4222,
      "sh": 1.01,
      "dd": -0.3851
    },
    "5Y_2021_2025": {
      "ret": 3.6085,
      "sh": 1.02,
      "dd": -0.3893
    },
    "10Y_2015_2024": {
      "ret": 14.8541,
      "sh": 1.06,
      "dd": -0.3849
    }
  },
  "source": "ai_ecosystem_backtest"
}