{
  "metrics": {
    "total_return": 2.4734,
    "sharpe_ratio": 1.54,
    "max_drawdown": -0.3178
  },
  "final_positions": {
    "TSM": {
      "qty": 26.0,
      "avg_cost": 214.64091322264449,
      "realized_pnl": 9625.155427748718
    },
    "ETN": {
      "qty": 11.0,
      "avg_cost": 332.4709489168139,
      "realized_pnl": 2551.8310270742104
    },
    "QCOM": {
      "qty": 23.0,
      "avg_cost": 154.1881559721056,
      "realized_pnl": 1132.3910486621412
    },
    "AMZN": {
      "qty": 48.0,
      "avg_cost": 229.39250098793673,
      "realized_pnl": 2919.2702613491806
    },
    "ORCL": {
      "qty": 19.0,
      "avg_cost": 205.86843742859438,
      "realized_pnl": 3107.032873399151
    },
    "GTLB": {
      "qty": 91.0,
      "avg_cost": 50.526028549399264,
      "realized_pnl": 62.79867077975541
    },
    "ARM": {
      "qty": 28.0,
      "avg_cost": 136.76631856562202,
      "realized_pnl": 4067.2015258554816
    },
    "CRM": {
      "qty": 24.0,
      "avg_cost": 263.1308233242551,
      "realized_pnl": -642.5337021319408
    },
    "MSFT": {
      "qty": 12.0,
      "avg_cost": 472.45814792380037,
      "realized_pnl": 368.528475769197
    },
    "ADBE": {
      "qty": 12.0,
      "avg_cost": 396.187197897736,
      "realized_pnl": -1820.403313947872
    },
    "NOW": {
      "qty": 23.0,
      "avg_cost": 175.44781630511446,
      "realized_pnl": 916.9558571709533
    },
    "ANET": {
      "qty": 73.0,
      "avg_cost": 96.64924569442722,
      "realized_pnl": 1481.7023621458243
    },
    "CEG": {
      "qty": 21.0,
      "avg_cost": 295.1538178304362,
      "realized_pnl": 3507.449626343458
    },
    "VST": {
      "qty": 43.0,
      "avg_cost": 165.72964101951166,
      "realized_pnl": 3848.6572710533565
    },
    "PATH": {
      "qty": 266.0,
      "avg_cost": 12.610488458153533,
      "realized_pnl": 286.9700652142991
    },
    "INTC": {
      "qty": 188.0,
      "avg_cost": 22.96634067887071,
      "realized_pnl": 1371.002028477914
    },
    "IBM": {
      "qty": 25.0,
      "avg_cost": 262.2885299278262,
      "realized_pnl": -108.77158456801675
    },
    "META": {
      "qty": 6.0,
      "avg_cost": 663.1951751708984,
      "realized_pnl": -242.37606811523438
    },
    "ACN": {
      "qty": 29.0,
      "avg_cost": 271.15941752898385,
      "realized_pnl": -321.0334010588816
    },
    "PLTR": {
      "qty": 22.0,
      "avg_cost": 98.52458796378895,
      "realized_pnl": 2522.6509739606804
    },
    "VRT": {
      "qty": 105.0,
      "avg_cost": 123.95499932595958,
      "realized_pnl": 3403.690181911303
    },
    "EQIX": {
      "qty": 13.0,
      "avg_cost": 830.3845029084579,
      "realized_pnl": -1571.5236179517663
    },
    "AMD": {
      "qty": 43.0,
      "avg_cost": 154.61231127652252,
      "realized_pnl": 4475.159150210295
    },
    "DLR": {
      "qty": 37.0,
      "avg_cost": 167.50161651549217,
      "realized_pnl": -390.60708956155577
    },
    "NRG": {
      "qty": 23.0,
      "avg_cost": 159.63664773581684,
      "realized_pnl": -3.245819727579459
    },
    "AVGO": {
      "qty": 59.0,
      "avg_cost": 270.1668972439236,
      "realized_pnl": 1107.2229749891496
    },
    "ASML": {
      "qty": 14.0,
      "avg_cost": 1065.4146728515625,
      "realized_pnl": 0.0
    },
    "MRVL": {
      "qty": 124.0,
      "avg_cost": 90.30502319335938,
      "realized_pnl": 0.7294769287109375
    },
    "AMAT": {
      "qty": 30.0,
      "avg_cost": 236.94944763183594,
      "realized_pnl": 34.966461181640625
    },
    "LRCX": {
      "qty": 49.0,
      "avg_cost": 160.51984483368543,
      "realized_pnl": 0.0
    },
    "SMCI": {
      "qty": 112.0,
      "avg_cost": 50.75,
      "realized_pnl": -624.2400054931641
    },
    "SMH": {
      "qty": 21.0,
      "avg_cost": 364.9643859863281,
      "realized_pnl": 0.0
    },
    "SOXX": {
      "qty": 25.0,
      "avg_cost": 307.28177978515623,
      "realized_pnl": 0.0
    },
    "MU": {
      "qty": 62.0,
      "avg_cost": 240.26197814941406,
      "realized_pnl": 0.0
    },
    "NVDA": {
      "qty": 63.0,
      "avg_cost": 179.90025329589844,
      "realized_pnl": 0.0
    },
    "SNOW": {
      "qty": 45.0,
      "avg_cost": 252.0,
      "realized_pnl": 0.0
    },
    "GOOGL": {
      "qty": 36.0,
      "avg_cost": 314.4627990722656,
      "realized_pnl": 0.0
    },
    "CLS": {
      "qty": 24.0,
      "avg_cost": 318.3699951171875,
      "realized_pnl": 0.0
    },
    "DELL": {
      "qty": 57.0,
      "avg_cost": 131.51463317871094,
      "realized_pnl": 0.0
    },
    "HPE": {
      "qty": 346.0,
      "avg_cost": 21.669111251831055,
      "realized_pnl": 0.0
    }
  },
  "rolling_windows": {
    "10Y_2015_2024": {
      "ret": 10.0479,
      "sh": 1.0,
      "dd": -0.3954
    },
    "1Y_2015": {
      "ret": 0.0775,
      "sh": 0.3,
      "dd": -0.1485
    },
    "1Y_2016": {
      "ret": 0.4911,
      "sh": 2.05,
      "dd": -0.1328
    },
    "1Y_2017": {
      "ret": 0.4085,
      "sh": 2.36,
      "dd": -0.072
    },
    "1Y_2018": {
      "ret": -0.0205,
      "sh": -0.18,
      "dd": -0.2246
    },
    "1Y_2019": {
      "ret": 0.3923,
      "sh": 1.87,
      "dd": -0.1094
    },
    "1Y_2020": {
      "ret": 0.4461,
      "sh": 1.14,
      "dd": -0.2846
    },
    "1Y_2021": {
      "ret": 0.3709,
      "sh": 1.61,
      "dd": -0.1032
    },
    "1Y_2022": {
      "ret": -0.3302,
      "sh": -1.24,
      "dd": -0.3905
    },
    "1Y_2023": {
      "ret": 0.8113,
      "sh": 2.65,
      "dd": -0.0829
    },
    "1Y_2024": {
      "ret": 0.484,
      "sh": 1.5,
      "dd": -0.1809
    },
    "1Y_2025": {
      "ret": 0.2815,
      "sh": 0.83,
      "dd": -0.3176
    },
    "3Y_2015_2017": {
      "ret": 1.2325,
      "sh": 1.48,
      "dd": -0.162
    },
    "3Y_2016_2018": {
      "ret": 1.0904,
      "sh": 1.24,
      "dd": -0.2251
    },
    "3Y_2017_2019": {
      "ret": 0.951,
      "sh": 1.15,
      "dd": -0.225
    },
    "3Y_2018_2020": {
      "ret": 1.0124,
      "sh": 0.9,
      "dd": -0.285
    },
    "3Y_2019_2021": {
      "ret": 1.7748,
      "sh": 1.36,
      "dd": -0.2845
    },
    "3Y_2020_2022": {
      "ret": 0.3194,
      "sh": 0.33,
      "dd": -0.3956
    },
    "3Y_2021_2023": {
      "ret": 0.6564,
      "sh": 0.65,
      "dd": -0.3951
    },
    "3Y_2022_2024": {
      "ret": 0.7817,
      "sh": 0.7,
      "dd": -0.3905
    },
    "3Y_2023_2025": {
      "ret": 2.4734,
      "sh": 1.54,
      "dd": -0.3178
    },
    "5Y_2015_2019": {
      "ret": 2.0927,
      "sh": 1.16,
      "dd": -0.225
    },
    "5Y_2016_2020": {
      "ret": 3.2918,
      "sh": 1.26,
      "dd": -0.2848
    },
    "5Y_2017_2021": {
      "ret": 2.8858,
      "sh": 1.17,
      "dd": -0.2846
    },
    "5Y_2018_2022": {
      "ret": 0.8367,
      "sh": 0.45,
      "dd": -0.3957
    },
    "5Y_2019_2023": {
      "ret": 2.3537,
      "sh": 0.92,
      "dd": -0.3954
    },
    "5Y_2020_2024": {
      "ret": 2.51,
      "sh": 0.92,
      "dd": -0.3956
    },
    "5Y_2021_2025": {
      "ret": 2.1816,
      "sh": 0.86,
      "dd": -0.3951
    }
  },
  "source": "ai_mega_ecosystem_backtest"
}