{
  "metrics": {
    "total_return": 1.83556467477558,
    "cagr": 0.41867977946287627,
    "annual_volatility": 0.24050115902905153,
    "sharpe_ratio": 1.411179543496325,
    "sortino_ratio": 2.581184410466669,
    "calmar_ratio": 1.9027271720449896,
    "max_drawdown": -0.22004194064926963,
    "max_drawdown_date": "2024-09-06 00:00:00",
    "win_rate": 0.38748335552596536,
    "profit_factor": 1.3780233012474257,
    "num_trading_days": 751,
    "skewness": 0.7473391876389974,
    "kurtosis": 4.661673540742529,
    "best_day": 0.08878212963420196,
    "worst_day": -0.059040287586626716,
    "avg_daily_return": 0.0015024368302871119,
    "benchmark_total_return": 0.2866220704304123,
    "benchmark_cagr": 0.08824471375349763,
    "alpha": 0.33043506570937864,
    "beta": 0.6435287362584411,
    "information_ratio": 1.4922664195425723,
    "tracking_error": 0.22143168363372245
  },
  "trade_metrics": {
    "num_trades": 964,
    "num_buys": 463,
    "num_sells": 501,
    "total_commission": 0.0,
    "total_slippage": 12933.710745575434,
    "total_transaction_costs": 12933.710745575434,
    "avg_trade_size": 13416.712391675755
  }
}