{
  "metrics": {
    "total_return": 0.28315409328269237,
    "cagr": 0.08696831197223154,
    "annual_volatility": 0.08833415694854158,
    "sharpe_ratio": 0.5472895795925004,
    "sortino_ratio": 0.7898223903539601,
    "calmar_ratio": 0.8394374350230233,
    "max_drawdown": -0.10360308981198374,
    "max_drawdown_date": "2023-10-25",
    "win_rate": 0.5406125166444741,
    "profit_factor": 1.1816380024558946,
    "num_trading_days": 751,
    "skewness": 0.09282952550476516,
    "kurtosis": 2.4541595581511375,
    "best_day": 0.03399025568364089,
    "worst_day": -0.022133494889135852,
    "avg_daily_return": 0.00034749257556914077,
    "black_swan_resilience": 83.1,
    "benchmark_total_return": 0.8628177193040827,
    "benchmark_cagr": 0.23130614737691846,
    "alpha": -0.14433783540468692,
    "beta": 0.3428649848271056,
    "information_ratio": -1.1704073141204658,
    "tracking_error": 0.12332273872805852
  },
  "trade_metrics": {
    "num_trades": 158,
    "num_buys": 76,
    "num_sells": 82,
    "total_commission": 0.0,
    "total_slippage": 167.47348997116094,
    "total_transaction_costs": 167.47348997116094,
    "avg_trade_size": 1059.9587972858285
  },
  "final_positions": {
    "TLT": {
      "qty": 559.0,
      "avg_cost": 87.64431959484551,
      "realized_pnl": 28.99428700251717
    },
    "VTI": {
      "qty": 110.0,
      "avg_cost": 192.95622255729282,
      "realized_pnl": 4137.236651102013
    },
    "IEF": {
      "qty": 192.0,
      "avg_cost": 87.10777024520142,
      "realized_pnl": 47.18962114849553
    },
    "GLD": {
      "qty": 24.0,
      "avg_cost": 184.51267196839527,
      "realized_pnl": 2067.474232221954
    },
    "DBC": {
      "qty": 410.0,
      "avg_cost": 20.81414550144852,
      "realized_pnl": 69.76519361879681
    }
  },
  "source": "portfolio",
  "description": "30/40/15/7.5/7.5 stocks/long bonds/mid bonds/gold/commodities",
  "rolling_windows": {
    "1Y_2015": {
      "ret": -0.0311,
      "sh": -0.99,
      "dd": -0.0684
    },
    "1Y_2016": {
      "ret": 0.0657,
      "sh": 0.44,
      "dd": -0.0705
    },
    "1Y_2017": {
      "ret": 0.1067,
      "sh": 1.4,
      "dd": -0.0257
    },
    "1Y_2018": {
      "ret": -0.0234,
      "sh": -1.09,
      "dd": -0.0563
    },
    "1Y_2019": {
      "ret": 0.1735,
      "sh": 2.32,
      "dd": -0.0284
    },
    "1Y_2020": {
      "ret": 0.1644,
      "sh": 1.1,
      "dd": -0.1355
    },
    "1Y_2021": {
      "ret": 0.0754,
      "sh": 0.51,
      "dd": -0.05
    },
    "1Y_2022": {
      "ret": -0.1794,
      "sh": -1.78,
      "dd": -0.2183
    },
    "1Y_2023": {
      "ret": 0.0868,
      "sh": 0.5,
      "dd": -0.1036
    },
    "1Y_2024": {
      "ret": 0.0572,
      "sh": 0.25,
      "dd": -0.042
    },
    "1Y_2025": {
      "ret": 0.1198,
      "sh": 0.95,
      "dd": -0.0648
    },
    "3Y_2015_2017": {
      "ret": 0.1463,
      "sh": 0.14,
      "dd": -0.0767
    },
    "3Y_2016_2018": {
      "ret": 0.1542,
      "sh": 0.19,
      "dd": -0.0705
    },
    "3Y_2017_2019": {
      "ret": 0.27,
      "sh": 0.81,
      "dd": -0.0563
    },
    "3Y_2018_2020": {
      "ret": 0.3482,
      "sh": 0.83,
      "dd": -0.1356
    },
    "3Y_2019_2021": {
      "ret": 0.4754,
      "sh": 1.16,
      "dd": -0.1356
    },
    "3Y_2020_2022": {
      "ret": 0.0145,
      "sh": -0.27,
      "dd": -0.2316
    },
    "3Y_2021_2023": {
      "ret": -0.0442,
      "sh": -0.47,
      "dd": -0.2316
    },
    "3Y_2022_2024": {
      "ret": -0.0565,
      "sh": -0.5,
      "dd": -0.2183
    },
    "3Y_2023_2025": {
      "ret": 0.2832,
      "sh": 0.55,
      "dd": -0.1036
    },
    "5Y_2015_2019": {
      "ret": 0.3154,
      "sh": 0.3,
      "dd": -0.0767
    },
    "5Y_2016_2020": {
      "ret": 0.5934,
      "sh": 0.82,
      "dd": -0.1357
    },
    "5Y_2017_2021": {
      "ret": 0.5972,
      "sh": 0.81,
      "dd": -0.1357
    },
    "5Y_2018_2022": {
      "ret": 0.1745,
      "sh": -0.03,
      "dd": -0.2316
    },
    "5Y_2019_2023": {
      "ret": 0.3118,
      "sh": 0.21,
      "dd": -0.2315
    },
    "5Y_2020_2024": {
      "ret": 0.1666,
      "sh": -0.03,
      "dd": -0.2316
    },
    "5Y_2021_2025": {
      "ret": 0.128,
      "sh": -0.11,
      "dd": -0.2316
    },
    "10Y_2015_2024": {
      "ret": 0.5466,
      "sh": 0.1,
      "dd": -0.2315
    }
  },
  "composite_score": 0.1101,
  "hodl_composite": 0.1633,
  "consistency_score": 0.6785714285714286
}