{
  "metrics": {
    "total_return": 3.0231,
    "sharpe_ratio": 1.78,
    "max_drawdown": -0.3166
  },
  "final_positions": {
    "AMZN": {
      "qty": 255.0,
      "avg_cost": 231.460315309155,
      "realized_pnl": 15207.37149270173
    },
    "GTLB": {
      "qty": 181.0,
      "avg_cost": 50.832921900573794,
      "realized_pnl": -305.34092466191396
    },
    "CRM": {
      "qty": 64.0,
      "avg_cost": 263.160344658348,
      "realized_pnl": -2867.389644746589
    },
    "MSFT": {
      "qty": 31.0,
      "avg_cost": 487.67328650512474,
      "realized_pnl": 758.0850164245007
    },
    "ANET": {
      "qty": 87.0,
      "avg_cost": 116.44695303143037,
      "realized_pnl": 2092.5925553360066
    },
    "CEG": {
      "qty": 21.0,
      "avg_cost": 320.74409180127464,
      "realized_pnl": 3260.7272614449284
    },
    "VST": {
      "qty": 43.0,
      "avg_cost": 164.79064103197518,
      "realized_pnl": 3406.4069119091128
    },
    "ACN": {
      "qty": 58.0,
      "avg_cost": 264.56321194532444,
      "realized_pnl": -829.6842015559512
    },
    "VRT": {
      "qty": 125.0,
      "avg_cost": 136.57068818558093,
      "realized_pnl": 4227.069208012072
    },
    "EQIX": {
      "qty": 15.0,
      "avg_cost": 828.9949489284206,
      "realized_pnl": -2940.8160004486913
    },
    "AVGO": {
      "qty": 116.0,
      "avg_cost": 295.93200325195886,
      "realized_pnl": 5607.250011504571
    },
    "GOOGL": {
      "qty": 190.0,
      "avg_cost": 314.4627990722656,
      "realized_pnl": 0.0
    },
    "NVDA": {
      "qty": 166.0,
      "avg_cost": 179.90025329589844,
      "realized_pnl": 0.0
    },
    "MU": {
      "qty": 93.0,
      "avg_cost": 240.26197814941406,
      "realized_pnl": 0.0
    },
    "CLS": {
      "qty": 70.0,
      "avg_cost": 318.3699951171875,
      "realized_pnl": 0.0
    },
    "SNOW": {
      "qty": 59.0,
      "avg_cost": 252.0,
      "realized_pnl": 0.0
    }
  },
  "rolling_windows": {
    "1Y_2015": {
      "ret": 0.3317,
      "sh": 1.51,
      "dd": -0.101
    },
    "1Y_2016": {
      "ret": 0.397,
      "sh": 1.79,
      "dd": -0.148
    },
    "1Y_2017": {
      "ret": 0.4354,
      "sh": 2.41,
      "dd": -0.07
    },
    "1Y_2018": {
      "ret": 0.0073,
      "sh": -0.03,
      "dd": -0.2287
    },
    "1Y_2019": {
      "ret": 0.2284,
      "sh": 1.14,
      "dd": -0.1409
    },
    "1Y_2020": {
      "ret": 0.4694,
      "sh": 1.23,
      "dd": -0.2788
    },
    "1Y_2021": {
      "ret": 0.4803,
      "sh": 2.04,
      "dd": -0.1072
    },
    "1Y_2022": {
      "ret": -0.3556,
      "sh": -1.28,
      "dd": -0.3809
    },
    "1Y_2023": {
      "ret": 0.8553,
      "sh": 2.85,
      "dd": -0.0822
    },
    "1Y_2024": {
      "ret": 0.6127,
      "sh": 1.91,
      "dd": -0.1658
    },
    "1Y_2025": {
      "ret": 0.3338,
      "sh": 0.98,
      "dd": -0.3161
    },
    "3Y_2015_2017": {
      "ret": 1.6115,
      "sh": 1.81,
      "dd": -0.1791
    },
    "3Y_2016_2018": {
      "ret": 1.0483,
      "sh": 1.2,
      "dd": -0.2285
    },
    "3Y_2017_2019": {
      "ret": 0.8063,
      "sh": 0.99,
      "dd": -0.2286
    },
    "3Y_2018_2020": {
      "ret": 0.8546,
      "sh": 0.81,
      "dd": -0.2786
    },
    "3Y_2019_2021": {
      "ret": 1.6827,
      "sh": 1.36,
      "dd": -0.2788
    },
    "3Y_2020_2022": {
      "ret": 0.3876,
      "sh": 0.39,
      "dd": -0.3878
    },
    "3Y_2021_2023": {
      "ret": 0.7297,
      "sh": 0.69,
      "dd": -0.3933
    },
    "3Y_2022_2024": {
      "ret": 0.8823,
      "sh": 0.77,
      "dd": -0.3847
    },
    "3Y_2023_2025": {
      "ret": 3.0231,
      "sh": 1.78,
      "dd": -0.3166
    },
    "5Y_2015_2019": {
      "ret": 2.2873,
      "sh": 1.22,
      "dd": -0.2286
    },
    "5Y_2016_2020": {
      "ret": 2.77,
      "sh": 1.17,
      "dd": -0.2787
    },
    "5Y_2017_2021": {
      "ret": 2.9424,
      "sh": 1.21,
      "dd": -0.2788
    },
    "5Y_2018_2022": {
      "ret": 0.7508,
      "sh": 0.41,
      "dd": -0.3879
    },
    "5Y_2019_2023": {
      "ret": 2.1396,
      "sh": 0.88,
      "dd": -0.3926
    },
    "5Y_2020_2024": {
      "ret": 3.0506,
      "sh": 1.03,
      "dd": -0.3923
    },
    "5Y_2021_2025": {
      "ret": 2.7517,
      "sh": 0.99,
      "dd": -0.3933
    },
    "10Y_2015_2024": {
      "ret": 12.5418,
      "sh": 1.1,
      "dd": -0.3923
    }
  },
  "source": "ai_ecosystem_backtest"
}