{
  "metrics": {
    "total_return": 0.03244799803261489,
    "cagr": 0.010738022613950404,
    "annual_volatility": 0.09747701144494136,
    "sharpe_ratio": -0.2437615453261728,
    "sortino_ratio": -0.34144479209415574,
    "calmar_ratio": 0.09248613926120931,
    "max_drawdown": -0.11610412868054665,
    "max_drawdown_date": "2023-10-12",
    "win_rate": 0.48601864181091875,
    "profit_factor": 1.0289791947237943,
    "num_trading_days": 751,
    "skewness": -0.13123865744257854,
    "kurtosis": 2.9737092453428478,
    "best_day": 0.026628826894091517,
    "worst_day": -0.027622880899988544,
    "avg_daily_return": 6.135959714207257e-05,
    "black_swan_resilience": 79.6,
    "benchmark_total_return": 0.8628177193040827,
    "benchmark_cagr": 0.23130614737691846,
    "alpha": -0.22056812476296805,
    "beta": 0.1076166127716389,
    "information_ratio": -1.3182808371388137,
    "tracking_error": 0.1673149745859064
  },
  "trade_metrics": {
    "num_trades": 243,
    "num_buys": 142,
    "num_sells": 101,
    "total_commission": 0.0,
    "total_slippage": 1823.9087469215401,
    "total_transaction_costs": 1823.9087469215401,
    "avg_trade_size": 7505.797312434318
  },
  "final_positions": {
    "DPZ": {
      "qty": 30.0,
      "avg_cost": 424.2913513183594,
      "realized_pnl": 3716.0534057617215
    },
    "HRL": {
      "qty": 551.0,
      "avg_cost": 26.56442815034286,
      "realized_pnl": -890.7659468576194
    },
    "SJM": {
      "qty": 124.0,
      "avg_cost": 102.06847381591797,
      "realized_pnl": 4818.764732360839
    },
    "CPB": {
      "qty": 428.0,
      "avg_cost": 35.1467842231166,
      "realized_pnl": -2007.9724512152034
    },
    "CAG": {
      "qty": 732.0,
      "avg_cost": 21.460604419256605,
      "realized_pnl": -391.95547167460234
    },
    "MDLZ": {
      "qty": 229.0,
      "avg_cost": 55.64066527920519,
      "realized_pnl": -92.95008087158007
    }
  },
  "source": "unconventional",
  "description": "Consumer staples oversold on GLP-1 fears \u2014 buy the overreaction, collect dividends",
  "horizon": "3Y (2023-2025)",
  "composite_score": 0.1622,
  "consistency_score": 0.75,
  "n_windows_tested": 12,
  "avg_1Y_return": 0.0679,
  "avg_3Y_return": 0.2414,
  "avg_5Y_return": 0.4466,
  "avg_10Y_return": null,
  "rolling_windows": {
    "1Y_2023": {
      "ret": 0.0323,
      "sh": -0.02,
      "dd": -0.1161
    },
    "1Y_2024": {
      "ret": 0.0455,
      "sh": 0.11,
      "dd": -0.0457
    },
    "1Y_2025": {
      "ret": -0.0546,
      "sh": -0.75,
      "dd": -0.0961
    },
    "3Y_2022_2024": {
      "ret": 0.1696,
      "sh": 0.19,
      "dd": -0.1162
    },
    "3Y_2023_2025": {
      "ret": 0.0324,
      "sh": -0.24,
      "dd": -0.1161
    },
    "5Y_2020_2024": {
      "ret": 0.5719,
      "sh": 0.48,
      "dd": -0.242
    },
    "1Y_2020": {
      "ret": 0.1242,
      "sh": 0.46,
      "dd": -0.242
    },
    "1Y_2021": {
      "ret": 0.1866,
      "sh": 2.09,
      "dd": -0.0241
    },
    "1Y_2022": {
      "ret": 0.0732,
      "sh": 0.39,
      "dd": -0.0648
    },
    "3Y_2020_2022": {
      "ret": 0.4425,
      "sh": 0.65,
      "dd": -0.242
    },
    "3Y_2021_2023": {
      "ret": 0.3209,
      "sh": 0.66,
      "dd": -0.1161
    },
    "5Y_2021_2025": {
      "ret": 0.3214,
      "sh": 0.23,
      "dd": -0.1161
    }
  }
}