{
  "metrics": {
    "total_return": 0.06706995859535314,
    "cagr": 0.021950600501935646,
    "annual_volatility": 0.040376977416234396,
    "sharpe_ratio": -0.4124213196613537,
    "sortino_ratio": -0.5727987187568078,
    "calmar_ratio": 0.4388697096168754,
    "max_drawdown": -0.05001621214892704,
    "max_drawdown_date": "2024-11-15",
    "win_rate": 0.13430851063829788,
    "profit_factor": 1.2351614447815487,
    "num_trading_days": 752,
    "skewness": -1.7773647977876603,
    "kurtosis": 40.683973867004234,
    "best_day": 0.014886037476989689,
    "worst_day": -0.031257043853361255,
    "avg_daily_return": 8.956920283118319e-05,
    "benchmark_total_return": 0.28194132237102565,
    "benchmark_cagr": 0.08662457909976418,
    "alpha": -0.06467397859782853,
    "beta": 0.10651239107937996,
    "information_ratio": -0.403017125763303,
    "tracking_error": 0.1604745169956186
  },
  "trade_metrics": {
    "num_trades": 28,
    "num_buys": 14,
    "num_sells": 14,
    "total_commission": 0.0,
    "total_slippage": 353.76024016571046,
    "total_transaction_costs": 353.76024016571046,
    "avg_trade_size": 12634.294291632516
  },
  "final_positions": {
    "AAPL": {
      "qty": 0,
      "avg_cost": 0
    },
    "MSFT": {
      "qty": 0,
      "avg_cost": 0
    },
    "GOOGL": {
      "qty": 0,
      "avg_cost": 0
    },
    "AMZN": {
      "qty": 0,
      "avg_cost": 0
    },
    "META": {
      "qty": 0,
      "avg_cost": 0
    },
    "JPM": {
      "qty": 0,
      "avg_cost": 0
    },
    "BAC": {
      "qty": 0,
      "avg_cost": 0
    },
    "GS": {
      "qty": 0,
      "avg_cost": 0
    },
    "C": {
      "qty": 0,
      "avg_cost": 0
    },
    "WFC": {
      "qty": 0,
      "avg_cost": 0
    }
  },
  "source": "famous",
  "description": "Father of value investing: buy extreme oversold with capitulation volume"
}