{
  "metrics": {
    "total_return": 0.6792883218193217,
    "cagr": 0.1893220048297466,
    "annual_volatility": 0.11606381521694979,
    "sharpe_ratio": 1.2188478842456305,
    "sortino_ratio": 1.8520167907285117,
    "calmar_ratio": 1.5937866870222983,
    "max_drawdown": -0.1187875431331783,
    "max_drawdown_date": "2025-04-08",
    "win_rate": 0.5765645805592543,
    "profit_factor": 1.3433426296733124,
    "num_trading_days": 751,
    "skewness": 1.1718654677410487,
    "kurtosis": 21.419861430890812,
    "best_day": 0.08006372201339418,
    "worst_day": -0.041819348519747446,
    "avg_daily_return": 0.0007170154803097352,
    "black_swan_resilience": 93.6,
    "benchmark_total_return": 0.8628177193040827,
    "benchmark_cagr": 0.23130614737691846,
    "alpha": -0.041984142547171865,
    "beta": 0.6335012250977535,
    "information_ratio": -0.4955087611717397,
    "tracking_error": 0.08472936471979044
  },
  "trade_metrics": {
    "num_trades": 339,
    "num_buys": 185,
    "num_sells": 154,
    "total_commission": 0.0,
    "total_slippage": 1916.2830924568177,
    "total_transaction_costs": 1916.2830924568177,
    "avg_trade_size": 5652.752485123356
  },
  "final_positions": {
    "TLT": {
      "qty": 214.0,
      "avg_cost": 85.43315768824407,
      "realized_pnl": -436.28105372699906
    },
    "INDA": {
      "qty": 345.0,
      "avg_cost": 55.354160525127014,
      "realized_pnl": -1029.361295466925
    },
    "BRK-B": {
      "qty": 37.0,
      "avg_cost": 498.7763532142499,
      "realized_pnl": -112.67489445165819
    },
    "V": {
      "qty": 57.0,
      "avg_cost": 352.1072010104939,
      "realized_pnl": -173.00853043895654
    },
    "META": {
      "qty": 29.0,
      "avg_cost": 708.4490139868951,
      "realized_pnl": -137.29817445816525
    },
    "UNH": {
      "qty": 59.0,
      "avg_cost": 342.60152848040474,
      "realized_pnl": -48.05358186315323
    },
    "MSFT": {
      "qty": 39.0,
      "avg_cost": 485.6315612792969,
      "realized_pnl": 0.0
    },
    "AMZN": {
      "qty": 80.0,
      "avg_cost": 233.8800048828125,
      "realized_pnl": 0.0
    }
  },
  "source": "famous",
  "description": "Institutional consensus: AI leaders + cash-flow assets + EM"
}