{
  "metrics": {
    "total_return": 0.554643776433601,
    "cagr": 0.1590343891962347,
    "annual_volatility": 0.10471263054750932,
    "sharpe_ratio": 1.0919603536866638,
    "sortino_ratio": 1.6194009809270382,
    "calmar_ratio": 1.3302959905901444,
    "max_drawdown": -0.11954812336590148,
    "max_drawdown_date": "2025-04-08",
    "win_rate": 0.5619174434087882,
    "profit_factor": 1.2972235076928018,
    "num_trading_days": 751,
    "skewness": 0.5263556754697483,
    "kurtosis": 13.226606648865113,
    "best_day": 0.06351970980584509,
    "worst_day": -0.040791780716220805,
    "avg_daily_return": 0.0006093881210774502,
    "black_swan_resilience": 87.7,
    "benchmark_total_return": 0.8628177193040827,
    "benchmark_cagr": 0.23130614737691846,
    "alpha": -0.07227175818068377,
    "beta": 0.6534329200942354,
    "information_ratio": -1.1827764374354643,
    "tracking_error": 0.06110348151455048
  },
  "trade_metrics": {
    "num_trades": 100,
    "num_buys": 49,
    "num_sells": 51,
    "total_commission": 0.0,
    "total_slippage": 156.33982483291626,
    "total_transaction_costs": 156.33982483291626,
    "avg_trade_size": 1563.3982483291627
  },
  "final_positions": {
    "VTI": {
      "qty": 231.0,
      "avg_cost": 190.4129467044905,
      "realized_pnl": 4988.530337174809
    },
    "BND": {
      "qty": 630.0,
      "avg_cost": 65.76707940435601,
      "realized_pnl": 248.19798250796651
    },
    "VXUS": {
      "qty": 421.0,
      "avg_cost": 48.72530502467981,
      "realized_pnl": 1016.3071621858479
    }
  },
  "source": "portfolio",
  "description": "VTI+VXUS+BND passive baseline \u2014 beats 90% of pros",
  "rolling_windows": {
    "1Y_2015": {
      "ret": -0.0008,
      "sh": -0.33,
      "dd": -0.0946
    },
    "1Y_2016": {
      "ret": 0.0938,
      "sh": 0.56,
      "dd": -0.0657
    },
    "1Y_2017": {
      "ret": 0.1639,
      "sh": 2.47,
      "dd": -0.0147
    },
    "1Y_2018": {
      "ret": -0.0578,
      "sh": -0.87,
      "dd": -0.1297
    },
    "1Y_2019": {
      "ret": 0.2208,
      "sh": 2.04,
      "dd": -0.0391
    },
    "1Y_2020": {
      "ret": 0.1539,
      "sh": 0.56,
      "dd": -0.2521
    },
    "1Y_2021": {
      "ret": 0.1437,
      "sh": 1.09,
      "dd": -0.0391
    },
    "1Y_2022": {
      "ret": -0.1687,
      "sh": -1.22,
      "dd": -0.2271
    },
    "1Y_2023": {
      "ret": 0.1758,
      "sh": 1.34,
      "dd": -0.0907
    },
    "1Y_2024": {
      "ret": 0.1384,
      "sh": 1.06,
      "dd": -0.0522
    },
    "1Y_2025": {
      "ret": 0.1723,
      "sh": 1.04,
      "dd": -0.1195
    },
    "3Y_2015_2017": {
      "ret": 0.2624,
      "sh": 0.49,
      "dd": -0.1202
    },
    "3Y_2016_2018": {
      "ret": 0.2123,
      "sh": 0.33,
      "dd": -0.1297
    },
    "3Y_2017_2019": {
      "ret": 0.3476,
      "sh": 0.78,
      "dd": -0.1296
    },
    "3Y_2018_2020": {
      "ret": 0.3368,
      "sh": 0.45,
      "dd": -0.2521
    },
    "3Y_2019_2021": {
      "ret": 0.6099,
      "sh": 0.86,
      "dd": -0.2522
    },
    "3Y_2020_2022": {
      "ret": 0.0913,
      "sh": 0.03,
      "dd": -0.2521
    },
    "3Y_2021_2023": {
      "ret": 0.1213,
      "sh": 0.06,
      "dd": -0.2305
    },
    "3Y_2022_2024": {
      "ret": 0.1056,
      "sh": 0.02,
      "dd": -0.2271
    },
    "3Y_2023_2025": {
      "ret": 0.5546,
      "sh": 1.09,
      "dd": -0.1195
    },
    "5Y_2015_2019": {
      "ret": 0.4617,
      "sh": 0.45,
      "dd": -0.1297
    },
    "5Y_2016_2020": {
      "ret": 0.7192,
      "sh": 0.6,
      "dd": -0.2521
    },
    "5Y_2017_2021": {
      "ret": 0.7763,
      "sh": 0.65,
      "dd": -0.2521
    },
    "5Y_2018_2022": {
      "ret": 0.2654,
      "sh": 0.13,
      "dd": -0.2521
    },
    "5Y_2019_2023": {
      "ret": 0.5789,
      "sh": 0.43,
      "dd": -0.2522
    },
    "5Y_2020_2024": {
      "ret": 0.4514,
      "sh": 0.31,
      "dd": -0.2521
    },
    "5Y_2021_2025": {
      "ret": 0.4824,
      "sh": 0.39,
      "dd": -0.2305
    },
    "10Y_2015_2024": {
      "ret": 1.1351,
      "sh": 0.36,
      "dd": -0.2521
    }
  },
  "composite_score": 0.2281,
  "hodl_composite": 0.3818,
  "consistency_score": 0.8928571428571429
}