{
  "metrics": {
    "total_return": -0.05184483097713988,
    "cagr": -0.017649041721182535,
    "annual_volatility": 0.05558623147466873,
    "sharpe_ratio": -0.9992055361217538,
    "sortino_ratio": -1.2856667287733026,
    "calmar_ratio": -0.1734074397314916,
    "max_drawdown": -0.10177788074439453,
    "max_drawdown_date": "2025-04-21",
    "win_rate": 0.5326231691078562,
    "profit_factor": 0.9478196056253008,
    "num_trading_days": 751,
    "skewness": -0.528883880838805,
    "kurtosis": 3.3379457440770306,
    "best_day": 0.017073880271665898,
    "worst_day": -0.016898915036912876,
    "avg_daily_return": -6.475517777077792e-05,
    "black_swan_resilience": 75.5,
    "benchmark_total_return": 0.8628177193040827,
    "benchmark_cagr": 0.23130614737691846,
    "alpha": -0.248955189098101,
    "beta": 0.019943225931751015,
    "information_ratio": -1.5525080005093295,
    "tracking_error": 0.16035678335726872
  },
  "trade_metrics": {
    "num_trades": 140,
    "num_buys": 64,
    "num_sells": 76,
    "total_commission": 0.0,
    "total_slippage": 2221.8221641082764,
    "total_transaction_costs": 2221.8221641082764,
    "avg_trade_size": 15870.158315059118
  },
  "final_positions": {
    "IEF": {
      "qty": 149.0,
      "avg_cost": 92.62714762402061,
      "realized_pnl": 1033.137050727616
    },
    "TIP": {
      "qty": 86.0,
      "avg_cost": 107.2706764356842,
      "realized_pnl": 1121.8525219185467
    },
    "SHY": {
      "qty": 405.0,
      "avg_cost": 81.7913589477539,
      "realized_pnl": 0.0
    },
    "BIL": {
      "qty": 262.0,
      "avg_cost": 90.31157684326172,
      "realized_pnl": 0.0
    }
  },
  "source": "gap_audit",
  "description": "Yield curve regime: long duration in flattening, short duration in steepening",
  "rolling_windows": {
    "1Y_2015": {
      "ret": -0.0447,
      "sh": -1.35,
      "dd": -0.0924
    },
    "1Y_2016": {
      "ret": 0.0574,
      "sh": 0.32,
      "dd": -0.0395
    },
    "1Y_2017": {
      "ret": 0.0152,
      "sh": -0.64,
      "dd": -0.035
    },
    "1Y_2018": {
      "ret": -0.0168,
      "sh": -2.01,
      "dd": -0.0414
    },
    "1Y_2019": {
      "ret": 0.0772,
      "sh": 0.65,
      "dd": -0.0412
    },
    "1Y_2020": {
      "ret": 0.0649,
      "sh": 0.28,
      "dd": -0.0912
    },
    "1Y_2021": {
      "ret": 0.0006,
      "sh": -0.87,
      "dd": -0.0294
    },
    "1Y_2022": {
      "ret": -0.0717,
      "sh": -2.53,
      "dd": -0.0721
    },
    "1Y_2023": {
      "ret": 0.0021,
      "sh": -0.63,
      "dd": -0.0647
    },
    "1Y_2024": {
      "ret": -0.0581,
      "sh": -1.57,
      "dd": -0.0877
    },
    "1Y_2025": {
      "ret": 0.0072,
      "sh": -0.65,
      "dd": -0.0387
    },
    "3Y_2015_2017": {
      "ret": 0.03,
      "sh": -0.52,
      "dd": -0.0924
    },
    "3Y_2016_2018": {
      "ret": 0.0495,
      "sh": -0.52,
      "dd": -0.0661
    },
    "3Y_2017_2019": {
      "ret": 0.0707,
      "sh": -0.36,
      "dd": -0.0661
    },
    "3Y_2018_2020": {
      "ret": 0.131,
      "sh": 0.06,
      "dd": -0.0912
    },
    "3Y_2019_2021": {
      "ret": 0.1497,
      "sh": 0.14,
      "dd": -0.091
    },
    "3Y_2020_2022": {
      "ret": -0.0253,
      "sh": -0.65,
      "dd": -0.1147
    },
    "3Y_2021_2023": {
      "ret": -0.0774,
      "sh": -1.32,
      "dd": -0.138
    },
    "3Y_2022_2024": {
      "ret": -0.1211,
      "sh": -1.47,
      "dd": -0.1231
    },
    "3Y_2023_2025": {
      "ret": -0.0518,
      "sh": -1.0,
      "dd": -0.1018
    },
    "5Y_2015_2019": {
      "ret": 0.0863,
      "sh": -0.43,
      "dd": -0.0924
    },
    "5Y_2016_2020": {
      "ret": 0.2073,
      "sh": 0.01,
      "dd": -0.0911
    },
    "5Y_2017_2021": {
      "ret": 0.1427,
      "sh": -0.18,
      "dd": -0.0911
    },
    "5Y_2018_2022": {
      "ret": 0.0352,
      "sh": -0.5,
      "dd": -0.1146
    },
    "5Y_2019_2023": {
      "ret": 0.0599,
      "sh": -0.39,
      "dd": -0.1444
    },
    "5Y_2020_2024": {
      "ret": -0.0773,
      "sh": -0.81,
      "dd": -0.1635
    },
    "5Y_2021_2025": {
      "ret": -0.1271,
      "sh": -1.26,
      "dd": -0.1702
    },
    "10Y_2015_2024": {
      "ret": 0.0039,
      "sh": -0.63,
      "dd": -0.1634
    }
  }
}