{
  "metrics": {
    "total_return": -0.004667028574936616,
    "cagr": -0.0011720116211273446,
    "annual_volatility": 0.07438581778000894,
    "sharpe_ratio": -0.5059675900921421,
    "sortino_ratio": -0.6963657479880656,
    "calmar_ratio": -0.0060241420685164,
    "max_drawdown": -0.19455245374317387,
    "max_drawdown_date": "2022-10-20",
    "win_rate": 0.5099800399201597,
    "profit_factor": 1.0034977340848177,
    "num_trading_days": 1002,
    "skewness": 0.06166974717010276,
    "kurtosis": 1.684148571991881,
    "best_day": 0.027233404354520374,
    "worst_day": -0.021136618486830572,
    "avg_daily_return": 6.297430413547204e-06,
    "black_swan_resilience": 78.3,
    "benchmark_total_return": 0.509089291202014,
    "benchmark_cagr": 0.10866769719837444,
    "alpha": -0.10983970881950178,
    "beta": 0.14356103852435614,
    "information_ratio": -0.6487676323161352,
    "tracking_error": 0.16930516158361375
  },
  "trade_metrics": {
    "num_trades": 302,
    "num_buys": 139,
    "num_sells": 163,
    "total_commission": 0.0,
    "total_slippage": 348.58776951217646,
    "total_transaction_costs": 348.58776951217646,
    "avg_trade_size": 1154.264137457538
  },
  "final_positions": {
    "TLT": {
      "qty": 170.0,
      "avg_cost": 89.93036460996244,
      "realized_pnl": -2510.1849248757208
    },
    "LQD": {
      "qty": 137.0,
      "avg_cost": 105.0107384842323,
      "realized_pnl": -814.7224540639825
    },
    "HYG": {
      "qty": 151.0,
      "avg_cost": 70.8510760086535,
      "realized_pnl": -467.9185987431254
    },
    "VWOB": {
      "qty": 181.0,
      "avg_cost": 58.181423774332,
      "realized_pnl": -881.2894178175858
    },
    "SCHI": {
      "qty": 439.0,
      "avg_cost": 21.260079684993585,
      "realized_pnl": -78.58534848800818
    },
    "VTEB": {
      "qty": 200.0,
      "avg_cost": 48.38562782772247,
      "realized_pnl": -115.82047174799075
    },
    "AGG": {
      "qty": 81.0,
      "avg_cost": 93.52853452803721,
      "realized_pnl": -295.6094567079913
    },
    "BND": {
      "qty": 108.0,
      "avg_cost": 69.36704116694357,
      "realized_pnl": -296.7854992520795
    },
    "FBND": {
      "qty": 109.0,
      "avg_cost": 41.96156235025517,
      "realized_pnl": 50.81002914900745
    },
    "SPBO": {
      "qty": 172.0,
      "avg_cost": 26.80580241397978,
      "realized_pnl": -59.220283135319875
    }
  },
  "source": "portfolio",
  "description": "Diversified bonds: duration ladder + credit spectrum + EM, 3-5% yield target",
  "horizon": "4Y (2022-2025)"
}