{
  "metrics": {
    "total_return": 0.36885727098143284,
    "cagr": 0.11073078780516621,
    "annual_volatility": 0.14017725656692914,
    "sharpe_ratio": 0.5419082797001182,
    "sortino_ratio": 0.7838861381004928,
    "calmar_ratio": 0.5508221900800977,
    "max_drawdown": -0.201028189857537,
    "max_drawdown_date": "2025-04-08",
    "win_rate": 0.5193075898801598,
    "profit_factor": 1.1473939711116237,
    "num_trading_days": 751,
    "skewness": -0.010212086138463672,
    "kurtosis": 1.569065993537202,
    "best_day": 0.03681135427946769,
    "worst_day": -0.036907277575288,
    "avg_daily_return": 0.0004570911959629559,
    "black_swan_resilience": 76.8,
    "benchmark_total_return": 0.8628177193040827,
    "benchmark_cagr": 0.23130614737691846,
    "alpha": -0.12057535957175225,
    "beta": 0.6158136335084322,
    "information_ratio": -1.0121484491957915,
    "tracking_error": 0.11912813744619785
  },
  "trade_metrics": {
    "num_trades": 303,
    "num_buys": 148,
    "num_sells": 155,
    "total_commission": 0.0,
    "total_slippage": 1826.3392814121246,
    "total_transaction_costs": 1826.3392814121246,
    "avg_trade_size": 6027.522380898101
  },
  "final_positions": {
    "IDXX": {
      "qty": 23.0,
      "avg_cost": 478.8815445438508,
      "realized_pnl": 3385.3452266570066
    },
    "CLH": {
      "qty": 72.0,
      "avg_cost": 228.5399932861328,
      "realized_pnl": 3816.6695709228525
    },
    "WST": {
      "qty": 60.0,
      "avg_cost": 271.00557200113934,
      "realized_pnl": -4445.1934814453125
    }
  },
  "source": "unconventional",
  "description": "Quiet compounders in boring industries: pool supply, uniforms, fasteners, packaging",
  "horizon": "3Y (2023-2025)",
  "composite_score": 0.1865,
  "consistency_score": 0.75,
  "n_windows_tested": 12,
  "avg_1Y_return": 0.1426,
  "avg_3Y_return": 0.2617,
  "avg_5Y_return": 0.5936,
  "avg_10Y_return": null,
  "rolling_windows": {
    "1Y_2023": {
      "ret": 0.3399,
      "sh": 1.77,
      "dd": -0.068
    },
    "1Y_2024": {
      "ret": 0.0582,
      "sh": 0.19,
      "dd": -0.1139
    },
    "1Y_2025": {
      "ret": -0.006,
      "sh": -0.33,
      "dd": -0.1083
    },
    "3Y_2022_2024": {
      "ret": 0.0305,
      "sh": -0.11,
      "dd": -0.3024
    },
    "3Y_2023_2025": {
      "ret": 0.3689,
      "sh": 0.54,
      "dd": -0.201
    },
    "5Y_2020_2024": {
      "ret": 0.8132,
      "sh": 0.56,
      "dd": -0.3239
    },
    "1Y_2020": {
      "ret": 0.3303,
      "sh": 1.28,
      "dd": -0.208
    },
    "1Y_2021": {
      "ret": 0.3931,
      "sh": 2.05,
      "dd": -0.0754
    },
    "1Y_2022": {
      "ret": -0.2599,
      "sh": -1.98,
      "dd": -0.3024
    },
    "3Y_2020_2022": {
      "ret": 0.3005,
      "sh": 0.36,
      "dd": -0.3239
    },
    "3Y_2021_2023": {
      "ret": 0.3468,
      "sh": 0.46,
      "dd": -0.3233
    },
    "5Y_2021_2025": {
      "ret": 0.3739,
      "sh": 0.24,
      "dd": -0.3233
    }
  }
}