{
  "metrics": {
    "total_return": 0.8481325915785269,
    "cagr": 0.22805090168596043,
    "annual_volatility": 0.12654942471193817,
    "sharpe_ratio": 1.3818748543539237,
    "sortino_ratio": 2.209825904591652,
    "calmar_ratio": 1.5782492290023304,
    "max_drawdown": -0.1444961274146288,
    "max_drawdown_date": "2025-04-08",
    "win_rate": 0.5605858854860186,
    "profit_factor": 1.3978430747678312,
    "num_trading_days": 751,
    "skewness": 1.6514734721669677,
    "kurtosis": 25.360625151190106,
    "best_day": 0.09205426274907791,
    "worst_day": -0.04150261006169875,
    "avg_daily_return": 0.0008496001320070659,
    "black_swan_resilience": 92.3,
    "benchmark_total_return": 0.8628177193040827,
    "benchmark_cagr": 0.23130614737691846,
    "alpha": -0.0032552456909580307,
    "beta": 0.6682853676776291,
    "information_ratio": -0.036205888422087426,
    "tracking_error": 0.0899092891467943
  },
  "trade_metrics": {
    "num_trades": 1053,
    "num_buys": 547,
    "num_sells": 506,
    "total_commission": 0.0,
    "total_slippage": 4883.826185861593,
    "total_transaction_costs": 4883.826185861593,
    "avg_trade_size": 4638.011572518127
  },
  "final_positions": {
    "AAPL": {
      "qty": 102.0,
      "avg_cost": 267.50061284998407,
      "realized_pnl": 10368.966105669071
    },
    "MSFT": {
      "qty": 51.0,
      "avg_cost": 485.7771338101091,
      "realized_pnl": 10599.548985448384
    },
    "NVDA": {
      "qty": 148.0,
      "avg_cost": 176.5222677282385,
      "realized_pnl": 33668.861587524414
    },
    "QQQ": {
      "qty": 45.0,
      "avg_cost": 608.9865112304688,
      "realized_pnl": 10703.687438964842
    },
    "GLD": {
      "qty": 37.0,
      "avg_cost": 329.0052560613907,
      "realized_pnl": 12020.604020169892
    },
    "SCHD": {
      "qty": 543.0,
      "avg_cost": 25.828392130086375,
      "realized_pnl": 2525.6009651805994
    },
    "TLT": {
      "qty": 107.0,
      "avg_cost": 85.98244799358878,
      "realized_pnl": -526.4137931405966
    }
  },
  "source": "unconventional",
  "description": "Defensive when breadth narrows (QQQ >> RSP), offensive when broad participation",
  "rolling_windows": {
    "1Y_2015": {
      "ret": 0.0872,
      "sh": 0.45,
      "dd": -0.095
    },
    "1Y_2016": {
      "ret": 0.2216,
      "sh": 1.51,
      "dd": -0.0614
    },
    "1Y_2017": {
      "ret": 0.2245,
      "sh": 2.26,
      "dd": -0.0387
    },
    "1Y_2018": {
      "ret": 0.0424,
      "sh": 0.09,
      "dd": -0.1831
    },
    "1Y_2019": {
      "ret": 0.3469,
      "sh": 2.27,
      "dd": -0.0734
    },
    "1Y_2020": {
      "ret": 0.269,
      "sh": 1.32,
      "dd": -0.1188
    },
    "1Y_2021": {
      "ret": 0.2754,
      "sh": 1.59,
      "dd": -0.0868
    },
    "1Y_2022": {
      "ret": -0.1352,
      "sh": -0.7,
      "dd": -0.198
    },
    "1Y_2023": {
      "ret": 0.2393,
      "sh": 1.7,
      "dd": -0.0669
    },
    "1Y_2024": {
      "ret": 0.2991,
      "sh": 1.92,
      "dd": -0.0558
    },
    "1Y_2025": {
      "ret": 0.1537,
      "sh": 0.78,
      "dd": -0.1447
    },
    "3Y_2015_2017": {
      "ret": 0.6248,
      "sh": 1.27,
      "dd": -0.095
    },
    "3Y_2016_2018": {
      "ret": 0.5765,
      "sh": 1.07,
      "dd": -0.183
    },
    "3Y_2017_2019": {
      "ret": 0.7442,
      "sh": 1.34,
      "dd": -0.1832
    },
    "3Y_2018_2020": {
      "ret": 0.789,
      "sh": 1.17,
      "dd": -0.1831
    },
    "3Y_2019_2021": {
      "ret": 1.1629,
      "sh": 1.64,
      "dd": -0.1188
    },
    "3Y_2020_2022": {
      "ret": 0.382,
      "sh": 0.47,
      "dd": -0.1987
    },
    "3Y_2021_2023": {
      "ret": 0.3483,
      "sh": 0.45,
      "dd": -0.1989
    },
    "3Y_2022_2024": {
      "ret": 0.3722,
      "sh": 0.49,
      "dd": -0.198
    },
    "3Y_2023_2025": {
      "ret": 0.8481,
      "sh": 1.38,
      "dd": -0.1445
    },
    "5Y_2015_2019": {
      "ret": 1.3152,
      "sh": 1.2,
      "dd": -0.1831
    },
    "5Y_2016_2020": {
      "ret": 1.7043,
      "sh": 1.35,
      "dd": -0.183
    },
    "5Y_2017_2021": {
      "ret": 1.8009,
      "sh": 1.36,
      "dd": -0.1832
    },
    "5Y_2018_2022": {
      "ret": 0.9482,
      "sh": 0.67,
      "dd": -0.1988
    },
    "5Y_2019_2023": {
      "ret": 1.2876,
      "sh": 0.89,
      "dd": -0.1985
    },
    "5Y_2020_2024": {
      "ret": 1.1923,
      "sh": 0.83,
      "dd": -0.1987
    },
    "5Y_2021_2025": {
      "ret": 1.0119,
      "sh": 0.73,
      "dd": -0.1989
    },
    "10Y_2015_2024": {
      "ret": 4.0734,
      "sh": 0.97,
      "dd": -0.1987
    }
  }
}