{
  "metrics": {
    "total_return": 0.26989835264262685,
    "cagr": 0.08347761704981682,
    "annual_volatility": 0.05247214398909791,
    "sharpe_ratio": 0.8068283748272888,
    "sortino_ratio": 1.3785253347915434,
    "calmar_ratio": 1.1104553591372173,
    "max_drawdown": -0.07517422142451169,
    "max_drawdown_date": "2023-10-27 00:00:00",
    "win_rate": 0.28894806924101196,
    "profit_factor": 1.4803601379046354,
    "num_trading_days": 751,
    "skewness": 1.1049247834772518,
    "kurtosis": 9.949453214849019,
    "best_day": 0.024385166928974744,
    "worst_day": -0.01894482623986027,
    "avg_daily_return": 0.0003236499209596253,
    "benchmark_total_return": 0.2866220704304123,
    "benchmark_cagr": 0.08824471375349763,
    "alpha": -0.0047670967036808065,
    "beta": 0.07460920595232316,
    "information_ratio": -0.028060725430693323,
    "tracking_error": 0.16988501296785688
  },
  "trade_metrics": {
    "num_trades": 72,
    "num_buys": 34,
    "num_sells": 38,
    "total_commission": 0.0,
    "total_slippage": 1196.4436740303042,
    "total_transaction_costs": 1196.4436740303042,
    "avg_trade_size": 16617.273250420887
  }
}