{
  "metrics": {
    "total_return": 0.2563421402488488,
    "cagr": 0.07958271439050901,
    "annual_volatility": 0.05020351526255456,
    "sharpe_ratio": 0.7692208876198999,
    "sortino_ratio": 0.9502372986054999,
    "calmar_ratio": 1.3171060344031875,
    "max_drawdown": -0.06042240511529495,
    "max_drawdown_date": "2023-10-27 00:00:00",
    "win_rate": 0.29027962716378164,
    "profit_factor": 1.474856430060995,
    "num_trading_days": 751,
    "skewness": 1.164787407938527,
    "kurtosis": 10.79695019775238,
    "best_day": 0.024385374399282123,
    "worst_day": -0.01894040132099073,
    "avg_daily_return": 0.00030889427775912553,
    "benchmark_total_return": 0.28662220587013687,
    "benchmark_cagr": 0.08824475219339512,
    "alpha": -0.008662037802886102,
    "beta": 0.06957520341690718,
    "information_ratio": -0.05092061816700589,
    "tracking_error": 0.17010865371816491
  },
  "trade_metrics": {
    "num_trades": 68,
    "num_buys": 33,
    "num_sells": 35,
    "total_commission": 0.0,
    "total_slippage": 1109.7831121845245,
    "total_transaction_costs": 1109.7831121845245,
    "avg_trade_size": 16320.339885066538
  }
}