{
  "metrics": {
    "total_return": 0.6147786076692665,
    "cagr": 0.1738408535957392,
    "annual_volatility": 0.13056147188973943,
    "sharpe_ratio": 0.9967401021734572,
    "sortino_ratio": 1.4363344149472885,
    "calmar_ratio": 1.0875870559640255,
    "max_drawdown": -0.15984086298420364,
    "max_drawdown_date": "2025-04-08",
    "win_rate": 0.5619174434087882,
    "profit_factor": 1.2706937676233643,
    "num_trading_days": 751,
    "skewness": -0.027263994373188816,
    "kurtosis": 14.758068446794065,
    "best_day": 0.07453947122989546,
    "worst_day": -0.06023995178617869,
    "avg_daily_return": 0.0006720619851376748,
    "black_swan_resilience": 78.7,
    "benchmark_total_return": 0.8628177193040827,
    "benchmark_cagr": 0.23130614737691846,
    "alpha": -0.05746529378117926,
    "beta": 0.6954648147059465,
    "information_ratio": -0.6492408763745678,
    "tracking_error": 0.08851151532859693
  },
  "trade_metrics": {
    "num_trades": 454,
    "num_buys": 210,
    "num_sells": 244,
    "total_commission": 0.0,
    "total_slippage": 1442.5996158676153,
    "total_transaction_costs": 1442.5996158676153,
    "avg_trade_size": 3177.5321935410016
  },
  "final_positions": {
    "AAPL": {
      "qty": 26.0,
      "avg_cost": 218.52472179152147,
      "realized_pnl": 7835.033132180148
    },
    "AXP": {
      "qty": 40.0,
      "avg_cost": 321.20484875868203,
      "realized_pnl": 5768.681422881464
    },
    "OXY": {
      "qty": 346.0,
      "avg_cost": 43.050748604742715,
      "realized_pnl": -1440.3031882643852
    },
    "MCO": {
      "qty": 22.0,
      "avg_cost": 479.71058726548563,
      "realized_pnl": 5943.7043309735
    },
    "AMZN": {
      "qty": 62.0,
      "avg_cost": 224.7580718138323,
      "realized_pnl": 10203.649263797934
    },
    "KO": {
      "qty": 152.0,
      "avg_cost": 65.32554724785308,
      "realized_pnl": 1981.3648154322154
    },
    "BAC": {
      "qty": 138.0,
      "avg_cost": 44.12540034193068,
      "realized_pnl": 3899.0977047670044
    },
    "V": {
      "qty": 44.0,
      "avg_cost": 326.89207432112477,
      "realized_pnl": 3869.927219226174
    },
    "MA": {
      "qty": 27.0,
      "avg_cost": 542.8351143623736,
      "realized_pnl": 4471.00298280362
    },
    "BRK-B": {
      "qty": 21.0,
      "avg_cost": 474.70773378021437,
      "realized_pnl": 4156.921888144268
    },
    "JNJ": {
      "qty": 35.0,
      "avg_cost": 168.6975551081047,
      "realized_pnl": 2454.313888622536
    },
    "CVX": {
      "qty": 72.0,
      "avg_cost": 142.3212964588031,
      "realized_pnl": 2927.714170839484
    },
    "PG": {
      "qty": 99.0,
      "avg_cost": 156.2850404795094,
      "realized_pnl": 2187.853483179443
    }
  },
  "source": "portfolio",
  "description": "Wide moat companies at fair prices, NEVER sell unless thesis breaks",
  "rolling_windows": {
    "1Y_2015": {
      "ret": 0.0155,
      "sh": -0.08,
      "dd": -0.1172
    },
    "1Y_2016": {
      "ret": 0.1524,
      "sh": 0.81,
      "dd": -0.1166
    },
    "1Y_2017": {
      "ret": 0.2921,
      "sh": 3.32,
      "dd": -0.026
    },
    "1Y_2018": {
      "ret": 0.016,
      "sh": -0.05,
      "dd": -0.1822
    },
    "1Y_2019": {
      "ret": 0.2817,
      "sh": 1.78,
      "dd": -0.0681
    },
    "1Y_2020": {
      "ret": 0.0466,
      "sh": 0.2,
      "dd": -0.388
    },
    "1Y_2021": {
      "ret": 0.3207,
      "sh": 1.73,
      "dd": -0.064
    },
    "1Y_2022": {
      "ret": -0.0695,
      "sh": -0.38,
      "dd": -0.1995
    },
    "1Y_2023": {
      "ret": 0.1991,
      "sh": 1.26,
      "dd": -0.0929
    },
    "1Y_2024": {
      "ret": 0.1694,
      "sh": 1.27,
      "dd": -0.0644
    },
    "1Y_2025": {
      "ret": 0.1513,
      "sh": 0.7,
      "dd": -0.1604
    },
    "3Y_2015_2017": {
      "ret": 0.4986,
      "sh": 0.83,
      "dd": -0.1565
    },
    "3Y_2016_2018": {
      "ret": 0.5311,
      "sh": 0.84,
      "dd": -0.1824
    },
    "3Y_2017_2019": {
      "ret": 0.6951,
      "sh": 1.14,
      "dd": -0.182
    },
    "3Y_2018_2020": {
      "ret": 0.3865,
      "sh": 0.41,
      "dd": -0.3884
    },
    "3Y_2019_2021": {
      "ret": 0.7734,
      "sh": 0.76,
      "dd": -0.388
    },
    "3Y_2020_2022": {
      "ret": 0.2953,
      "sh": 0.31,
      "dd": -0.388
    },
    "3Y_2021_2023": {
      "ret": 0.4943,
      "sh": 0.65,
      "dd": -0.1989
    },
    "3Y_2022_2024": {
      "ret": 0.3025,
      "sh": 0.39,
      "dd": -0.1995
    },
    "3Y_2023_2025": {
      "ret": 0.6148,
      "sh": 1.0,
      "dd": -0.1598
    },
    "5Y_2015_2019": {
      "ret": 0.9662,
      "sh": 0.78,
      "dd": -0.1822
    },
    "5Y_2016_2020": {
      "ret": 1.0902,
      "sh": 0.64,
      "dd": -0.3881
    },
    "5Y_2017_2021": {
      "ret": 1.3469,
      "sh": 0.75,
      "dd": -0.3881
    },
    "5Y_2018_2022": {
      "ret": 0.7154,
      "sh": 0.42,
      "dd": -0.3884
    },
    "5Y_2019_2023": {
      "ret": 1.0077,
      "sh": 0.57,
      "dd": -0.388
    },
    "5Y_2020_2024": {
      "ret": 0.8127,
      "sh": 0.48,
      "dd": -0.388
    },
    "5Y_2021_2025": {
      "ret": 1.0128,
      "sh": 0.72,
      "dd": -0.1989
    },
    "10Y_2015_2024": {
      "ret": 2.6069,
      "sh": 0.59,
      "dd": -0.3883
    }
  },
  "composite_score": 0.3775,
  "hodl_composite": 0.7313,
  "consistency_score": 0.8928571428571429
}