{
  "metrics": {
    "total_return": 0.25634220636007243,
    "cagr": 0.07958273345318156,
    "annual_volatility": 0.050203480602203,
    "sharpe_ratio": 0.7692217369197663,
    "sortino_ratio": 0.950236907472163,
    "calmar_ratio": 1.3171076784441933,
    "max_drawdown": -0.06042234416793246,
    "max_drawdown_date": "2023-10-27 00:00:00",
    "win_rate": 0.29027962716378164,
    "profit_factor": 1.474856713201431,
    "num_trading_days": 751,
    "skewness": 1.1647702472322967,
    "kurtosis": 10.796832913336269,
    "best_day": 0.024385239299615336,
    "worst_day": -0.018940428899313466,
    "avg_daily_return": 0.0003088943411573119,
    "benchmark_total_return": 0.28662220587013687,
    "benchmark_cagr": 0.08824475219339512,
    "alpha": -0.00866201874021355,
    "beta": 0.0695751143252793,
    "information_ratio": -0.05092050435637871,
    "tracking_error": 0.17010865956060542
  },
  "trade_metrics": {
    "num_trades": 68,
    "num_buys": 33,
    "num_sells": 35,
    "total_commission": 0.0,
    "total_slippage": 1109.7830928592682,
    "total_transaction_costs": 1109.7830928592682,
    "avg_trade_size": 16320.339600871592
  }
}