{
  "metrics": {
    "total_return": 0.201884879142743,
    "cagr": 0.06343849040752181,
    "annual_volatility": 0.0627836911659698,
    "sharpe_ratio": 0.38940200139136,
    "sortino_ratio": 0.6487326159096852,
    "calmar_ratio": 1.0931109742629803,
    "max_drawdown": -0.05803481247665143,
    "max_drawdown_date": "2025-08-01",
    "win_rate": 0.1877496671105193,
    "profit_factor": 1.3694932852176802,
    "num_trading_days": 751,
    "skewness": 1.7242742443199506,
    "kurtosis": 19.345975232490872,
    "best_day": 0.030945141236971008,
    "worst_day": -0.026002043006589814,
    "avg_daily_return": 0.0002526661127704917,
    "black_swan_resilience": 96.8,
    "benchmark_total_return": 0.8628177193040827,
    "benchmark_cagr": 0.23130614737691846,
    "alpha": -0.16786765696939665,
    "beta": 0.07379980592143805,
    "information_ratio": -1.0829479932639074,
    "tracking_error": 0.15500989707128843
  },
  "trade_metrics": {
    "num_trades": 35,
    "num_buys": 19,
    "num_sells": 16,
    "total_commission": 0.0,
    "total_slippage": 935.166333295822,
    "total_transaction_costs": 935.166333295822,
    "avg_trade_size": 26719.038094166346
  },
  "final_positions": {
    "AAPL": {
      "qty": 0,
      "avg_cost": 0
    },
    "MSFT": {
      "qty": 0,
      "avg_cost": 0
    },
    "META": {
      "qty": 0,
      "avg_cost": 0
    },
    "AMZN": {
      "qty": 0,
      "avg_cost": 0
    },
    "GOOGL": {
      "qty": 0,
      "avg_cost": 0
    },
    "XOM": {
      "qty": 0,
      "avg_cost": 0
    },
    "CVX": {
      "qty": 0,
      "avg_cost": 0
    },
    "OXY": {
      "qty": 0,
      "avg_cost": 0
    },
    "DVN": {
      "qty": 0,
      "avg_cost": 0
    },
    "JPM": {
      "qty": 0,
      "avg_cost": 0
    },
    "BAC": {
      "qty": 0,
      "avg_cost": 0
    },
    "C": {
      "qty": 0,
      "avg_cost": 0
    }
  },
  "source": "famous",
  "description": "Concentrated deep value: buy beaten-down large caps showing recovery"
}