{
  "metrics": {
    "total_return": 0.3106552044421744,
    "cagr": 0.09502379512136772,
    "annual_volatility": 0.08532848022715005,
    "sharpe_ratio": 0.6462206924310099,
    "sortino_ratio": 1.3152257335470519,
    "calmar_ratio": 1.6980744978326592,
    "max_drawdown": -0.05595973276947008,
    "max_drawdown_date": "2022-11-03 00:00:00",
    "win_rate": 0.16644474034620507,
    "profit_factor": 1.523390980605449,
    "num_trading_days": 751,
    "skewness": 5.016920358700328,
    "kurtosis": 62.35891217167069,
    "best_day": 0.07407675276478343,
    "worst_day": -0.03393082104816025,
    "avg_daily_return": 0.0003744634722217177,
    "benchmark_total_return": 0.28662220587013687,
    "benchmark_cagr": 0.08824475219339512,
    "alpha": 0.0067790429279726006,
    "beta": 0.1399619118027065,
    "information_ratio": 0.03955121702280208,
    "tracking_error": 0.17139909813810142
  },
  "trade_metrics": {
    "num_trades": 36,
    "num_buys": 20,
    "num_sells": 16,
    "total_commission": 0.0,
    "total_slippage": 1009.7529284324646,
    "total_transaction_costs": 1009.7529284324646,
    "avg_trade_size": 28048.69245645735
  }
}