{
  "metrics": {
    "total_return": 0.28235389328965343,
    "cagr": 0.08674153740633916,
    "annual_volatility": 0.129951415828054,
    "sharpe_ratio": 0.40502447781499956,
    "sortino_ratio": 0.6414118924727958,
    "calmar_ratio": 0.6761164841455388,
    "max_drawdown": -0.12829377694578947,
    "max_drawdown_date": "2024-02-02",
    "win_rate": 0.47536617842876167,
    "profit_factor": 1.143558100767506,
    "num_trading_days": 751,
    "skewness": 0.8533642759734592,
    "kurtosis": 5.4025226192123075,
    "best_day": 0.055924616541028316,
    "worst_day": -0.036083785747297314,
    "avg_daily_return": 0.0003645129752399828,
    "black_swan_resilience": 91.2,
    "benchmark_total_return": 0.8628177193040827,
    "benchmark_cagr": 0.23130614737691846,
    "alpha": -0.1445646099705793,
    "beta": 0.27840411159451717,
    "information_ratio": -0.8744500082969011,
    "tracking_error": 0.16532061135448628
  },
  "trade_metrics": {
    "num_trades": 565,
    "num_buys": 301,
    "num_sells": 264,
    "total_commission": 0.0,
    "total_slippage": 2283.535833311321,
    "total_transaction_costs": 2283.535833311321,
    "avg_trade_size": 4041.656342143928
  },
  "final_positions": {
    "JD": {
      "qty": 353.0,
      "avg_cost": 29.09000015258789,
      "realized_pnl": -353.4762516021742
    },
    "PDD": {
      "qty": 90.0,
      "avg_cost": 111.91000366210938,
      "realized_pnl": 4658.898880004883
    },
    "TME": {
      "qty": 600.0,
      "avg_cost": 17.41055768330892,
      "realized_pnl": 2094.3392367362967
    },
    "MNSO": {
      "qty": 535.0,
      "avg_cost": 19.280000686645508,
      "realized_pnl": 3224.2511463165283
    },
    "LI": {
      "qty": 601.0,
      "avg_cost": 22.598511260690042,
      "realized_pnl": 292.27483058670146
    }
  },
  "source": "theme",
  "description": "JD/PDD 9x P/E, BABA below intrinsic \u2014 delisting resolved, stimulus pivot, geopolitical discount",
  "horizon": "3Y (2023-2025)",
  "consistency_score": 1.0,
  "windows_tested": 6,
  "composite_score": 0.1339,
  "rolling_windows": {
    "1Y_2023": {
      "ret": 0.0618,
      "sh": 0.24,
      "dd": -0.0698
    },
    "1Y_2024": {
      "ret": 0.0896,
      "sh": 0.36,
      "dd": -0.1022
    },
    "1Y_2025": {
      "ret": 0.1142,
      "sh": 0.93,
      "dd": -0.0523
    },
    "3Y_2022_2024": {
      "ret": 0.2635,
      "sh": 0.28,
      "dd": -0.3083
    },
    "3Y_2023_2025": {
      "ret": 0.2824,
      "sh": 0.41,
      "dd": -0.1283
    },
    "5Y_2020_2024": {
      "ret": 0.1666,
      "sh": 0.11,
      "dd": -0.4106
    }
  }
}