{
  "metrics": {
    "total_return": -0.061473708988295406,
    "cagr": -0.020997184527062118,
    "annual_volatility": 0.21206494706453366,
    "sharpe_ratio": -0.18019614334701817,
    "sortino_ratio": -0.27212523075103445,
    "calmar_ratio": -0.04709433906257187,
    "max_drawdown": -0.44585368316060703,
    "max_drawdown_date": "2025-04-08",
    "win_rate": 0.3981358189081225,
    "profit_factor": 1.0009470997397054,
    "num_trading_days": 751,
    "skewness": 0.8811606628360875,
    "kurtosis": 7.169805693758404,
    "best_day": 0.09807262247064541,
    "worst_day": -0.058173837546577234,
    "avg_daily_return": 4.009840568570255e-06,
    "black_swan_resilience": 75.4,
    "benchmark_total_return": 0.8628177193040827,
    "benchmark_cagr": 0.23130614737691846,
    "alpha": -0.2523033319039806,
    "beta": 0.5242894877121322,
    "information_ratio": -1.2051831765793264,
    "tracking_error": 0.20934853456890562
  },
  "trade_metrics": {
    "num_trades": 722,
    "num_buys": 394,
    "num_sells": 328,
    "total_commission": 0.0,
    "total_slippage": 4980.866457692142,
    "total_transaction_costs": 4980.866457692142,
    "avg_trade_size": 6898.707005113776
  },
  "final_positions": {
    "SEDG": {
      "qty": 486.0,
      "avg_cost": 31.99240783408836,
      "realized_pnl": 17418.998348236088
    },
    "NEE": {
      "qty": 178.0,
      "avg_cost": 82.36026035074416,
      "realized_pnl": 1007.2331043648306
    },
    "ICLN": {
      "qty": 858.0,
      "avg_cost": 16.649848104356884,
      "realized_pnl": -72.63731193542486
    },
    "BEP": {
      "qty": 526.0,
      "avg_cost": 27.985261798130317,
      "realized_pnl": -4082.9447036988317
    },
    "QCLN": {
      "qty": 311.0,
      "avg_cost": 45.573402404785156,
      "realized_pnl": -872.7837448120135
    }
  },
  "source": "theme",
  "description": "Renewables, EVs, batteries: buy the green transition",
  "horizon": "3Y (2023-2025)",
  "composite_score": -0.0204,
  "consistency_score": 0.17,
  "n_windows_tested": 12,
  "avg_1Y_return": 0.0119,
  "avg_3Y_return": -0.2865,
  "avg_5Y_return": -0.4247,
  "avg_10Y_return": null,
  "rolling_windows": {
    "1Y_2023": {
      "ret": -0.0772,
      "sh": -0.53,
      "dd": -0.2109
    },
    "1Y_2024": {
      "ret": -0.2738,
      "sh": -1.7,
      "dd": -0.2887
    },
    "1Y_2025": {
      "ret": 0.4289,
      "sh": 1.46,
      "dd": -0.1701
    },
    "3Y_2022_2024": {
      "ret": -0.543,
      "sh": -1.29,
      "dd": -0.5494
    },
    "3Y_2023_2025": {
      "ret": -0.0615,
      "sh": -0.18,
      "dd": -0.4459
    },
    "5Y_2020_2024": {
      "ret": -0.416,
      "sh": -0.42,
      "dd": -0.6327
    },
    "1Y_2020": {
      "ret": 0.4325,
      "sh": 1.08,
      "dd": -0.4322
    },
    "1Y_2021": {
      "ret": -0.1435,
      "sh": -0.53,
      "dd": -0.2634
    },
    "1Y_2022": {
      "ret": -0.2952,
      "sh": -1.45,
      "dd": -0.3263
    },
    "3Y_2020_2022": {
      "ret": -0.0987,
      "sh": -0.09,
      "dd": -0.4506
    },
    "3Y_2021_2023": {
      "ret": -0.4428,
      "sh": -0.83,
      "dd": -0.5263
    },
    "5Y_2021_2025": {
      "ret": -0.4335,
      "sh": -0.53,
      "dd": -0.6674
    }
  }
}