{
  "metrics": {
    "total_return": 0.4286082961191846,
    "cagr": 0.12671752641394285,
    "annual_volatility": 0.2714325436349077,
    "sharpe_ratio": 0.4322333499009241,
    "sortino_ratio": 0.6116927992833022,
    "calmar_ratio": 0.42918578878719976,
    "max_drawdown": -0.29525098389679516,
    "max_drawdown_date": "2024-08-05",
    "win_rate": 0.5419440745672437,
    "profit_factor": 1.1068197273353861,
    "num_trading_days": 751,
    "skewness": -0.06834706391243284,
    "kurtosis": 3.3459906691159036,
    "best_day": 0.08848950453270343,
    "worst_day": -0.09078688587140082,
    "avg_daily_return": 0.0006212141390112823,
    "black_swan_resilience": 70.6,
    "benchmark_total_return": 0.8628177193040827,
    "benchmark_cagr": 0.23130614737691846,
    "alpha": -0.10458862096297561,
    "beta": 1.04405441133243,
    "information_ratio": -0.47720546358939514,
    "tracking_error": 0.21916895120246874
  },
  "trade_metrics": {
    "num_trades": 965,
    "num_buys": 480,
    "num_sells": 485,
    "total_commission": 0.0,
    "total_slippage": 7458.872634185791,
    "total_transaction_costs": 7458.872634185791,
    "avg_trade_size": 7729.401693456778
  },
  "final_positions": {
    "PANW": {
      "qty": 116.0,
      "avg_cost": 183.94953134879205,
      "realized_pnl": 82.00572862296269
    },
    "NET": {
      "qty": 108.0,
      "avg_cost": 205.6934550892223,
      "realized_pnl": -7.266915061257123
    },
    "FTNT": {
      "qty": 268.0,
      "avg_cost": 80.81999969482422,
      "realized_pnl": 0.0
    },
    "SNOW": {
      "qty": 97.0,
      "avg_cost": 222.89999389648438,
      "realized_pnl": 0.0
    },
    "S": {
      "qty": 1441.0,
      "avg_cost": 15.029999732971191,
      "realized_pnl": 0.0
    }
  },
  "source": "theme",
  "description": "Cloud/cyber non-discretionary spend: buy dips in Cloudflare, Datadog, CrowdStrike, Palo Alto"
}