{
  "metrics": {
    "total_return": -0.08145275293235776,
    "cagr": -0.02801790977707841,
    "annual_volatility": 0.10575567277517385,
    "sharpe_ratio": -0.5874575498710227,
    "sortino_ratio": -0.7622116043397652,
    "calmar_ratio": -0.12390442467051711,
    "max_drawdown": -0.22612517552607814,
    "max_drawdown_date": "2025-04-07",
    "win_rate": 0.5126498002663116,
    "profit_factor": 0.9610118534423554,
    "num_trading_days": 751,
    "skewness": -0.7405142741215676,
    "kurtosis": 4.464610279598121,
    "best_day": 0.02674665846317348,
    "worst_day": -0.03534827361472315,
    "avg_daily_return": -9.088572615105962e-05,
    "black_swan_resilience": 66.4,
    "benchmark_total_return": 0.8628177193040827,
    "benchmark_cagr": 0.23130614737691846,
    "alpha": -0.25932405715399687,
    "beta": 0.23268844486343498,
    "information_ratio": -1.6815729668091064,
    "tracking_error": 0.1542151677462329
  },
  "trade_metrics": {
    "num_trades": 1359,
    "num_buys": 704,
    "num_sells": 655,
    "total_commission": 0.0,
    "total_slippage": 5668.079840442666,
    "total_transaction_costs": 5668.079840442666,
    "avg_trade_size": 4170.772509523663
  },
  "final_positions": {
    "DJP": {
      "qty": 220.0,
      "avg_cost": 36.34319458334504,
      "realized_pnl": 426.2127349411353
    },
    "SCCO": {
      "qty": 58.0,
      "avg_cost": 134.1305305512432,
      "realized_pnl": 423.8182313837308
    },
    "MOO": {
      "qty": 114.0,
      "avg_cost": 71.96984895920372,
      "realized_pnl": 40.30119229892949
    },
    "NTR": {
      "qty": 134.0,
      "avg_cost": 60.362219509777724,
      "realized_pnl": 163.73826193594704
    },
    "XME": {
      "qty": 79.0,
      "avg_cost": 99.05725747567637,
      "realized_pnl": 438.494745607729
    },
    "SLV": {
      "qty": 126.0,
      "avg_cost": 62.470001220703125,
      "realized_pnl": 77.88002014160156
    },
    "COPX": {
      "qty": 117.0,
      "avg_cost": 70.88785552978516,
      "realized_pnl": 5.4619598388671875
    },
    "GSG": {
      "qty": 360.0,
      "avg_cost": 23.139999389648438,
      "realized_pnl": 1.1400260925292969
    },
    "GLD": {
      "qty": 21.0,
      "avg_cost": 398.6000061035156,
      "realized_pnl": 0.0
    },
    "FCX": {
      "qty": 162.0,
      "avg_cost": 51.352046966552734,
      "realized_pnl": 0.0
    }
  },
  "source": "crisis",
  "description": "Ride multi-commodity momentum when commodities outperform stocks",
  "rolling_windows": {
    "1Y_2015": {
      "ret": -0.0978,
      "sh": -2.84,
      "dd": -0.122
    },
    "1Y_2016": {
      "ret": 0.0779,
      "sh": 0.35,
      "dd": -0.1041
    },
    "1Y_2017": {
      "ret": 0.0831,
      "sh": 0.56,
      "dd": -0.084
    },
    "1Y_2018": {
      "ret": -0.1021,
      "sh": -1.59,
      "dd": -0.132
    },
    "1Y_2019": {
      "ret": -0.0021,
      "sh": -0.81,
      "dd": -0.0824
    },
    "1Y_2020": {
      "ret": 0.241,
      "sh": 1.45,
      "dd": -0.0718
    },
    "1Y_2021": {
      "ret": 0.1886,
      "sh": 0.81,
      "dd": -0.1527
    },
    "1Y_2022": {
      "ret": 0.1258,
      "sh": 0.6,
      "dd": -0.175
    },
    "1Y_2023": {
      "ret": -0.0793,
      "sh": -1.39,
      "dd": -0.1484
    },
    "1Y_2024": {
      "ret": -0.0334,
      "sh": -0.59,
      "dd": -0.1504
    },
    "1Y_2025": {
      "ret": 0.0303,
      "sh": -0.02,
      "dd": -0.1017
    },
    "3Y_2015_2017": {
      "ret": 0.0592,
      "sh": -0.18,
      "dd": -0.1243
    },
    "3Y_2016_2018": {
      "ret": 0.0644,
      "sh": -0.13,
      "dd": -0.1321
    },
    "3Y_2017_2019": {
      "ret": -0.0199,
      "sh": -0.58,
      "dd": -0.1657
    },
    "3Y_2018_2020": {
      "ret": 0.1126,
      "sh": 0.01,
      "dd": -0.185
    },
    "3Y_2019_2021": {
      "ret": 0.4865,
      "sh": 0.76,
      "dd": -0.1527
    },
    "3Y_2020_2022": {
      "ret": 0.6795,
      "sh": 0.93,
      "dd": -0.1747
    },
    "3Y_2021_2023": {
      "ret": 0.2275,
      "sh": 0.27,
      "dd": -0.2324
    },
    "3Y_2022_2024": {
      "ret": 0.0022,
      "sh": -0.26,
      "dd": -0.2431
    },
    "3Y_2023_2025": {
      "ret": -0.0815,
      "sh": -0.59,
      "dd": -0.2261
    },
    "5Y_2015_2019": {
      "ret": -0.0418,
      "sh": -0.53,
      "dd": -0.1658
    },
    "5Y_2016_2020": {
      "ret": 0.3188,
      "sh": 0.21,
      "dd": -0.1851
    },
    "5Y_2017_2021": {
      "ret": 0.4608,
      "sh": 0.37,
      "dd": -0.1849
    },
    "5Y_2018_2022": {
      "ret": 0.5035,
      "sh": 0.39,
      "dd": -0.185
    },
    "5Y_2019_2023": {
      "ret": 0.5381,
      "sh": 0.43,
      "dd": -0.2322
    },
    "5Y_2020_2024": {
      "ret": 0.4951,
      "sh": 0.37,
      "dd": -0.2429
    },
    "5Y_2021_2025": {
      "ret": 0.2254,
      "sh": 0.08,
      "dd": -0.3022
    },
    "10Y_2015_2024": {
      "ret": 0.4321,
      "sh": 0.03,
      "dd": -0.2431
    }
  }
}