{
  "metrics": {
    "total_return": 1.5413741550756512,
    "cagr": 0.366112757705082,
    "annual_volatility": 0.2618270838325608,
    "sharpe_ratio": 1.17671685151023,
    "sortino_ratio": 1.763005724501715,
    "calmar_ratio": 1.23225527148295,
    "max_drawdown": -0.2971078851742187,
    "max_drawdown_date": "2025-04-04",
    "win_rate": 0.5339547270306259,
    "profit_factor": 1.2527025664851865,
    "num_trading_days": 751,
    "skewness": 0.1347849667892375,
    "kurtosis": 2.047705965834173,
    "best_day": 0.08445883782682184,
    "worst_day": -0.057274987172664105,
    "avg_daily_return": 0.0013782543934561676,
    "black_swan_resilience": 73.3,
    "benchmark_total_return": 0.8628177193040827,
    "benchmark_cagr": 0.23130614737691846,
    "alpha": 0.13480661032816355,
    "beta": 1.0576800872158398,
    "information_ratio": 0.6556795697401743,
    "tracking_error": 0.20559830830413595
  },
  "trade_metrics": {
    "num_trades": 990,
    "num_buys": 473,
    "num_sells": 517,
    "total_commission": 0.0,
    "total_slippage": 20651.594152162565,
    "total_transaction_costs": 20651.594152162565,
    "avg_trade_size": 20860.196113295508
  },
  "final_positions": {
    "JPM": {
      "qty": 154.0,
      "avg_cost": 308.28638718767866,
      "realized_pnl": 117.15108173649469
    },
    "PLTR": {
      "qty": 288.0,
      "avg_cost": 182.4874699910482,
      "realized_pnl": 15.839950561523438
    },
    "LLY": {
      "qty": 41.0,
      "avg_cost": 1062.1598287442835,
      "realized_pnl": 0.0
    },
    "NVDA": {
      "qty": 271.0,
      "avg_cost": 188.20980834960938,
      "realized_pnl": 0.0
    },
    "AMZN": {
      "qty": 201.0,
      "avg_cost": 232.07000732421875,
      "realized_pnl": 0.0
    }
  },
  "source": "unconventional",
  "description": "Extreme concentration: top 3-5 strongest momentum stocks only"
}