{
  "metrics": {
    "total_return": 1.3564927005543912,
    "cagr": 0.33326001937510097,
    "annual_volatility": 0.21125734208817024,
    "sharpe_ratio": 1.2815869293589304,
    "sortino_ratio": 2.170138172451008,
    "calmar_ratio": 1.8552822762381964,
    "max_drawdown": -0.1796276629402319,
    "max_drawdown_date": "2024-09-06 00:00:00",
    "win_rate": 0.3941411451398136,
    "profit_factor": 1.3447536661830246,
    "num_trading_days": 751,
    "skewness": 0.47936765467803044,
    "kurtosis": 4.671208818337013,
    "best_day": 0.08447044283088712,
    "worst_day": -0.057240676313465855,
    "avg_daily_return": 0.0012300333879948628,
    "benchmark_total_return": 0.2866220704304123,
    "benchmark_cagr": 0.08824471375349763,
    "alpha": 0.24501530562160334,
    "beta": 0.5398611808453576,
    "information_ratio": 1.1929525294085435,
    "tracking_error": 0.20538562900158316
  },
  "trade_metrics": {
    "num_trades": 698,
    "num_buys": 331,
    "num_sells": 367,
    "total_commission": 0.0,
    "total_slippage": 12637.872294756875,
    "total_transaction_costs": 12637.872294756875,
    "avg_trade_size": 18105.834233176058
  }
}