{
  "metrics": {
    "total_return": 1.0323201578963146,
    "cagr": 0.2677003104627864,
    "annual_volatility": 0.12489240672927912,
    "sharpe_ratio": 1.654347731581995,
    "sortino_ratio": 2.580544950152302,
    "calmar_ratio": 1.9788049254399127,
    "max_drawdown": -0.1352838306703089,
    "max_drawdown_date": "2025-04-08",
    "win_rate": 0.5752330226364847,
    "profit_factor": 1.4150675971538165,
    "num_trading_days": 751,
    "skewness": 0.5645251265736652,
    "kurtosis": 6.900991521111681,
    "best_day": 0.06630064621183474,
    "worst_day": -0.02932699174266984,
    "avg_daily_return": 0.0009755525205864961,
    "black_swan_resilience": 87.3,
    "benchmark_total_return": 0.8628177193040827,
    "benchmark_cagr": 0.23130614737691846,
    "alpha": 0.03639416308586796,
    "beta": 0.6481763645335274,
    "information_ratio": 0.3921122717871168,
    "tracking_error": 0.09281566965500855
  },
  "trade_metrics": {
    "num_trades": 1590,
    "num_buys": 813,
    "num_sells": 777,
    "total_commission": 0.0,
    "total_slippage": 3583.9112270488804,
    "total_transaction_costs": 3583.9112270488804,
    "avg_trade_size": 2254.032218269732
  },
  "final_positions": {
    "GLD": {
      "qty": 72.0,
      "avg_cost": 297.91709199958785,
      "realized_pnl": 14881.010634956654
    },
    "SHY": {
      "qty": 248.0,
      "avg_cost": 78.878723153869,
      "realized_pnl": 1238.664484432466
    },
    "SCHD": {
      "qty": 744.0,
      "avg_cost": 24.36368829735005,
      "realized_pnl": 2915.6636659060487
    },
    "MSFT": {
      "qty": 41.0,
      "avg_cost": 478.5639470748093,
      "realized_pnl": 926.615665516403
    },
    "NVDA": {
      "qty": 107.0,
      "avg_cost": 168.53964447299245,
      "realized_pnl": 1564.2609558025797
    },
    "GOOGL": {
      "qty": 64.0,
      "avg_cost": 218.2078972754162,
      "realized_pnl": 5718.946172696952
    },
    "EPD": {
      "qty": 374.0,
      "avg_cost": 29.957364254660305,
      "realized_pnl": 310.4770732687117
    },
    "ET": {
      "qty": 735.0,
      "avg_cost": 16.76537140947259,
      "realized_pnl": -186.015169211904
    },
    "MPLX": {
      "qty": 222.0,
      "avg_cost": 49.138432436583855,
      "realized_pnl": 296.5960069640955
    },
    "AAPL": {
      "qty": 74.0,
      "avg_cost": 240.2670609678223,
      "realized_pnl": 1303.4991144020514
    },
    "CRM": {
      "qty": 70.0,
      "avg_cost": 265.0185777936663,
      "realized_pnl": 0.0
    }
  },
  "source": "orchestrator",
  "description": "70% regime-adaptive + 30% permanent defense (GLD/SHY/SCHD). Lower DD, steadier returns."
}