{
  "metrics": {
    "total_return": 1.1778521916597846,
    "cagr": 0.2973676694340839,
    "annual_volatility": 0.2023399167231087,
    "sharpe_ratio": 1.1980058582421464,
    "sortino_ratio": 1.8406501107971467,
    "calmar_ratio": 1.1695748267596104,
    "max_drawdown": -0.25425279565734327,
    "max_drawdown_date": "2025-04-08",
    "win_rate": 0.5419440745672437,
    "profit_factor": 1.2790597362117975,
    "num_trading_days": 751,
    "skewness": 0.7301974271860752,
    "kurtosis": 13.323851697323517,
    "best_day": 0.12265826437548077,
    "worst_day": -0.07111357490614956,
    "avg_daily_return": 0.0011175721071980573,
    "black_swan_resilience": 83.2,
    "benchmark_total_return": 0.8628177193040827,
    "benchmark_cagr": 0.23130614737691846,
    "alpha": 0.06606152205716542,
    "beta": 1.082147692269232,
    "information_ratio": 0.5684500683065284,
    "tracking_error": 0.11621341211897385
  },
  "trade_metrics": {
    "num_trades": 1798,
    "num_buys": 858,
    "num_sells": 940,
    "total_commission": 0.0,
    "total_slippage": 11001.731345273007,
    "total_transaction_costs": 11001.731345273007,
    "avg_trade_size": 6118.8717159471735
  },
  "final_positions": {
    "WDC": {
      "qty": 94.0,
      "avg_cost": 159.3132703857422,
      "realized_pnl": 744.7793864746094
    },
    "NFLX": {
      "qty": 281.0,
      "avg_cost": 96.16195817180376,
      "realized_pnl": 0.0
    },
    "ORCL": {
      "qty": 136.0,
      "avg_cost": 187.11728219424978,
      "realized_pnl": 536.981201171875
    },
    "HPQ": {
      "qty": 1011.0,
      "avg_cost": 23.821906743488256,
      "realized_pnl": 0.0
    },
    "MU": {
      "qty": 67.0,
      "avg_cost": 243.8924628567983,
      "realized_pnl": 805.6629771037274
    },
    "HRB": {
      "qty": 394.0,
      "avg_cost": 42.34773254394531,
      "realized_pnl": 56.18092346191406
    },
    "ADP": {
      "qty": 77.0,
      "avg_cost": 257.6114807128906,
      "realized_pnl": -0.128936767578125
    },
    "PAYX": {
      "qty": 175.0,
      "avg_cost": 113.69770050048828,
      "realized_pnl": -0.870941162109375
    },
    "FISV": {
      "qty": 294.0,
      "avg_cost": 67.27999877929688,
      "realized_pnl": 0.0
    },
    "WBD": {
      "qty": 589.0,
      "avg_cost": 28.790000915527344,
      "realized_pnl": 0.0
    }
  },
  "source": "theme",
  "description": "Long the cheap stock in every hot sector: WDC not NVDA, HRB not SNOW, ADP not WDAY"
}