{
  "metrics": {
    "total_return": 0.13531239786019222,
    "cagr": 0.04336168308544619,
    "annual_volatility": 0.047349554725320174,
    "sharpe_ratio": 0.09469108963099439,
    "sortino_ratio": 0.13370777075337928,
    "calmar_ratio": 0.8909690268972165,
    "max_drawdown": -0.048668002788438636,
    "max_drawdown_date": "2023-10-19",
    "win_rate": 0.525965379494008,
    "profit_factor": 1.1669275498247722,
    "num_trading_days": 751,
    "skewness": -0.07472992671357631,
    "kurtosis": 1.359467117809869,
    "best_day": 0.01157833480401349,
    "worst_day": -0.012397479471562334,
    "avg_daily_return": 0.00017344185061063966,
    "black_swan_resilience": 83.9,
    "benchmark_total_return": 0.8628177193040827,
    "benchmark_cagr": 0.23130614737691846,
    "alpha": -0.18794446429147227,
    "beta": 0.11928378109224691,
    "information_ratio": -1.322875214674967,
    "tracking_error": 0.14207270814855397
  },
  "trade_metrics": {
    "num_trades": 135,
    "num_buys": 58,
    "num_sells": 77,
    "total_commission": 0.0,
    "total_slippage": 2647.8271477813737,
    "total_transaction_costs": 2647.8271477813737,
    "avg_trade_size": 19613.534428010164
  },
  "final_positions": {
    "HYG": {
      "qty": 572.0,
      "avg_cost": 78.23714447021484,
      "realized_pnl": 1.37518310546875
    },
    "JNK": {
      "qty": 297.0,
      "avg_cost": 93.99341583251953,
      "realized_pnl": 0.8828125
    },
    "VCIT": {
      "qty": 205.0,
      "avg_cost": 81.97441101074219,
      "realized_pnl": 0.0
    }
  },
  "source": "gap_audit",
  "description": "Rotate high yield vs investment grade based on credit spread regime",
  "rolling_windows": {
    "1Y_2015": {
      "ret": -0.0257,
      "sh": -1.8,
      "dd": -0.0493
    },
    "1Y_2016": {
      "ret": 0.0615,
      "sh": 0.5,
      "dd": -0.0304
    },
    "1Y_2017": {
      "ret": 0.0372,
      "sh": -0.08,
      "dd": -0.0176
    },
    "1Y_2018": {
      "ret": -0.0455,
      "sh": -2.66,
      "dd": -0.0614
    },
    "1Y_2019": {
      "ret": 0.0844,
      "sh": 1.4,
      "dd": -0.02
    },
    "1Y_2020": {
      "ret": 0.0672,
      "sh": 0.33,
      "dd": -0.1118
    },
    "1Y_2021": {
      "ret": 0.0162,
      "sh": -0.66,
      "dd": -0.0239
    },
    "1Y_2022": {
      "ret": -0.1289,
      "sh": -2.24,
      "dd": -0.1631
    },
    "1Y_2023": {
      "ret": 0.0651,
      "sh": 0.45,
      "dd": -0.0487
    },
    "1Y_2024": {
      "ret": 0.0128,
      "sh": -0.59,
      "dd": -0.0327
    },
    "1Y_2025": {
      "ret": 0.0564,
      "sh": 0.45,
      "dd": -0.0233
    },
    "3Y_2015_2017": {
      "ret": 0.0751,
      "sh": -0.4,
      "dd": -0.0493
    },
    "3Y_2016_2018": {
      "ret": 0.0496,
      "sh": -0.65,
      "dd": -0.0618
    },
    "3Y_2017_2019": {
      "ret": 0.0669,
      "sh": -0.57,
      "dd": -0.0618
    },
    "3Y_2018_2020": {
      "ret": 0.1035,
      "sh": -0.08,
      "dd": -0.1119
    },
    "3Y_2019_2021": {
      "ret": 0.1746,
      "sh": 0.27,
      "dd": -0.1119
    },
    "3Y_2020_2022": {
      "ret": -0.0645,
      "sh": -0.81,
      "dd": -0.1827
    },
    "3Y_2021_2023": {
      "ret": -0.0603,
      "sh": -0.97,
      "dd": -0.1826
    },
    "3Y_2022_2024": {
      "ret": -0.0603,
      "sh": -0.94,
      "dd": -0.1631
    },
    "3Y_2023_2025": {
      "ret": 0.1353,
      "sh": 0.09,
      "dd": -0.0487
    },
    "5Y_2015_2019": {
      "ret": 0.1059,
      "sh": -0.54,
      "dd": -0.0618
    },
    "5Y_2016_2020": {
      "ret": 0.2123,
      "sh": 0.01,
      "dd": -0.1119
    },
    "5Y_2017_2021": {
      "ret": 0.1556,
      "sh": -0.18,
      "dd": -0.1119
    },
    "5Y_2018_2022": {
      "ret": -0.0328,
      "sh": -0.74,
      "dd": -0.1826
    },
    "5Y_2019_2023": {
      "ret": 0.086,
      "sh": -0.33,
      "dd": -0.1826
    },
    "5Y_2020_2024": {
      "ret": 0.0093,
      "sh": -0.54,
      "dd": -0.1827
    },
    "5Y_2021_2025": {
      "ret": 0.0016,
      "sh": -0.71,
      "dd": -0.1826
    },
    "10Y_2015_2024": {
      "ret": 0.1165,
      "sh": -0.52,
      "dd": -0.1826
    }
  }
}