{
  "metrics": {
    "total_return": 0.5995522977149006,
    "cagr": 0.1701269878299898,
    "annual_volatility": 0.12500376594713195,
    "sharpe_ratio": 1.0095969021971436,
    "sortino_ratio": 1.5167057577888317,
    "calmar_ratio": 1.2046559293319345,
    "max_drawdown": -0.14122454693294628,
    "max_drawdown_date": "2025-04-08",
    "win_rate": 0.559254327563249,
    "profit_factor": 1.268198676289422,
    "num_trading_days": 751,
    "skewness": 1.0091500919778484,
    "kurtosis": 17.489968742341674,
    "best_day": 0.08328371378577382,
    "worst_day": -0.04449137440693396,
    "avg_daily_return": 0.0006564570646293628,
    "black_swan_resilience": 92.5,
    "benchmark_total_return": 0.8628177193040827,
    "benchmark_cagr": 0.23130614737691846,
    "alpha": -0.06117915954692865,
    "beta": 0.749878122033224,
    "information_ratio": -0.9860552701668359,
    "tracking_error": 0.06204435126296463
  },
  "trade_metrics": {
    "num_trades": 1819,
    "num_buys": 931,
    "num_sells": 888,
    "total_commission": 0.0,
    "total_slippage": 8778.9099971733,
    "total_transaction_costs": 8778.9099971733,
    "avg_trade_size": 4826.228695532331
  },
  "final_positions": {
    "TLT": {
      "qty": 93.0,
      "avg_cost": 87.70372959034675,
      "realized_pnl": 1278.9374906351472
    },
    "SPY": {
      "qty": 82.0,
      "avg_cost": 667.0522953604011,
      "realized_pnl": 22712.515148263836
    },
    "GLD": {
      "qty": 20.0,
      "avg_cost": 383.6316287212217,
      "realized_pnl": 8117.922674522108
    },
    "QQQ": {
      "qty": 78.0,
      "avg_cost": 606.3495576110068,
      "realized_pnl": 988.013723638993
    },
    "IWM": {
      "qty": 98.0,
      "avg_cost": 242.1525238382955,
      "realized_pnl": 536.0687350787412
    }
  },
  "source": "crisis",
  "description": "4-regime VIX rotation: growth/balanced/defensive/contrarian-buy",
  "rolling_windows": {
    "1Y_2015": {
      "ret": -0.0112,
      "sh": -0.44,
      "dd": -0.107
    },
    "1Y_2016": {
      "ret": 0.1234,
      "sh": 0.97,
      "dd": -0.0518
    },
    "1Y_2017": {
      "ret": 0.1849,
      "sh": 2.09,
      "dd": -0.0252
    },
    "1Y_2018": {
      "ret": -0.0238,
      "sh": -0.5,
      "dd": -0.1169
    },
    "1Y_2019": {
      "ret": 0.1937,
      "sh": 1.61,
      "dd": -0.0701
    },
    "1Y_2020": {
      "ret": 0.1681,
      "sh": 0.6,
      "dd": -0.2194
    },
    "1Y_2021": {
      "ret": 0.1403,
      "sh": 0.9,
      "dd": -0.0571
    },
    "1Y_2022": {
      "ret": -0.1701,
      "sh": -1.59,
      "dd": -0.1953
    },
    "1Y_2023": {
      "ret": 0.1479,
      "sh": 0.98,
      "dd": -0.1339
    },
    "1Y_2024": {
      "ret": 0.2087,
      "sh": 1.37,
      "dd": -0.0648
    },
    "1Y_2025": {
      "ret": 0.1632,
      "sh": 0.84,
      "dd": -0.141
    },
    "3Y_2015_2017": {
      "ret": 0.3201,
      "sh": 0.67,
      "dd": -0.107
    },
    "3Y_2016_2018": {
      "ret": 0.3203,
      "sh": 0.65,
      "dd": -0.1169
    },
    "3Y_2017_2019": {
      "ret": 0.3924,
      "sh": 0.83,
      "dd": -0.1168
    },
    "3Y_2018_2020": {
      "ret": 0.3716,
      "sh": 0.49,
      "dd": -0.2195
    },
    "3Y_2019_2021": {
      "ret": 0.588,
      "sh": 0.8,
      "dd": -0.2194
    },
    "3Y_2020_2022": {
      "ret": 0.0944,
      "sh": 0.03,
      "dd": -0.2194
    },
    "3Y_2021_2023": {
      "ret": 0.0909,
      "sh": -0.02,
      "dd": -0.2068
    },
    "3Y_2022_2024": {
      "ret": 0.1448,
      "sh": 0.11,
      "dd": -0.1953
    },
    "3Y_2023_2025": {
      "ret": 0.5996,
      "sh": 1.01,
      "dd": -0.1412
    },
    "5Y_2015_2019": {
      "ret": 0.5509,
      "sh": 0.57,
      "dd": -0.1171
    },
    "5Y_2016_2020": {
      "ret": 0.8559,
      "sh": 0.7,
      "dd": -0.2194
    },
    "5Y_2017_2021": {
      "ret": 0.8519,
      "sh": 0.68,
      "dd": -0.2196
    },
    "5Y_2018_2022": {
      "ret": 0.2854,
      "sh": 0.15,
      "dd": -0.2195
    },
    "5Y_2019_2023": {
      "ret": 0.5199,
      "sh": 0.38,
      "dd": -0.2194
    },
    "5Y_2020_2024": {
      "ret": 0.5097,
      "sh": 0.36,
      "dd": -0.2194
    },
    "5Y_2021_2025": {
      "ret": 0.5201,
      "sh": 0.42,
      "dd": -0.2068
    },
    "10Y_2015_2024": {
      "ret": 1.3657,
      "sh": 0.44,
      "dd": -0.2195
    }
  }
}