{
  "metrics": {
    "total_return": 0.11617648215578358,
    "cagr": 0.03744622601795755,
    "annual_volatility": 0.07514702893521577,
    "sharpe_ratio": 0.007200497861948871,
    "sortino_ratio": 0.00854617871784743,
    "calmar_ratio": 0.2601548447241298,
    "max_drawdown": -0.14393822285979652,
    "max_drawdown_date": "2025-04-21",
    "win_rate": 0.5699067909454061,
    "profit_factor": 1.1711052241501492,
    "num_trading_days": 751,
    "skewness": -6.668893119404758,
    "kurtosis": 101.0632556278802,
    "best_day": 0.028095824892663712,
    "worst_day": -0.06854007750899294,
    "avg_daily_return": 0.00015779706922451611,
    "black_swan_resilience": 67.5,
    "benchmark_total_return": 0.8628177193040827,
    "benchmark_cagr": 0.23130614737691846,
    "alpha": -0.1938599213589609,
    "beta": 0.28695369596755793,
    "information_ratio": -1.5477780602058868,
    "tracking_error": 0.12525046474245377
  },
  "trade_metrics": {
    "num_trades": 222,
    "num_buys": 92,
    "num_sells": 130,
    "total_commission": 0.0,
    "total_slippage": 879.6287540092461,
    "total_transaction_costs": 879.6287540092461,
    "avg_trade_size": 3962.2916847263373
  },
  "final_positions": {
    "JPM": {
      "qty": 28.0,
      "avg_cost": 219.43367102375868,
      "realized_pnl": 5723.875080840535
    },
    "BLK": {
      "qty": 8.0,
      "avg_cost": 881.977910822088,
      "realized_pnl": 1422.3666215376395
    }
  },
  "source": "unconventional",
  "description": "Crypto collapse drives capital to traditional banks, brokers, asset managers.",
  "horizon": "3Y (2023-2025)",
  "consistency_score": 0.67,
  "windows_tested": 6,
  "composite_score": 0.0483,
  "rolling_windows": {
    "1Y_2023": {
      "ret": 0.0582,
      "sh": 0.37,
      "dd": -0.0486
    },
    "1Y_2024": {
      "ret": 0.0792,
      "sh": 1.03,
      "dd": -0.0182
    },
    "1Y_2025": {
      "ret": -0.0216,
      "sh": -0.48,
      "dd": -0.1435
    },
    "3Y_2022_2024": {
      "ret": 0.0399,
      "sh": -0.17,
      "dd": -0.1751
    },
    "3Y_2023_2025": {
      "ret": 0.1162,
      "sh": 0.01,
      "dd": -0.1439
    },
    "5Y_2020_2024": {
      "ret": 0.2184,
      "sh": 0.06,
      "dd": -0.1755
    }
  }
}