{
  "metrics": {
    "total_return": 0.7504910436231707,
    "cagr": 0.20595649271935224,
    "annual_volatility": 0.1521147701437235,
    "sharpe_ratio": 1.053815844227897,
    "sortino_ratio": 1.5402245796614218,
    "calmar_ratio": 1.3446640884057228,
    "max_drawdown": -0.15316575678282662,
    "max_drawdown_date": "2025-04-08",
    "win_rate": 0.5352862849533955,
    "profit_factor": 1.2732357333021178,
    "num_trading_days": 751,
    "skewness": -0.4082145406270512,
    "kurtosis": 6.966343194273355,
    "best_day": 0.04929756836826038,
    "worst_day": -0.06726227896067583,
    "avg_daily_return": 0.0007917647632616615,
    "black_swan_resilience": 74.1,
    "benchmark_total_return": 0.8628177193040827,
    "benchmark_cagr": 0.23130614737691846,
    "alpha": -0.025349654657566223,
    "beta": 0.5341218006763815,
    "information_ratio": -0.17275956639479617,
    "tracking_error": 0.14673372471679114
  },
  "trade_metrics": {
    "num_trades": 239,
    "num_buys": 116,
    "num_sells": 123,
    "total_commission": 0.0,
    "total_slippage": 3222.3172927513133,
    "total_transaction_costs": 3222.3172927513133,
    "avg_trade_size": 13482.499132850679
  },
  "final_positions": {
    "NEE": {
      "qty": 316.0,
      "avg_cost": 72.91502169905037,
      "realized_pnl": -737.7894147675624
    },
    "GOOGL": {
      "qty": 84.0,
      "avg_cost": 314.4627990722656,
      "realized_pnl": 9738.870697021484
    },
    "AMZN": {
      "qty": 113.0,
      "avg_cost": 251.86336335038717,
      "realized_pnl": 8056.801544189455
    }
  },
  "source": "political",
  "description": "Event-driven activist: catalyst plays + quality momentum, +24% in 2025",
  "horizon": "3Y (2023-2025)",
  "composite_score": 0.4469,
  "consistency_score": 0.83,
  "n_windows_tested": 12,
  "avg_1Y_return": 0.1941,
  "avg_3Y_return": 0.5168,
  "avg_5Y_return": 1.1957,
  "avg_10Y_return": null,
  "rolling_windows": {
    "1Y_2023": {
      "ret": 0.264,
      "sh": 1.59,
      "dd": -0.061
    },
    "1Y_2024": {
      "ret": 0.3734,
      "sh": 1.64,
      "dd": -0.1358
    },
    "1Y_2025": {
      "ret": 0.0006,
      "sh": -0.21,
      "dd": -0.1531
    },
    "3Y_2022_2024": {
      "ret": 0.5111,
      "sh": 0.77,
      "dd": -0.154
    },
    "3Y_2023_2025": {
      "ret": 0.7505,
      "sh": 1.05,
      "dd": -0.1532
    },
    "5Y_2020_2024": {
      "ret": 1.6015,
      "sh": 1.0,
      "dd": -0.1932
    },
    "1Y_2020": {
      "ret": 0.4977,
      "sh": 1.67,
      "dd": -0.1932
    },
    "1Y_2021": {
      "ret": 0.151,
      "sh": 0.74,
      "dd": -0.1231
    },
    "1Y_2022": {
      "ret": -0.122,
      "sh": -1.63,
      "dd": -0.1235
    },
    "3Y_2020_2022": {
      "ret": 0.5119,
      "sh": 0.66,
      "dd": -0.1932
    },
    "3Y_2021_2023": {
      "ret": 0.2937,
      "sh": 0.43,
      "dd": -0.1539
    },
    "5Y_2021_2025": {
      "ret": 0.79,
      "sh": 0.61,
      "dd": -0.1539
    }
  }
}