{
  "metrics": {
    "total_return": 0.7504910436231707,
    "cagr": 0.20595649271935224,
    "annual_volatility": 0.1521147701437235,
    "sharpe_ratio": 1.053815844227897,
    "sortino_ratio": 1.540224579661422,
    "calmar_ratio": 1.3446640884057248,
    "max_drawdown": -0.1531657567828264,
    "max_drawdown_date": "2025-04-08",
    "win_rate": 0.5352862849533955,
    "profit_factor": 1.273235733302118,
    "num_trading_days": 751,
    "skewness": -0.4082145406270511,
    "kurtosis": 6.966343194273355,
    "best_day": 0.04929756836826038,
    "worst_day": -0.06726227896067583,
    "avg_daily_return": 0.0007917647632616616,
    "black_swan_resilience": 74.1,
    "benchmark_total_return": 0.8628177193040827,
    "benchmark_cagr": 0.23130614737691846,
    "alpha": -0.025349654657566223,
    "beta": 0.5341218006763815,
    "information_ratio": -0.17275956639479617,
    "tracking_error": 0.14673372471679114
  },
  "trade_metrics": {
    "num_trades": 239,
    "num_buys": 116,
    "num_sells": 123,
    "total_commission": 0.0,
    "total_slippage": 3222.3172927513133,
    "total_transaction_costs": 3222.3172927513133,
    "avg_trade_size": 13482.499132850679
  },
  "final_positions": {
    "NEE": {
      "qty": 316.0,
      "avg_cost": 72.91502169905037,
      "realized_pnl": 502.66691457814187
    },
    "AMZN": {
      "qty": 113.0,
      "avg_cost": 251.86336335038717,
      "realized_pnl": 0.0
    },
    "GOOGL": {
      "qty": 84.0,
      "avg_cost": 314.4627990722656,
      "realized_pnl": 0.0
    }
  },
  "source": "political",
  "description": "Event-driven activist: catalyst plays + quality momentum, +24% in 2025"
}