{
  "metrics": {
    "total_return": 0.6169934438126836,
    "cagr": 0.17437913243585546,
    "annual_volatility": 0.129602604932811,
    "sharpe_ratio": 1.006842797120217,
    "sortino_ratio": 1.4514238363962184,
    "calmar_ratio": 1.5064658632554186,
    "max_drawdown": -0.11575378950773463,
    "max_drawdown_date": "2024-12-18",
    "win_rate": 0.5446071904127829,
    "profit_factor": 1.2586486628694955,
    "num_trading_days": 751,
    "skewness": -0.48311017298580233,
    "kurtosis": 4.69575496238679,
    "best_day": 0.03330266034961671,
    "worst_day": -0.05042584385174531,
    "avg_daily_return": 0.0006734651376508573,
    "black_swan_resilience": 75.1,
    "benchmark_total_return": 0.8628177193040827,
    "benchmark_cagr": 0.23130614737691846,
    "alpha": -0.056927014941063,
    "beta": 0.32291605024252157,
    "information_ratio": -0.3590157566420426,
    "tracking_error": 0.15856411282199573
  },
  "trade_metrics": {
    "num_trades": 968,
    "num_buys": 484,
    "num_sells": 484,
    "total_commission": 0.0,
    "total_slippage": 3641.4117211847306,
    "total_transaction_costs": 3641.4117211847306,
    "avg_trade_size": 3761.788968166044
  },
  "final_positions": {
    "LMT": {
      "qty": 33.0,
      "avg_cost": 465.321119609632,
      "realized_pnl": -2669.5727000989427
    },
    "HII": {
      "qty": 47.0,
      "avg_cost": 309.8801513495303,
      "realized_pnl": 5601.912462549021
    },
    "LDOS": {
      "qty": 106.0,
      "avg_cost": 184.43527710613702,
      "realized_pnl": 3950.236617513216
    },
    "RTX": {
      "qty": 88.0,
      "avg_cost": 158.7337104719114,
      "realized_pnl": 6020.250969770392
    },
    "NOC": {
      "qty": 34.0,
      "avg_cost": 561.1744659318232,
      "realized_pnl": -4203.739026237939
    },
    "GD": {
      "qty": 58.0,
      "avg_cost": 329.91920115037993,
      "realized_pnl": 4246.698737522811
    },
    "KTOS": {
      "qty": 254.0,
      "avg_cost": 80.23727487128095,
      "realized_pnl": 29748.79689960364
    },
    "LHX": {
      "qty": 67.0,
      "avg_cost": 279.3961051547813,
      "realized_pnl": 3007.8000927336348
    }
  },
  "source": "unconventional",
  "description": "Defense primes with locked-in backlogs. Buy dips on peace headlines \u2014 revenue is already contracted."
}