{
  "metrics": {
    "total_return": 0.4897985932125768,
    "cagr": 0.10509780079352637,
    "annual_volatility": 0.13433006870793865,
    "sharpe_ratio": 0.5212997426927142,
    "sortino_ratio": 0.7980284063448254,
    "calmar_ratio": 0.565270110965492,
    "max_drawdown": -0.1859249211213686,
    "max_drawdown_date": "2023-10-05",
    "win_rate": 0.4780439121756487,
    "profit_factor": 1.174474844092321,
    "num_trading_days": 1002,
    "skewness": 0.7912055291966932,
    "kurtosis": 9.635661183534271,
    "best_day": 0.07255200461534361,
    "worst_day": -0.04523287790820629,
    "avg_daily_return": 0.00043353172887595733,
    "black_swan_resilience": 87.5,
    "benchmark_total_return": 0.509089291202014,
    "benchmark_cagr": 0.10866769719837444,
    "alpha": -0.003569896404848061,
    "beta": 0.28672894557193584,
    "information_ratio": -0.019992370864018293,
    "tracking_error": 0.17856293428775172
  },
  "trade_metrics": {
    "num_trades": 260,
    "num_buys": 138,
    "num_sells": 122,
    "total_commission": 0.0,
    "total_slippage": 2418.8745353603367,
    "total_transaction_costs": 2418.8745353603367,
    "avg_trade_size": 9303.363597539756
  },
  "final_positions": {
    "LHX": {
      "qty": 58.0,
      "avg_cost": 286.39569091796875,
      "realized_pnl": 2529.523117065431
    },
    "LDOS": {
      "qty": 85.0,
      "avg_cost": 187.52801513671875,
      "realized_pnl": 2195.430976867673
    },
    "HII": {
      "qty": 52.0,
      "avg_cost": 305.6947326660156,
      "realized_pnl": 4603.107955932622
    },
    "LMT": {
      "qty": 36.0,
      "avg_cost": 481.7245788574219,
      "realized_pnl": 6862.330139160154
    },
    "NOC": {
      "qty": 29.0,
      "avg_cost": 571.257568359375,
      "realized_pnl": 7486.299163818362
    },
    "RTX": {
      "qty": 95.0,
      "avg_cost": 167.4637908935547,
      "realized_pnl": 7896.122985839845
    },
    "BAESY": {
      "qty": 187.0,
      "avg_cost": 97.8499984741211,
      "realized_pnl": 12373.0057888031
    },
    "GD": {
      "qty": 48.0,
      "avg_cost": 331.0277404785156,
      "realized_pnl": 5147.303604125978
    }
  },
  "source": "theme",
  "description": "NATO spending boom: LMT, NOC, RTX, BAE, GD \u2014 cost-plus contracts = guaranteed margins",
  "horizon": "4Y (2022-2025)"
}