{
  "metrics": {
    "total_return": -0.031407113638121764,
    "cagr": -0.007967713251840092,
    "annual_volatility": 0.10957467575083622,
    "sharpe_ratio": -0.3763400518202811,
    "sortino_ratio": -0.5085910921404034,
    "calmar_ratio": -0.05147191258463228,
    "max_drawdown": -0.15479730306775064,
    "max_drawdown_date": "2022-09-30",
    "win_rate": 0.5139720558882236,
    "profit_factor": 0.9967992647776875,
    "num_trading_days": 1002,
    "skewness": -0.47751709376739016,
    "kurtosis": 6.3033801318274465,
    "best_day": 0.033193418500303995,
    "worst_day": -0.05539647377387735,
    "avg_daily_return": -7.990371931991937e-06,
    "black_swan_resilience": 73.4,
    "benchmark_total_return": 0.509089291202014,
    "benchmark_cagr": 0.10866769719837444,
    "alpha": -0.11663541045021453,
    "beta": 0.3805688829728209,
    "information_ratio": -0.8297922007660052,
    "tracking_error": 0.14055978152427198
  },
  "trade_metrics": {
    "num_trades": 612,
    "num_buys": 284,
    "num_sells": 328,
    "total_commission": 0.0,
    "total_slippage": 3470.5247152900674,
    "total_transaction_costs": 3470.5247152900674,
    "avg_trade_size": 5670.792018447826
  },
  "final_positions": {
    "ECL": {
      "qty": 32.0,
      "avg_cost": 271.3698425292969,
      "realized_pnl": 2622.0369415283208
    },
    "WMT": {
      "qty": 79.0,
      "avg_cost": 111.07515716552734,
      "realized_pnl": 364.97164916992284
    },
    "XOM": {
      "qty": 76.0,
      "avg_cost": 112.39482861895894,
      "realized_pnl": 2872.333490238633
    },
    "PEP": {
      "qty": 60.0,
      "avg_cost": 146.75071716308594,
      "realized_pnl": -479.7677612304694
    },
    "JNJ": {
      "qty": 43.0,
      "avg_cost": 160.3302001244826,
      "realized_pnl": -408.35644835818647
    },
    "MRK": {
      "qty": 87.0,
      "avg_cost": 100.22469329833984,
      "realized_pnl": -613.162902832029
    },
    "MCD": {
      "qty": 29.0,
      "avg_cost": 301.88360595703125,
      "realized_pnl": 344.77790832519577
    },
    "NEE": {
      "qty": 104.0,
      "avg_cost": 72.6242147493763,
      "realized_pnl": -2206.7498408085157
    },
    "EMR": {
      "qty": 67.0,
      "avg_cost": 138.8912811279297,
      "realized_pnl": 1487.86228942871
    },
    "LOW": {
      "qty": 36.0,
      "avg_cost": 245.2884063720703,
      "realized_pnl": 347.3491668701172
    }
  },
  "source": "unconventional",
  "description": "Quality dividends + momentum: only buy Aristocrats in uptrends",
  "horizon": "4Y (2022-2025)"
}