{
  "metrics": {
    "total_return": 0.2760905766299251,
    "cagr": 0.0849632681380148,
    "annual_volatility": 0.10387848667543742,
    "sharpe_ratio": 0.46201869410173396,
    "sortino_ratio": 0.6511907096308279,
    "calmar_ratio": 0.8765888374498307,
    "max_drawdown": -0.09692488029529289,
    "max_drawdown_date": "2023-10-27",
    "win_rate": 0.5286284953395473,
    "profit_factor": 1.149891888644775,
    "num_trading_days": 751,
    "skewness": -0.3841402248575885,
    "kurtosis": 4.812097515258616,
    "best_day": 0.034700934785187876,
    "worst_day": -0.04806342604960023,
    "avg_daily_return": 0.0003461014610414611,
    "black_swan_resilience": 77.4,
    "benchmark_total_return": 0.8628177193040827,
    "benchmark_cagr": 0.23130614737691846,
    "alpha": -0.14634287923890366,
    "beta": 0.3317837541079153,
    "information_ratio": -1.069634467761868,
    "tracking_error": 0.13681578487753432
  },
  "trade_metrics": {
    "num_trades": 458,
    "num_buys": 215,
    "num_sells": 243,
    "total_commission": 0.0,
    "total_slippage": 774.888426700592,
    "total_transaction_costs": 774.888426700592,
    "avg_trade_size": 1691.8961281672316
  },
  "final_positions": {
    "PG": {
      "qty": 83.0,
      "avg_cost": 154.95412663133848,
      "realized_pnl": 1356.405675684296
    },
    "KO": {
      "qty": 127.0,
      "avg_cost": 65.87999570049675,
      "realized_pnl": 1441.2619640338905
    },
    "PEP": {
      "qty": 62.0,
      "avg_cost": 149.81472433624415,
      "realized_pnl": -656.9936676909468
    },
    "ABBV": {
      "qty": 27.0,
      "avg_cost": 195.9856624998487,
      "realized_pnl": 3374.396968001286
    },
    "MO": {
      "qty": 106.0,
      "avg_cost": 45.855888642499615,
      "realized_pnl": 2250.600466399156
    },
    "PM": {
      "qty": 79.0,
      "avg_cost": 147.88344346824306,
      "realized_pnl": 3863.7803686469647
    },
    "O": {
      "qty": 161.0,
      "avg_cost": 53.22824557529138,
      "realized_pnl": 629.5349102110214
    },
    "SCHD": {
      "qty": 336.0,
      "avg_cost": 25.002522566154717,
      "realized_pnl": 1084.182581312459
    },
    "VIG": {
      "qty": 42.0,
      "avg_cost": 189.14500042619397,
      "realized_pnl": 2154.770819291749
    },
    "NOBL": {
      "qty": 88.0,
      "avg_cost": 95.23247144892187,
      "realized_pnl": 1146.9221176320762
    },
    "JNJ": {
      "qty": 30.0,
      "avg_cost": 164.8002159123916,
      "realized_pnl": 1344.1326370397082
    },
    "CVX": {
      "qty": 80.0,
      "avg_cost": 144.05216418279943,
      "realized_pnl": 1083.0649803270812
    },
    "XOM": {
      "qty": 105.0,
      "avg_cost": 109.69674886725798,
      "realized_pnl": 1475.8808219190184
    }
  },
  "source": "portfolio",
  "description": "10+ year dividend growers, reinvest all dividends, never sell winners",
  "rolling_windows": {
    "1Y_2015": {
      "ret": 0.0182,
      "sh": -0.09,
      "dd": -0.1249
    },
    "1Y_2016": {
      "ret": 0.1698,
      "sh": 1.18,
      "dd": -0.0548
    },
    "1Y_2017": {
      "ret": 0.1631,
      "sh": 1.96,
      "dd": -0.0248
    },
    "1Y_2018": {
      "ret": -0.0576,
      "sh": -0.66,
      "dd": -0.1377
    },
    "1Y_2019": {
      "ret": 0.2172,
      "sh": 1.66,
      "dd": -0.0501
    },
    "1Y_2020": {
      "ret": 0.0165,
      "sh": 0.08,
      "dd": -0.3268
    },
    "1Y_2021": {
      "ret": 0.2797,
      "sh": 1.96,
      "dd": -0.044
    },
    "1Y_2022": {
      "ret": 0.1127,
      "sh": 0.53,
      "dd": -0.126
    },
    "1Y_2023": {
      "ret": -0.0029,
      "sh": -0.37,
      "dd": -0.0969
    },
    "1Y_2024": {
      "ret": 0.1056,
      "sh": 0.72,
      "dd": -0.0715
    },
    "1Y_2025": {
      "ret": 0.1436,
      "sh": 0.88,
      "dd": -0.0923
    },
    "3Y_2015_2017": {
      "ret": 0.368,
      "sh": 0.68,
      "dd": -0.1249
    },
    "3Y_2016_2018": {
      "ret": 0.2818,
      "sh": 0.47,
      "dd": -0.1374
    },
    "3Y_2017_2019": {
      "ret": 0.3264,
      "sh": 0.59,
      "dd": -0.1374
    },
    "3Y_2018_2020": {
      "ret": 0.1614,
      "sh": 0.16,
      "dd": -0.3267
    },
    "3Y_2019_2021": {
      "ret": 0.561,
      "sh": 0.65,
      "dd": -0.3269
    },
    "3Y_2020_2022": {
      "ret": 0.4333,
      "sh": 0.49,
      "dd": -0.3268
    },
    "3Y_2021_2023": {
      "ret": 0.4219,
      "sh": 0.71,
      "dd": -0.1254
    },
    "3Y_2022_2024": {
      "ret": 0.2413,
      "sh": 0.34,
      "dd": -0.126
    },
    "3Y_2023_2025": {
      "ret": 0.2761,
      "sh": 0.46,
      "dd": -0.0969
    },
    "5Y_2015_2019": {
      "ret": 0.5599,
      "sh": 0.51,
      "dd": -0.1376
    },
    "5Y_2016_2020": {
      "ret": 0.5786,
      "sh": 0.4,
      "dd": -0.327
    },
    "5Y_2017_2021": {
      "ret": 0.7001,
      "sh": 0.48,
      "dd": -0.3268
    },
    "5Y_2018_2022": {
      "ret": 0.6366,
      "sh": 0.42,
      "dd": -0.3267
    },
    "5Y_2019_2023": {
      "ret": 0.7327,
      "sh": 0.5,
      "dd": -0.3269
    },
    "5Y_2020_2024": {
      "ret": 0.5989,
      "sh": 0.4,
      "dd": -0.3268
    },
    "5Y_2021_2025": {
      "ret": 0.8194,
      "sh": 0.76,
      "dd": -0.1254
    },
    "10Y_2015_2024": {
      "ret": 1.4928,
      "sh": 0.43,
      "dd": -0.3265
    }
  },
  "composite_score": 0.2697,
  "hodl_composite": 0.4748,
  "consistency_score": 0.8928571428571429
}