{
  "metrics": {
    "total_return": 0.19650485162030806,
    "cagr": 0.06204862420922974,
    "annual_volatility": 0.079490251931117,
    "sharpe_ratio": 0.30363089256320397,
    "sortino_ratio": 0.37757272278835863,
    "calmar_ratio": 0.6157791618106409,
    "max_drawdown": -0.10076441045322415,
    "max_drawdown_date": "2023-10-27 00:00:00",
    "win_rate": 0.37283621837549935,
    "profit_factor": 1.1678746914475464,
    "num_trading_days": 751,
    "skewness": 0.18819422151949983,
    "kurtosis": 2.325600420925963,
    "best_day": 0.024619427249173098,
    "worst_day": -0.020049118575759972,
    "avg_daily_return": 0.0002514264347909414,
    "benchmark_total_return": 0.28662220587013687,
    "benchmark_cagr": 0.08824475219339512,
    "alpha": -0.026196127984165374,
    "beta": 0.15568914995018482,
    "information_ratio": -0.15811190972850678,
    "tracking_error": 0.16568092833200626
  },
  "trade_metrics": {
    "num_trades": 250,
    "num_buys": 141,
    "num_sells": 109,
    "total_commission": 0.0,
    "total_slippage": 846.6824424152373,
    "total_transaction_costs": 846.6824424152373,
    "avg_trade_size": 3386.72976966095
  }
}