{
  "metrics": {
    "total_return": 0.1834606797127647,
    "cagr": 0.058149323586937474,
    "annual_volatility": 0.08069462117853647,
    "sharpe_ratio": 0.25469725575294166,
    "sortino_ratio": 0.32922929608181395,
    "calmar_ratio": 0.6452153853559602,
    "max_drawdown": -0.09012389491434236,
    "max_drawdown_date": "2023-10-27 00:00:00",
    "win_rate": 0.3754993342210386,
    "profit_factor": 1.1541354545326041,
    "num_trading_days": 751,
    "skewness": 0.20394899522303545,
    "kurtosis": 2.2979311857595635,
    "best_day": 0.024619442101895483,
    "worst_day": -0.020301709411067792,
    "avg_daily_return": 0.00023720819044283602,
    "benchmark_total_return": 0.28662220587013687,
    "benchmark_cagr": 0.08824475219339512,
    "alpha": -0.03009542860645764,
    "beta": 0.15977804786011887,
    "information_ratio": -0.18183920697075956,
    "tracking_error": 0.16550571852910193
  },
  "trade_metrics": {
    "num_trades": 239,
    "num_buys": 141,
    "num_sells": 98,
    "total_commission": 0.0,
    "total_slippage": 860.4874686727528,
    "total_transaction_costs": 860.4874686727528,
    "avg_trade_size": 3600.365977710261
  }
}