{
  "metrics": {
    "total_return": 0.7303202425170321,
    "cagr": 0.2012905947014776,
    "annual_volatility": 0.14974207867592468,
    "sharpe_ratio": 1.04157520314556,
    "sortino_ratio": 1.6130124630703282,
    "calmar_ratio": 1.3638292759453075,
    "max_drawdown": -0.1475922230529606,
    "max_drawdown_date": "2025-04-21",
    "win_rate": 0.5299600532623169,
    "profit_factor": 1.2594235080845078,
    "num_trading_days": 751,
    "skewness": 0.7914518987067761,
    "kurtosis": 10.800259701743748,
    "best_day": 0.0870774054689234,
    "worst_day": -0.04457547466734446,
    "avg_daily_return": 0.0007745690533321941,
    "black_swan_resilience": 89.5,
    "benchmark_total_return": 0.8628177193040827,
    "benchmark_cagr": 0.23130614737691846,
    "alpha": -0.03001555267544087,
    "beta": 0.7154003934310875,
    "information_ratio": -0.2709591711572884,
    "tracking_error": 0.11077518633985346
  },
  "trade_metrics": {
    "num_trades": 430,
    "num_buys": 262,
    "num_sells": 168,
    "total_commission": 0.0,
    "total_slippage": 2657.7737748393997,
    "total_transaction_costs": 2657.7737748393997,
    "avg_trade_size": 6180.869243812561
  },
  "final_positions": {
    "DOW": {
      "qty": 638.0,
      "avg_cost": 36.07687786938961,
      "realized_pnl": -477.6815946223919
    },
    "UNH": {
      "qty": 47.0,
      "avg_cost": 360.61919611888413,
      "realized_pnl": -529.096131411465
    },
    "CRM": {
      "qty": 65.0,
      "avg_cost": 274.5683260633552,
      "realized_pnl": -163.25968783992073
    },
    "PG": {
      "qty": 103.0,
      "avg_cost": 156.79125324730734,
      "realized_pnl": 0.0
    },
    "HON": {
      "qty": 79.0,
      "avg_cost": 201.11913560312004,
      "realized_pnl": 0.0
    },
    "V": {
      "qty": 46.0,
      "avg_cost": 345.2278415845788,
      "realized_pnl": 0.0
    },
    "NKE": {
      "qty": 232.0,
      "avg_cost": 61.84208297729492,
      "realized_pnl": 21.817241668701172
    },
    "BA": {
      "qty": 81.0,
      "avg_cost": 186.4600067138672,
      "realized_pnl": 0.0
    },
    "HD": {
      "qty": 43.0,
      "avg_cost": 352.67584228515625,
      "realized_pnl": 0.0
    },
    "DIS": {
      "qty": 142.0,
      "avg_cost": 106.05245971679688,
      "realized_pnl": 0.0
    }
  },
  "source": "unconventional",
  "description": "Buy worst-performing blue chips yearly, contrarian equal-weight"
}