{
  "metrics": {
    "total_return": 0.49079419972477534,
    "cagr": 0.14288993321534704,
    "annual_volatility": 0.1149875149076562,
    "sharpe_ratio": 0.8815875455260094,
    "sortino_ratio": 1.3323152677803236,
    "calmar_ratio": 1.314567369895699,
    "max_drawdown": -0.10869730718075277,
    "max_drawdown_date": "2025-04-08",
    "win_rate": 0.5512649800266312,
    "profit_factor": 1.2486254580389313,
    "num_trading_days": 751,
    "skewness": 0.9888051286630091,
    "kurtosis": 17.781383899651594,
    "best_day": 0.07536706191671705,
    "worst_day": -0.04902057100987944,
    "avg_daily_return": 0.0005579179621308503,
    "black_swan_resilience": 94.0,
    "benchmark_total_return": 0.8628177193040827,
    "benchmark_cagr": 0.23130614737691846,
    "alpha": -0.08841621416157142,
    "beta": 0.6256545343595111,
    "information_ratio": -1.0348201006050433,
    "tracking_error": 0.08544114490033178
  },
  "trade_metrics": {
    "num_trades": 2211,
    "num_buys": 1091,
    "num_sells": 1120,
    "total_commission": 0.0,
    "total_slippage": 9767.331201720266,
    "total_transaction_costs": 9767.331201720266,
    "avg_trade_size": 4417.607960977041
  },
  "final_positions": {
    "JPM": {
      "qty": 37.0,
      "avg_cost": 306.65156145793634,
      "realized_pnl": 7189.641282244421
    },
    "V": {
      "qty": 26.0,
      "avg_cost": 346.3551183240167,
      "realized_pnl": 1000.4699233482593
    },
    "ABBV": {
      "qty": 52.0,
      "avg_cost": 225.75261398841596,
      "realized_pnl": 410.48388882341027
    },
    "MRK": {
      "qty": 113.0,
      "avg_cost": 104.18373330715484,
      "realized_pnl": 430.43644714355753
    },
    "GLD": {
      "qty": 30.0,
      "avg_cost": 375.3227324630275,
      "realized_pnl": 4791.460874037309
    },
    "AMZN": {
      "qty": 51.0,
      "avg_cost": 232.07000732421875,
      "realized_pnl": 4417.3789367675745
    },
    "XOM": {
      "qty": 99.0,
      "avg_cost": 115.33491275722936,
      "realized_pnl": -3399.6156096905456
    },
    "AAPL": {
      "qty": 34.0,
      "avg_cost": 253.58063259295753,
      "realized_pnl": 1925.6164318666106
    },
    "NVDA": {
      "qty": 63.0,
      "avg_cost": 188.20980834960938,
      "realized_pnl": 7101.930027961729
    },
    "SPY": {
      "qty": 17.0,
      "avg_cost": 685.9765625,
      "realized_pnl": 1850.9649963378888
    },
    "GOOGL": {
      "qty": 30.0,
      "avg_cost": 313.33941650390625,
      "realized_pnl": 8399.908012390139
    },
    "QQQ": {
      "qty": 19.0,
      "avg_cost": 620.088134765625,
      "realized_pnl": 2964.765808105466
    }
  },
  "source": "hedge_fund",
  "description": "Multi-strategy ensemble weighted by rolling Sharpe ratio",
  "horizon": "3Y (2023-2025)",
  "consistency_score": 1.0,
  "windows_tested": 6,
  "composite_score": 0.2886,
  "rolling_windows": {
    "1Y_2023": {
      "ret": 0.1434,
      "sh": 0.91,
      "dd": -0.0838
    },
    "1Y_2024": {
      "ret": 0.1518,
      "sh": 1.12,
      "dd": -0.0433
    },
    "1Y_2025": {
      "ret": 0.1435,
      "sh": 0.79,
      "dd": -0.1093
    },
    "3Y_2022_2024": {
      "ret": 0.1735,
      "sh": 0.18,
      "dd": -0.1628
    },
    "3Y_2023_2025": {
      "ret": 0.4908,
      "sh": 0.88,
      "dd": -0.1087
    },
    "5Y_2020_2024": {
      "ret": 0.8614,
      "sh": 0.63,
      "dd": -0.2025
    }
  }
}