{
  "metrics": {
    "total_return": 0.15032035661205412,
    "cagr": 0.047954806000688466,
    "annual_volatility": 0.04683703117099548,
    "sharpe_ratio": 0.18918229928240457,
    "sortino_ratio": 0.32965428473537234,
    "calmar_ratio": 1.0364558182263524,
    "max_drawdown": -0.04626806580405107,
    "max_drawdown_date": "2025-01-13",
    "win_rate": 0.2170439414114514,
    "profit_factor": 1.3756685679077592,
    "num_trading_days": 751,
    "skewness": 2.8857989471138437,
    "kurtosis": 38.59788492766835,
    "best_day": 0.03505372181903654,
    "worst_day": -0.022676555928238695,
    "avg_daily_return": 0.0001908115185392413,
    "black_swan_resilience": 97.5,
    "benchmark_total_return": 0.8628177193040827,
    "benchmark_cagr": 0.23130614737691846,
    "alpha": -0.18335134137623,
    "beta": 0.07068226922915792,
    "information_ratio": -1.2243324987693398,
    "tracking_error": 0.14975616636863676
  },
  "trade_metrics": {
    "num_trades": 81,
    "num_buys": 38,
    "num_sells": 43,
    "total_commission": 0.0,
    "total_slippage": 1260.7156090888982,
    "total_transaction_costs": 1260.7156090888982,
    "avg_trade_size": 15564.390235665403
  },
  "final_positions": {
    "AAPL": {
      "qty": 0,
      "avg_cost": 0
    },
    "MSFT": {
      "qty": 0,
      "avg_cost": 0
    },
    "NVDA": {
      "qty": 0,
      "avg_cost": 0
    },
    "GOOGL": {
      "qty": 0,
      "avg_cost": 0
    },
    "AMZN": {
      "qty": 0,
      "avg_cost": 0
    },
    "META": {
      "qty": 0,
      "avg_cost": 0
    },
    "TSLA": {
      "qty": 0,
      "avg_cost": 0
    },
    "NFLX": {
      "qty": 0,
      "avg_cost": 0
    },
    "CRM": {
      "qty": 0,
      "avg_cost": 0
    },
    "AVGO": {
      "qty": 0,
      "avg_cost": 0
    },
    "AMD": {
      "qty": 0,
      "avg_cost": 0
    },
    "PLTR": {
      "qty": 0,
      "avg_cost": 0
    }
  },
  "source": "williams_seasonal",
  "description": "Buy 4%+ gap-up on 3x volume (earnings proxy). 60-70% win, hold 1-5d",
  "horizon": "3Y (2023-2025)",
  "composite_score": 0.0114,
  "consistency_score": 0.17,
  "n_windows_tested": 12,
  "avg_1Y_return": 0.0214,
  "avg_3Y_return": 0.0747,
  "avg_5Y_return": 0.1235,
  "avg_10Y_return": null,
  "rolling_windows": {
    "1Y_2023": {
      "ret": 0.0972,
      "sh": 1.0,
      "dd": -0.0451
    },
    "1Y_2024": {
      "ret": 0.0254,
      "sh": -0.26,
      "dd": -0.034
    },
    "1Y_2025": {
      "ret": 0.0203,
      "sh": -0.78,
      "dd": -0.0117
    },
    "3Y_2022_2024": {
      "ret": 0.0791,
      "sh": -0.21,
      "dd": -0.0798
    },
    "3Y_2023_2025": {
      "ret": 0.1503,
      "sh": 0.19,
      "dd": -0.0463
    },
    "5Y_2020_2024": {
      "ret": 0.1347,
      "sh": -0.24,
      "dd": -0.083
    },
    "1Y_2020": {
      "ret": 0.0184,
      "sh": -0.45,
      "dd": -0.0409
    },
    "1Y_2021": {
      "ret": 0.008,
      "sh": -0.74,
      "dd": -0.0363
    },
    "1Y_2022": {
      "ret": -0.0406,
      "sh": -1.26,
      "dd": -0.0798
    },
    "3Y_2020_2022": {
      "ret": 0.0085,
      "sh": -0.69,
      "dd": -0.083
    },
    "3Y_2021_2023": {
      "ret": 0.0609,
      "sh": -0.33,
      "dd": -0.0836
    },
    "5Y_2021_2025": {
      "ret": 0.1124,
      "sh": -0.34,
      "dd": -0.0836
    }
  }
}