{
  "metrics": {
    "total_return": 0.24952826461149646,
    "cagr": 0.07735650675298467,
    "annual_volatility": 0.0816584080607674,
    "sharpe_ratio": 0.4759896339787396,
    "sortino_ratio": 0.6678250346282261,
    "calmar_ratio": 1.0583270752637035,
    "max_drawdown": -0.07309319449633256,
    "max_drawdown_date": "2025-04-08",
    "win_rate": 0.5486018641810919,
    "profit_factor": 1.17871758179602,
    "num_trading_days": 751,
    "skewness": -0.24062782811816683,
    "kurtosis": 1.5527266742945258,
    "best_day": 0.019906326135161967,
    "worst_day": -0.02121187488428189,
    "avg_daily_return": 0.00030989016344257724,
    "black_swan_resilience": 80.5,
    "benchmark_total_return": 0.8628177193040827,
    "benchmark_cagr": 0.23130614737691846,
    "alpha": -0.1539496406239338,
    "beta": 0.39810525863934937,
    "information_ratio": -1.4374473141912032,
    "tracking_error": 0.10709932747034655
  },
  "trade_metrics": {
    "num_trades": 182,
    "num_buys": 85,
    "num_sells": 97,
    "total_commission": 0.0,
    "total_slippage": 1505.7574826774596,
    "total_transaction_costs": 1505.7574826774596,
    "avg_trade_size": 8273.392761964064
  },
  "final_positions": {
    "TLT": {
      "qty": 71.0,
      "avg_cost": 87.71308139466993,
      "realized_pnl": -369.7810796820507
    },
    "GLD": {
      "qty": 16.0,
      "avg_cost": 192.28529382113234,
      "realized_pnl": 2670.09462362347
    },
    "XLY": {
      "qty": 210.0,
      "avg_cost": 115.63477470761254,
      "realized_pnl": 252.7596435546875
    },
    "XLF": {
      "qty": 472.0,
      "avg_cost": 52.436248779296875,
      "realized_pnl": 0.0
    }
  },
  "source": "political",
  "description": "Sector rotation by presidential cycle year. Year 3 = max growth",
  "rolling_windows": {
    "1Y_2015": {
      "ret": -0.0802,
      "sh": -1.48,
      "dd": -0.099
    },
    "1Y_2016": {
      "ret": 0.1213,
      "sh": 1.43,
      "dd": -0.0332
    },
    "1Y_2017": {
      "ret": 0.1526,
      "sh": 2.13,
      "dd": -0.0211
    },
    "1Y_2018": {
      "ret": -0.0174,
      "sh": -0.9,
      "dd": -0.0667
    },
    "1Y_2019": {
      "ret": 0.0578,
      "sh": 0.24,
      "dd": -0.088
    },
    "1Y_2020": {
      "ret": 0.1408,
      "sh": 1.04,
      "dd": -0.0547
    },
    "1Y_2021": {
      "ret": 0.1377,
      "sh": 0.94,
      "dd": -0.058
    },
    "1Y_2022": {
      "ret": -0.0659,
      "sh": -0.93,
      "dd": -0.1512
    },
    "1Y_2023": {
      "ret": 0.0058,
      "sh": -0.3,
      "dd": -0.0643
    },
    "1Y_2024": {
      "ret": 0.1269,
      "sh": 1.11,
      "dd": -0.041
    },
    "1Y_2025": {
      "ret": 0.1103,
      "sh": 0.96,
      "dd": -0.0506
    },
    "3Y_2015_2017": {
      "ret": 0.1806,
      "sh": 0.29,
      "dd": -0.099
    },
    "3Y_2016_2018": {
      "ret": 0.2766,
      "sh": 0.8,
      "dd": -0.0667
    },
    "3Y_2017_2019": {
      "ret": 0.1922,
      "sh": 0.33,
      "dd": -0.0881
    },
    "3Y_2018_2020": {
      "ret": 0.187,
      "sh": 0.26,
      "dd": -0.0881
    },
    "3Y_2019_2021": {
      "ret": 0.372,
      "sh": 0.76,
      "dd": -0.088
    },
    "3Y_2020_2022": {
      "ret": 0.2082,
      "sh": 0.29,
      "dd": -0.151
    },
    "3Y_2021_2023": {
      "ret": 0.0722,
      "sh": -0.1,
      "dd": -0.1511
    },
    "3Y_2022_2024": {
      "ret": 0.0509,
      "sh": -0.19,
      "dd": -0.1512
    },
    "3Y_2023_2025": {
      "ret": 0.2495,
      "sh": 0.48,
      "dd": -0.0731
    },
    "5Y_2015_2019": {
      "ret": 0.2213,
      "sh": 0.05,
      "dd": -0.099
    },
    "5Y_2016_2020": {
      "ret": 0.5421,
      "sh": 0.71,
      "dd": -0.088
    },
    "5Y_2017_2021": {
      "ret": 0.5462,
      "sh": 0.64,
      "dd": -0.0881
    },
    "5Y_2018_2022": {
      "ret": 0.2573,
      "sh": 0.12,
      "dd": -0.151
    },
    "5Y_2019_2023": {
      "ret": 0.2929,
      "sh": 0.17,
      "dd": -0.1511
    },
    "5Y_2020_2024": {
      "ret": 0.359,
      "sh": 0.28,
      "dd": -0.151
    },
    "5Y_2021_2025": {
      "ret": 0.3323,
      "sh": 0.25,
      "dd": -0.1511
    },
    "10Y_2015_2024": {
      "ret": 0.6713,
      "sh": 0.19,
      "dd": -0.1511
    }
  }
}