{
  "metrics": {
    "total_return": 1.1369724065427396,
    "cagr": 0.28917088447110806,
    "annual_volatility": 0.13215695605196326,
    "sharpe_ratio": 1.6980698343988385,
    "sortino_ratio": 2.6239624129871237,
    "calmar_ratio": 1.9802537862556573,
    "max_drawdown": -0.146027184231716,
    "max_drawdown_date": "2025-04-08",
    "win_rate": 0.563249001331558,
    "profit_factor": 1.4338782266904266,
    "num_trading_days": 751,
    "skewness": 0.5135493676996147,
    "kurtosis": 11.542199530776667,
    "best_day": 0.07681843651812126,
    "worst_day": -0.05005235675304076,
    "avg_daily_return": 0.0010461726424651192,
    "black_swan_resilience": 86.1,
    "benchmark_total_return": 0.8628177193040827,
    "benchmark_cagr": 0.23130614737691846,
    "alpha": 0.0578647370941896,
    "beta": 0.8132053406898057,
    "information_ratio": 1.1126827372800216,
    "tracking_error": 0.05200470462554427
  },
  "trade_metrics": {
    "num_trades": 458,
    "num_buys": 250,
    "num_sells": 208,
    "total_commission": 0.0,
    "total_slippage": 353.11966027927406,
    "total_transaction_costs": 353.11966027927406,
    "avg_trade_size": 771.003625063917
  },
  "final_positions": {
    "RSP": {
      "qty": 97.0,
      "avg_cost": 143.03122448798817,
      "realized_pnl": 388.94447052527914
    },
    "AAPL": {
      "qty": 43.0,
      "avg_cost": 159.87028600127033,
      "realized_pnl": 2494.2205463456417
    },
    "MSFT": {
      "qty": 25.0,
      "avg_cost": 319.31396535943594,
      "realized_pnl": 1897.1560797866764
    },
    "NVDA": {
      "qty": 68.0,
      "avg_cost": 77.91276026489632,
      "realized_pnl": 16390.52252341426
    },
    "AMZN": {
      "qty": 52.0,
      "avg_cost": 139.0945432702142,
      "realized_pnl": 4008.0161188255524
    },
    "GOOGL": {
      "qty": 39.0,
      "avg_cost": 122.45403670879186,
      "realized_pnl": 5604.359226076476
    },
    "META": {
      "qty": 19.0,
      "avg_cost": 329.7959874097428,
      "realized_pnl": 7716.19714793111
    },
    "BRK-B": {
      "qty": 24.0,
      "avg_cost": 369.64823401741364,
      "realized_pnl": 1374.8374626093325
    },
    "LLY": {
      "qty": 12.0,
      "avg_cost": 553.2576762752371,
      "realized_pnl": 4803.745618720816
    },
    "UNH": {
      "qty": 38.0,
      "avg_cost": 362.3484481899435,
      "realized_pnl": -472.4856991288285
    },
    "V": {
      "qty": 37.0,
      "avg_cost": 247.11507424054307,
      "realized_pnl": 1211.3369705329067
    },
    "JNJ": {
      "qty": 60.0,
      "avg_cost": 152.40668744243473,
      "realized_pnl": 414.3177351935445
    },
    "XOM": {
      "qty": 105.0,
      "avg_cost": 99.5131801649665,
      "realized_pnl": 535.3363785641578
    },
    "JPM": {
      "qty": 40.0,
      "avg_cost": 146.61539673374148,
      "realized_pnl": 2421.047769374072
    },
    "PG": {
      "qty": 83.0,
      "avg_cost": 145.53697669411338,
      "realized_pnl": 331.99139837508164
    },
    "HD": {
      "qty": 35.0,
      "avg_cost": 317.8073480651149,
      "realized_pnl": 679.1175338415242
    }
  },
  "source": "portfolio",
  "description": "Equal weight top S&P 500 holdings \u2014 beats cap-weight by ~1%/year long term",
  "rolling_windows": {
    "1Y_2015": {
      "ret": 0.1803,
      "sh": 0.87,
      "dd": -0.1032
    },
    "1Y_2016": {
      "ret": 0.233,
      "sh": 1.38,
      "dd": -0.0833
    },
    "1Y_2017": {
      "ret": 0.322,
      "sh": 3.23,
      "dd": -0.0202
    },
    "1Y_2018": {
      "ret": 0.0054,
      "sh": -0.09,
      "dd": -0.1953
    },
    "1Y_2019": {
      "ret": 0.3406,
      "sh": 1.99,
      "dd": -0.0856
    },
    "1Y_2020": {
      "ret": 0.2483,
      "sh": 0.72,
      "dd": -0.2975
    },
    "1Y_2021": {
      "ret": 0.3954,
      "sh": 2.43,
      "dd": -0.05
    },
    "1Y_2022": {
      "ret": -0.1397,
      "sh": -0.69,
      "dd": -0.2084
    },
    "1Y_2023": {
      "ret": 0.409,
      "sh": 2.47,
      "dd": -0.0717
    },
    "1Y_2024": {
      "ret": 0.2997,
      "sh": 2.11,
      "dd": -0.0673
    },
    "1Y_2025": {
      "ret": 0.1681,
      "sh": 0.83,
      "dd": -0.1457
    },
    "3Y_2015_2017": {
      "ret": 0.9007,
      "sh": 1.45,
      "dd": -0.1135
    },
    "3Y_2016_2018": {
      "ret": 0.6584,
      "sh": 1.02,
      "dd": -0.1957
    },
    "3Y_2017_2019": {
      "ret": 0.8026,
      "sh": 1.22,
      "dd": -0.1955
    },
    "3Y_2018_2020": {
      "ret": 0.7087,
      "sh": 0.72,
      "dd": -0.2967
    },
    "3Y_2019_2021": {
      "ret": 1.3361,
      "sh": 1.24,
      "dd": -0.2969
    },
    "3Y_2020_2022": {
      "ret": 0.4917,
      "sh": 0.51,
      "dd": -0.2975
    },
    "3Y_2021_2023": {
      "ret": 0.7,
      "sh": 0.9,
      "dd": -0.2083
    },
    "3Y_2022_2024": {
      "ret": 0.5722,
      "sh": 0.76,
      "dd": -0.2084
    },
    "3Y_2023_2025": {
      "ret": 1.137,
      "sh": 1.7,
      "dd": -0.146
    },
    "5Y_2015_2019": {
      "ret": 1.5943,
      "sh": 1.15,
      "dd": -0.1954
    },
    "5Y_2016_2020": {
      "ret": 1.8183,
      "sh": 0.98,
      "dd": -0.297
    },
    "5Y_2017_2021": {
      "ret": 2.1401,
      "sh": 1.1,
      "dd": -0.2974
    },
    "5Y_2018_2022": {
      "ret": 1.0443,
      "sh": 0.59,
      "dd": -0.2967
    },
    "5Y_2019_2023": {
      "ret": 1.8476,
      "sh": 0.93,
      "dd": -0.2969
    },
    "5Y_2020_2024": {
      "ret": 1.727,
      "sh": 0.9,
      "dd": -0.2975
    },
    "5Y_2021_2025": {
      "ret": 1.5777,
      "sh": 1.04,
      "dd": -0.2083
    },
    "10Y_2015_2024": {
      "ret": 6.1583,
      "sh": 0.99,
      "dd": -0.2973
    }
  },
  "composite_score": 0.6759,
  "hodl_composite": 1.6571,
  "consistency_score": 0.9285714285714286
}