{
  "metrics": {
    "total_return": 0.7759661689728172,
    "cagr": 0.21179852968756951,
    "annual_volatility": 0.1365700050873363,
    "sharpe_ratio": 1.192588013007609,
    "sortino_ratio": 1.8054640453902369,
    "calmar_ratio": 1.1834781874329476,
    "max_drawdown": -0.17896276580050563,
    "max_drawdown_date": "2025-04-16",
    "win_rate": 0.5432756324900133,
    "profit_factor": 1.2977256052131443,
    "num_trading_days": 751,
    "skewness": 0.1616842015535504,
    "kurtosis": 2.7358690177426848,
    "best_day": 0.04663975294285061,
    "worst_day": -0.041144963002732404,
    "avg_daily_return": 0.0008019663350275542,
    "black_swan_resilience": 80.0,
    "benchmark_total_return": 0.8628177193040827,
    "benchmark_cagr": 0.23130614737691846,
    "alpha": -0.019507617689348944,
    "beta": 0.5788921012695724,
    "information_ratio": -0.15963444721359954,
    "tracking_error": 0.1222018056243631
  },
  "trade_metrics": {
    "num_trades": 1036,
    "num_buys": 484,
    "num_sells": 552,
    "total_commission": 0.0,
    "total_slippage": 5922.860239430433,
    "total_transaction_costs": 5922.860239430433,
    "avg_trade_size": 5717.046563156783
  },
  "final_positions": {
    "SUSL": {
      "qty": 165.0,
      "avg_cost": 110.03862553093337,
      "realized_pnl": 2642.5428140444315
    },
    "GOOGL": {
      "qty": 64.0,
      "avg_cost": 217.44418720131588,
      "realized_pnl": 8418.603304370547
    },
    "JNJ": {
      "qty": 97.0,
      "avg_cost": 170.12667753747198,
      "realized_pnl": 3315.9759993330176
    },
    "ESGU": {
      "qty": 134.0,
      "avg_cost": 147.90797186517096,
      "realized_pnl": 65.03688227665884
    },
    "ESGV": {
      "qty": 165.0,
      "avg_cost": 119.97070123772872,
      "realized_pnl": 69.23682544105938
    },
    "CRM": {
      "qty": 75.0,
      "avg_cost": 259.00069881824965,
      "realized_pnl": 98.01035814606746
    },
    "ADBE": {
      "qty": 57.0,
      "avg_cost": 339.1199951171875,
      "realized_pnl": 140.75006103515625
    },
    "NVDA": {
      "qty": 107.0,
      "avg_cost": 188.20980834960938,
      "realized_pnl": 0.0
    }
  },
  "source": "gap_audit",
  "description": "ESG leaders when institutional flows favor sustainability, quality names always",
  "rolling_windows": {
    "1Y_2015": {
      "ret": -0.0195,
      "sh": -0.41,
      "dd": -0.1556
    },
    "1Y_2016": {
      "ret": 0.2007,
      "sh": 1.37,
      "dd": -0.0568
    },
    "1Y_2017": {
      "ret": 0.2305,
      "sh": 1.81,
      "dd": -0.0467
    },
    "1Y_2018": {
      "ret": 0.0561,
      "sh": 0.18,
      "dd": -0.1008
    },
    "1Y_2019": {
      "ret": 0.1761,
      "sh": 1.14,
      "dd": -0.0962
    },
    "1Y_2020": {
      "ret": 0.2828,
      "sh": 1.19,
      "dd": -0.1218
    },
    "1Y_2021": {
      "ret": 0.1607,
      "sh": 0.85,
      "dd": -0.09
    },
    "1Y_2022": {
      "ret": -0.227,
      "sh": -2.0,
      "dd": -0.2317
    },
    "1Y_2023": {
      "ret": 0.3791,
      "sh": 1.91,
      "dd": -0.0788
    },
    "1Y_2024": {
      "ret": 0.163,
      "sh": 0.9,
      "dd": -0.1097
    },
    "1Y_2025": {
      "ret": 0.1226,
      "sh": 0.73,
      "dd": -0.1268
    },
    "3Y_2015_2017": {
      "ret": 0.4224,
      "sh": 0.76,
      "dd": -0.1556
    },
    "3Y_2016_2018": {
      "ret": 0.5599,
      "sh": 1.0,
      "dd": -0.1007
    },
    "3Y_2017_2019": {
      "ret": 0.53,
      "sh": 0.94,
      "dd": -0.1089
    },
    "3Y_2018_2020": {
      "ret": 0.6132,
      "sh": 0.87,
      "dd": -0.1217
    },
    "3Y_2019_2021": {
      "ret": 0.7462,
      "sh": 1.04,
      "dd": -0.1218
    },
    "3Y_2020_2022": {
      "ret": 0.1379,
      "sh": 0.1,
      "dd": -0.2856
    },
    "3Y_2021_2023": {
      "ret": 0.2433,
      "sh": 0.3,
      "dd": -0.2859
    },
    "3Y_2022_2024": {
      "ret": 0.2287,
      "sh": 0.28,
      "dd": -0.2324
    },
    "3Y_2023_2025": {
      "ret": 0.776,
      "sh": 1.19,
      "dd": -0.179
    },
    "5Y_2015_2019": {
      "ret": 0.7683,
      "sh": 0.7,
      "dd": -0.1556
    },
    "5Y_2016_2020": {
      "ret": 1.3829,
      "sh": 1.07,
      "dd": -0.1219
    },
    "5Y_2017_2021": {
      "ret": 1.2663,
      "sh": 0.96,
      "dd": -0.122
    },
    "5Y_2018_2022": {
      "ret": 0.428,
      "sh": 0.29,
      "dd": -0.2856
    },
    "5Y_2019_2023": {
      "ret": 0.8708,
      "sh": 0.64,
      "dd": -0.2867
    },
    "5Y_2020_2024": {
      "ret": 0.8076,
      "sh": 0.59,
      "dd": -0.2863
    },
    "5Y_2021_2025": {
      "ret": 0.5988,
      "sh": 0.46,
      "dd": -0.2859
    },
    "10Y_2015_2024": {
      "ret": 2.2284,
      "sh": 0.64,
      "dd": -0.2865
    }
  }
}