{
  "metrics": {
    "total_return": -0.1437162484143658,
    "cagr": -0.05057185333215908,
    "annual_volatility": 0.14810399163818297,
    "sharpe_ratio": -0.5418692401378117,
    "sortino_ratio": -0.750512139221259,
    "calmar_ratio": -0.1976222237452338,
    "max_drawdown": -0.2559016510073997,
    "max_drawdown_date": "2022-10-12",
    "win_rate": 0.4800531914893617,
    "profit_factor": 0.9525084044150377,
    "num_trading_days": 752,
    "skewness": -0.015478666138562107,
    "kurtosis": 3.129328415882038,
    "best_day": 0.04438459912247095,
    "worst_day": -0.05104532393826844,
    "avg_daily_return": -0.00016281441264666982,
    "black_swan_resilience": 73.9,
    "benchmark_total_return": 0.28194132237102565,
    "benchmark_cagr": 0.08662457909976418,
    "alpha": -0.13719643243192325,
    "beta": 0.6336086483142357,
    "information_ratio": -1.1702598453732918,
    "tracking_error": 0.11723587113950754
  },
  "trade_metrics": {
    "num_trades": 1159,
    "num_buys": 581,
    "num_sells": 578,
    "total_commission": 0.0,
    "total_slippage": 4318.977218448642,
    "total_transaction_costs": 4318.977218448642,
    "avg_trade_size": 3726.468695814184
  },
  "final_positions": {
    "MDT": {
      "qty": 134.0,
      "avg_cost": 76.55075073242188,
      "realized_pnl": -3124.978645324705
    },
    "WMT": {
      "qty": 114.0,
      "avg_cost": 89.3100814819336,
      "realized_pnl": 6389.474613189701
    },
    "PFE": {
      "qty": 422.0,
      "avg_cost": 24.2314453125,
      "realized_pnl": -5725.520736694335
    },
    "INTC": {
      "qty": 516.0,
      "avg_cost": 21.21686473851897,
      "realized_pnl": -7046.988963518575
    },
    "TGT": {
      "qty": 80.0,
      "avg_cost": 142.2234956693477,
      "realized_pnl": -2677.381332780311
    },
    "NKE": {
      "qty": 141.0,
      "avg_cost": 74.19668038670576,
      "realized_pnl": -389.59135343834794
    }
  },
  "source": "unconventional",
  "description": "Once-great blue chips at deep discounts: turnaround catalysts + dividend income"
}