{
  "metrics": {
    "total_return": 0.02294671813229443,
    "cagr": 0.007617302393845726,
    "annual_volatility": 0.09683044577512998,
    "sharpe_ratio": -0.27831660037966965,
    "sortino_ratio": -0.41213356684040764,
    "calmar_ratio": 0.04826051784206519,
    "max_drawdown": -0.1578371458585195,
    "max_drawdown_date": "2025-06-11",
    "win_rate": 0.474034620505992,
    "profit_factor": 1.0249410538298407,
    "num_trading_days": 751,
    "skewness": 1.1308072224714418,
    "kurtosis": 11.572488642837051,
    "best_day": 0.04912320245723434,
    "worst_day": -0.024136543966633894,
    "avg_daily_return": 4.8707321198476636e-05,
    "black_swan_resilience": 91.7,
    "benchmark_total_return": 0.8628177193040827,
    "benchmark_cagr": 0.23130614737691846,
    "alpha": -0.22368884498307273,
    "beta": 0.17395582270105533,
    "information_ratio": -1.422084167368609,
    "tracking_error": 0.15729648787032155
  },
  "trade_metrics": {
    "num_trades": 2394,
    "num_buys": 1154,
    "num_sells": 1240,
    "total_commission": 0.0,
    "total_slippage": 12859.787345210994,
    "total_transaction_costs": 12859.787345210994,
    "avg_trade_size": 5371.67391195114
  },
  "final_positions": {
    "GILD": {
      "qty": 89.0,
      "avg_cost": 121.25931150079721,
      "realized_pnl": 102.94273724282671
    },
    "BIIB": {
      "qty": 62.0,
      "avg_cost": 175.25714329310827,
      "realized_pnl": 5.862897600446331
    },
    "IONS": {
      "qty": 137.0,
      "avg_cost": 79.39634516033537,
      "realized_pnl": -1.5007313446009363
    },
    "ABBV": {
      "qty": 48.0,
      "avg_cost": 225.86790918420863,
      "realized_pnl": 7.925143771701357
    },
    "JNJ": {
      "qty": 53.0,
      "avg_cost": 205.02904052734374,
      "realized_pnl": 7.556863403320392
    },
    "XBI": {
      "qty": 89.0,
      "avg_cost": 123.98109088557781,
      "realized_pnl": -24.61308696482439
    },
    "IBB": {
      "qty": 64.0,
      "avg_cost": 170.07220981545643,
      "realized_pnl": -12.828507723873514
    },
    "AMGN": {
      "qty": 33.0,
      "avg_cost": 325.0576171875,
      "realized_pnl": 0.0
    }
  },
  "source": "news_event",
  "description": "Biotech FDA event plays: volume spike + momentum in pharma/biotech"
}