{
  "metrics": {
    "total_return": 0.14930481968689202,
    "cagr": 0.04764526749567377,
    "annual_volatility": 0.037236186041126745,
    "sharpe_ratio": 0.21927249700704207,
    "sortino_ratio": 0.3500833862433058,
    "calmar_ratio": 1.3104246822014765,
    "max_drawdown": -0.036358646279182616,
    "max_drawdown_date": "2025-04-08",
    "win_rate": 0.4474034620505992,
    "profit_factor": 1.3197164188318036,
    "num_trading_days": 751,
    "skewness": 2.3552125738439487,
    "kurtosis": 30.361446613513777,
    "best_day": 0.028067155154262613,
    "worst_day": -0.011094936681752543,
    "avg_daily_return": 0.00018805014649069386,
    "black_swan_resilience": 98.0,
    "benchmark_total_return": 0.8628177193040827,
    "benchmark_cagr": 0.23130614737691846,
    "alpha": -0.1836608798812447,
    "beta": 0.09696451125281579,
    "information_ratio": -1.2864798656086378,
    "tracking_error": 0.1427623430346919
  },
  "trade_metrics": {
    "num_trades": 212,
    "num_buys": 93,
    "num_sells": 119,
    "total_commission": 0.0,
    "total_slippage": 2446.1175033569325,
    "total_transaction_costs": 2446.1175033569325,
    "avg_trade_size": 11538.290110174215
  },
  "final_positions": {
    "GOOGL": {
      "qty": 43.0,
      "avg_cost": 292.4127502441406,
      "realized_pnl": 102.9400634765625
    }
  },
  "source": "williams_seasonal",
  "description": "Buy new 52-week highs on 1.5x volume. 72% continuation, +11.4%/31d"
}