{
  "metrics": {
    "total_return": -0.028105107488384462,
    "cagr": -0.009520197681004539,
    "annual_volatility": 0.058570014110979944,
    "sharpe_ratio": -0.8037688301143306,
    "sortino_ratio": -1.335076392937511,
    "calmar_ratio": -0.12925760203671446,
    "max_drawdown": -0.07365290343464992,
    "max_drawdown_date": "2023-10-19 00:00:00",
    "win_rate": 0.4966711051930759,
    "profit_factor": 0.9780005727261553,
    "num_trading_days": 751,
    "skewness": 0.09578942005145448,
    "kurtosis": 1.509615190346615,
    "best_day": 0.01662353110265724,
    "worst_day": -0.013880533115724014,
    "avg_daily_return": -3.116264404112679e-05,
    "benchmark_total_return": 0.28662220587013687,
    "benchmark_cagr": 0.08824475219339512,
    "alpha": -0.09776494987439965,
    "beta": 0.07341403270785644,
    "information_ratio": -0.5681377737668122,
    "tracking_error": 0.1720796510786599
  },
  "trade_metrics": {
    "num_trades": 358,
    "num_buys": 182,
    "num_sells": 176,
    "total_commission": 0.0,
    "total_slippage": 2024.1342743530263,
    "total_transaction_costs": 2024.1342743530263,
    "avg_trade_size": 5654.006352941417
  }
}