{
  "metrics": {
    "total_return": 0.39869609871282496,
    "cagr": 0.11877115977704178,
    "annual_volatility": 0.07826499206873377,
    "sharpe_ratio": 0.9768642044110848,
    "sortino_ratio": 1.3948518912258705,
    "calmar_ratio": 1.4554938256880712,
    "max_drawdown": -0.08160196744283255,
    "max_drawdown_date": "2023-10-03",
    "win_rate": 0.559254327563249,
    "profit_factor": 1.288084124767623,
    "num_trading_days": 751,
    "skewness": -0.3976484014919679,
    "kurtosis": 3.0072103581762697,
    "best_day": 0.022254776049974945,
    "worst_day": -0.027734476018373866,
    "avg_daily_return": 0.00045903981997564165,
    "black_swan_resilience": 78.1,
    "benchmark_total_return": 0.8628177193040827,
    "benchmark_cagr": 0.23130614737691846,
    "alpha": -0.11253498759987668,
    "beta": 0.3899027054028102,
    "information_ratio": -1.0579776662059752,
    "tracking_error": 0.10636801814866242
  },
  "trade_metrics": {
    "num_trades": 1758,
    "num_buys": 864,
    "num_sells": 894,
    "total_commission": 0.0,
    "total_slippage": 8815.51395507814,
    "total_transaction_costs": 8815.51395507814,
    "avg_trade_size": 5014.5130574960895
  },
  "final_positions": {
    "TLT": {
      "qty": 243.0,
      "avg_cost": 87.22930727799978,
      "realized_pnl": 2044.660869908933
    },
    "SPY": {
      "qty": 41.0,
      "avg_cost": 671.4984916394989,
      "realized_pnl": 17516.81965746359
    },
    "GLD": {
      "qty": 35.0,
      "avg_cost": 392.8410365197752,
      "realized_pnl": 11027.565581170675
    },
    "QQQ": {
      "qty": 34.0,
      "avg_cost": 607.5883915342133,
      "realized_pnl": 280.8009054249742
    },
    "SHY": {
      "qty": 170.0,
      "avg_cost": 82.11271667480469,
      "realized_pnl": -0.00991058349609375
    }
  },
  "source": "news_event",
  "description": "Pre-FOMC drift: 50 bps excess return, Sharpe 0.75-1.04",
  "rolling_windows": {
    "1Y_2015": {
      "ret": -0.0349,
      "sh": -1.15,
      "dd": -0.0846
    },
    "1Y_2016": {
      "ret": 0.0226,
      "sh": -0.27,
      "dd": -0.0453
    },
    "1Y_2017": {
      "ret": 0.0866,
      "sh": 1.04,
      "dd": -0.0322
    },
    "1Y_2018": {
      "ret": -0.091,
      "sh": -1.99,
      "dd": -0.1367
    },
    "1Y_2019": {
      "ret": 0.1468,
      "sh": 1.88,
      "dd": -0.0271
    },
    "1Y_2020": {
      "ret": 0.2199,
      "sh": 1.63,
      "dd": -0.0644
    },
    "1Y_2021": {
      "ret": 0.0623,
      "sh": 0.32,
      "dd": -0.0501
    },
    "1Y_2022": {
      "ret": -0.1908,
      "sh": -2.01,
      "dd": -0.1943
    },
    "1Y_2023": {
      "ret": 0.1233,
      "sh": 1.03,
      "dd": -0.0816
    },
    "1Y_2024": {
      "ret": 0.1071,
      "sh": 0.84,
      "dd": -0.0385
    },
    "1Y_2025": {
      "ret": 0.1299,
      "sh": 1.13,
      "dd": -0.0521
    },
    "3Y_2015_2017": {
      "ret": 0.0727,
      "sh": -0.26,
      "dd": -0.0846
    },
    "3Y_2016_2018": {
      "ret": 0.0174,
      "sh": -0.56,
      "dd": -0.1368
    },
    "3Y_2017_2019": {
      "ret": 0.1382,
      "sh": 0.1,
      "dd": -0.1368
    },
    "3Y_2018_2020": {
      "ret": 0.281,
      "sh": 0.6,
      "dd": -0.1367
    },
    "3Y_2019_2021": {
      "ret": 0.4902,
      "sh": 1.23,
      "dd": -0.0645
    },
    "3Y_2020_2022": {
      "ret": 0.0415,
      "sh": -0.2,
      "dd": -0.206
    },
    "3Y_2021_2023": {
      "ret": -0.0366,
      "sh": -0.5,
      "dd": -0.2063
    },
    "3Y_2022_2024": {
      "ret": 0.0022,
      "sh": -0.35,
      "dd": -0.1943
    },
    "3Y_2023_2025": {
      "ret": 0.3987,
      "sh": 0.98,
      "dd": -0.0816
    },
    "5Y_2015_2019": {
      "ret": 0.1236,
      "sh": -0.25,
      "dd": -0.1366
    },
    "5Y_2016_2020": {
      "ret": 0.434,
      "sh": 0.52,
      "dd": -0.1368
    },
    "5Y_2017_2021": {
      "ret": 0.4792,
      "sh": 0.59,
      "dd": -0.1368
    },
    "5Y_2018_2022": {
      "ret": 0.0944,
      "sh": -0.2,
      "dd": -0.2059
    },
    "5Y_2019_2023": {
      "ret": 0.352,
      "sh": 0.28,
      "dd": -0.2064
    },
    "5Y_2020_2024": {
      "ret": 0.2899,
      "sh": 0.17,
      "dd": -0.206
    },
    "5Y_2021_2025": {
      "ret": 0.1997,
      "sh": 0.01,
      "dd": -0.2063
    },
    "10Y_2015_2024": {
      "ret": 0.4583,
      "sh": 0.02,
      "dd": -0.2064
    }
  }
}