{
  "metrics": {
    "total_return": 0.0132,
    "sharpe_ratio": 0.08,
    "max_drawdown": -0.4435
  },
  "final_positions": {
    "ARKG": {
      "qty": 345.0,
      "avg_cost": 25.451739869743303,
      "realized_pnl": 1777.070378352455
    },
    "A": {
      "qty": 69.0,
      "avg_cost": 129.66891452679636,
      "realized_pnl": -1462.4341234200947
    },
    "TMO": {
      "qty": 18.0,
      "avg_cost": 520.7485517578803,
      "realized_pnl": -1585.670569090578
    },
    "TEM": {
      "qty": 69.0,
      "avg_cost": 62.728571108510174,
      "realized_pnl": 2336.68639214394
    },
    "CRSP": {
      "qty": 148.0,
      "avg_cost": 48.744926078836,
      "realized_pnl": 2885.3091754819375
    },
    "EDIT": {
      "qty": 2348.0,
      "avg_cost": 2.195975973313498,
      "realized_pnl": 3228.40167975385
    },
    "TXG": {
      "qty": 569.0,
      "avg_cost": 12.940399971121156,
      "realized_pnl": 468.25749113782183
    },
    "BEAM": {
      "qty": 321.0,
      "avg_cost": 19.642029351935687,
      "realized_pnl": 648.8210533953045
    },
    "ILMN": {
      "qty": 120.0,
      "avg_cost": 100.89432795008675,
      "realized_pnl": 439.58875556070296
    },
    "TWST": {
      "qty": 172.0,
      "avg_cost": 29.260000228881836,
      "realized_pnl": 79.17003631591797
    },
    "NTLA": {
      "qty": 611.0,
      "avg_cost": 10.96950886877781,
      "realized_pnl": 0.0
    }
  },
  "rolling_windows": {
    "1Y_2015": {
      "ret": 0.0361,
      "sh": 0.03,
      "dd": -0.1313
    },
    "1Y_2016": {
      "ret": -0.1513,
      "sh": -0.86,
      "dd": -0.2274
    },
    "1Y_2017": {
      "ret": 0.4333,
      "sh": 1.57,
      "dd": -0.0997
    },
    "1Y_2018": {
      "ret": 0.0149,
      "sh": 0.09,
      "dd": -0.2622
    },
    "1Y_2019": {
      "ret": 0.3277,
      "sh": 1.08,
      "dd": -0.179
    },
    "1Y_2020": {
      "ret": 1.4544,
      "sh": 2.21,
      "dd": -0.317
    },
    "1Y_2021": {
      "ret": 0.0573,
      "sh": 0.24,
      "dd": -0.3105
    },
    "1Y_2022": {
      "ret": -0.4533,
      "sh": -1.57,
      "dd": -0.4783
    },
    "1Y_2023": {
      "ret": 0.0861,
      "sh": 0.3,
      "dd": -0.3788
    },
    "1Y_2024": {
      "ret": -0.2056,
      "sh": -0.64,
      "dd": -0.2684
    },
    "1Y_2025": {
      "ret": 0.1848,
      "sh": 0.53,
      "dd": -0.3296
    },
    "3Y_2015_2017": {
      "ret": 0.277,
      "sh": 0.32,
      "dd": -0.2279
    },
    "3Y_2016_2018": {
      "ret": 0.3448,
      "sh": 0.36,
      "dd": -0.2622
    },
    "3Y_2017_2019": {
      "ret": 1.0609,
      "sh": 0.88,
      "dd": -0.2623
    },
    "3Y_2018_2020": {
      "ret": 2.2698,
      "sh": 1.2,
      "dd": -0.3169
    },
    "3Y_2019_2021": {
      "ret": 2.3074,
      "sh": 1.16,
      "dd": -0.317
    },
    "3Y_2020_2022": {
      "ret": 0.3814,
      "sh": 0.37,
      "dd": -0.6125
    },
    "3Y_2021_2023": {
      "ret": -0.3824,
      "sh": -0.35,
      "dd": -0.7056
    },
    "3Y_2022_2024": {
      "ret": -0.538,
      "sh": -0.67,
      "dd": -0.6039
    },
    "3Y_2023_2025": {
      "ret": 0.0132,
      "sh": 0.08,
      "dd": -0.4435
    },
    "5Y_2015_2019": {
      "ret": 0.8361,
      "sh": 0.47,
      "dd": -0.2623
    },
    "5Y_2016_2020": {
      "ret": 3.2702,
      "sh": 0.99,
      "dd": -0.3172
    },
    "5Y_2017_2021": {
      "ret": 4.1314,
      "sh": 1.03,
      "dd": -0.3173
    },
    "5Y_2018_2022": {
      "ret": 0.8826,
      "sh": 0.42,
      "dd": -0.6125
    },
    "5Y_2019_2023": {
      "ret": 0.9502,
      "sh": 0.44,
      "dd": -0.7056
    },
    "5Y_2020_2024": {
      "ret": 0.1668,
      "sh": 0.17,
      "dd": -0.7059
    },
    "5Y_2021_2025": {
      "ret": -0.4238,
      "sh": -0.22,
      "dd": -0.7361
    },
    "10Y_2015_2024": {
      "ret": 1.121,
      "sh": 0.27,
      "dd": -0.7059
    }
  },
  "source": "cicc_ark_backtest"
}