{
  "metrics": {
    "total_return": 0.5690722135619661,
    "cagr": 0.1631841982394897,
    "annual_volatility": 0.163675560264164,
    "sharpe_ratio": 0.7653119565315085,
    "sortino_ratio": 1.18475943432394,
    "calmar_ratio": 0.68727531466771,
    "max_drawdown": -0.23743643159712124,
    "max_drawdown_date": "2022-12-28 00:00:00",
    "win_rate": 0.4980026631158455,
    "profit_factor": 1.2080543749864734,
    "num_trading_days": 751,
    "skewness": 1.037476375426441,
    "kurtosis": 7.455767037846982,
    "best_day": 0.06964529006663378,
    "worst_day": -0.03622565151748003,
    "avg_daily_return": 0.0006527247170061761
  },
  "trade_metrics": {
    "num_trades": 593,
    "num_buys": 292,
    "num_sells": 301,
    "total_commission": 0.0,
    "total_slippage": 11093.631302075377,
    "total_transaction_costs": 11093.631302075377,
    "avg_trade_size": 18707.641318845508
  }
}