{
  "metrics": {
    "total_return": 0.31311759084271373,
    "cagr": 0.09571368700387817,
    "annual_volatility": 0.13289281878366171,
    "sharpe_ratio": 0.4586081944953349,
    "sortino_ratio": 0.6644201968081715,
    "calmar_ratio": 0.43178369665717026,
    "max_drawdown": -0.22167045153599996,
    "max_drawdown_date": "2022-10-14 00:00:00",
    "win_rate": 0.4673768308921438,
    "profit_factor": 1.1596488580764186,
    "num_trading_days": 751,
    "skewness": 1.4697913310722395,
    "kurtosis": 11.416915392651381,
    "best_day": 0.06986837011121438,
    "worst_day": -0.027539005076647305,
    "avg_daily_return": 0.00039749802026654385
  },
  "trade_metrics": {
    "num_trades": 441,
    "num_buys": 206,
    "num_sells": 235,
    "total_commission": 0.0,
    "total_slippage": 7796.028951121331,
    "total_transaction_costs": 7796.028951121331,
    "avg_trade_size": 17678.070183948596
  }
}