{
  "metrics": {
    "total_return": -0.03240894228563174,
    "cagr": -0.010959132943244465,
    "annual_volatility": 0.1094105725333919,
    "sharpe_ratio": -0.40485346347983775,
    "sortino_ratio": -0.5538468697531281,
    "calmar_ratio": -0.065916959323765,
    "max_drawdown": -0.16625665163674164,
    "max_drawdown_date": "2025-12-08",
    "win_rate": 0.49267643142476697,
    "profit_factor": 0.9920050782083839,
    "num_trading_days": 751,
    "skewness": -0.18629974620179032,
    "kurtosis": 2.529757838465774,
    "best_day": 0.029275194982627317,
    "worst_day": -0.03431870001783466,
    "avg_daily_return": -2.0124935746259852e-05,
    "black_swan_resilience": 76.4,
    "benchmark_total_return": 0.8628177193040827,
    "benchmark_cagr": 0.23130614737691846,
    "alpha": -0.24226528032016292,
    "beta": 0.22312263955515077,
    "information_ratio": -1.5316213186709733,
    "tracking_error": 0.15817570398561875
  },
  "trade_metrics": {
    "num_trades": 288,
    "num_buys": 166,
    "num_sells": 122,
    "total_commission": 0.0,
    "total_slippage": 1014.3085259265896,
    "total_transaction_costs": 1014.3085259265896,
    "avg_trade_size": 3521.9046039117707
  },
  "final_positions": {
    "COST": {
      "qty": 14.0,
      "avg_cost": 932.9740513392857,
      "realized_pnl": 2386.0743408203125
    },
    "MKC": {
      "qty": 192.0,
      "avg_cost": 71.59721940767191,
      "realized_pnl": 997.358940146298
    },
    "KO": {
      "qty": 109.0,
      "avg_cost": 71.45864868164062,
      "realized_pnl": 646.6463241577154
    },
    "CL": {
      "qty": 159.0,
      "avg_cost": 85.85522918741454,
      "realized_pnl": -245.66138146671312
    },
    "UL": {
      "qty": 116.0,
      "avg_cost": 65.19776258797481,
      "realized_pnl": 3164.296318054201
    },
    "PG": {
      "qty": 86.0,
      "avg_cost": 152.76194037399603,
      "realized_pnl": 2191.3885970171755
    },
    "DE": {
      "qty": 17.0,
      "avg_cost": 465.1358642578125,
      "realized_pnl": 4270.832824707035
    },
    "NVO": {
      "qty": 271.0,
      "avg_cost": 71.7829468607329,
      "realized_pnl": -4375.708340743831
    }
  },
  "source": "theme",
  "description": "Global pricing power: Unilever, Nestle, P&G, KO, Deere \u2014 income + stability",
  "horizon": "3Y (2023-2025)",
  "composite_score": 0.0752,
  "consistency_score": 0.5,
  "n_windows_tested": 12,
  "avg_1Y_return": 0.0521,
  "avg_3Y_return": 0.1798,
  "avg_5Y_return": 0.3011,
  "avg_10Y_return": null,
  "rolling_windows": {
    "1Y_2023": {
      "ret": 0.0295,
      "sh": -0.06,
      "dd": -0.117
    },
    "1Y_2024": {
      "ret": -0.0138,
      "sh": -0.65,
      "dd": -0.0925
    },
    "1Y_2025": {
      "ret": -0.0553,
      "sh": -0.59,
      "dd": -0.1378
    },
    "3Y_2022_2024": {
      "ret": 0.1067,
      "sh": -0.0,
      "dd": -0.1171
    },
    "3Y_2023_2025": {
      "ret": -0.0324,
      "sh": -0.4,
      "dd": -0.1663
    },
    "5Y_2020_2024": {
      "ret": 0.4231,
      "sh": 0.3,
      "dd": -0.2078
    },
    "1Y_2020": {
      "ret": 0.145,
      "sh": 0.52,
      "dd": -0.2078
    },
    "1Y_2021": {
      "ret": 0.1255,
      "sh": 1.15,
      "dd": -0.0528
    },
    "1Y_2022": {
      "ret": 0.0816,
      "sh": 0.38,
      "dd": -0.1112
    },
    "3Y_2020_2022": {
      "ret": 0.3899,
      "sh": 0.52,
      "dd": -0.2078
    },
    "3Y_2021_2023": {
      "ret": 0.2549,
      "sh": 0.42,
      "dd": -0.1173
    },
    "5Y_2021_2025": {
      "ret": 0.1791,
      "sh": -0.0,
      "dd": -0.1665
    }
  }
}