{
  "metrics": {
    "total_return": 0.3723196260941328,
    "cagr": 0.11166969931034809,
    "annual_volatility": 0.1394166528232976,
    "sharpe_ratio": 0.5503462268554913,
    "sortino_ratio": 0.7753326523586188,
    "calmar_ratio": 0.6438685265797428,
    "max_drawdown": -0.17343556129935767,
    "max_drawdown_date": "2024-11-18",
    "win_rate": 0.5233022636484687,
    "profit_factor": 1.156717057557934,
    "num_trading_days": 751,
    "skewness": -0.3889524101489307,
    "kurtosis": 4.040193605350176,
    "best_day": 0.04328802051707492,
    "worst_day": -0.05640182414840411,
    "avg_daily_return": 0.0004601237867679446,
    "black_swan_resilience": 73.4,
    "benchmark_total_return": 0.8628177193040827,
    "benchmark_cagr": 0.23130614737691846,
    "alpha": -0.11963644806657037,
    "beta": 0.30475818361877555,
    "information_ratio": -0.7069494385236665,
    "tracking_error": 0.16922914362363597
  },
  "trade_metrics": {
    "num_trades": 300,
    "num_buys": 150,
    "num_sells": 150,
    "total_commission": 0.0,
    "total_slippage": 2767.250150526525,
    "total_transaction_costs": 2767.250150526525,
    "avg_trade_size": 9224.167168421745
  },
  "final_positions": {
    "RHHBY": {
      "qty": 358.0,
      "avg_cost": 40.13069657906474,
      "realized_pnl": -479.0220623016377
    },
    "BAYRY": {
      "qty": 1880.0,
      "avg_cost": 8.059388333178582,
      "realized_pnl": -1316.4924473762512
    },
    "AZN": {
      "qty": 92.0,
      "avg_cost": 168.43703211908755,
      "realized_pnl": 5831.931045532227
    },
    "LLY": {
      "qty": 16.0,
      "avg_cost": 1056.1273193359375,
      "realized_pnl": 7506.6760864257785
    },
    "NVS": {
      "qty": 132.0,
      "avg_cost": 123.35795028213127,
      "realized_pnl": 4460.74237242199
    },
    "TAK": {
      "qty": 1140.0,
      "avg_cost": 15.03252843677339,
      "realized_pnl": -257.9825663999311
    },
    "MRK": {
      "qty": 165.0,
      "avg_cost": 81.53566825173118,
      "realized_pnl": 492.453041076659
    }
  },
  "source": "theme",
  "description": "Global pharma at value: Roche, AZN, MRK, GSK, TAK \u2014 deep pipelines, patent cliff fears",
  "horizon": "3Y (2023-2025)",
  "consistency_score": 0.67,
  "windows_tested": 6,
  "composite_score": 0.0913,
  "rolling_windows": {
    "1Y_2023": {
      "ret": 0.0987,
      "sh": 0.56,
      "dd": -0.0988
    },
    "1Y_2024": {
      "ret": -0.0374,
      "sh": -0.64,
      "dd": -0.1734
    },
    "1Y_2025": {
      "ret": 0.2796,
      "sh": 1.24,
      "dd": -0.1143
    },
    "3Y_2022_2024": {
      "ret": 0.0837,
      "sh": -0.03,
      "dd": -0.2144
    },
    "3Y_2023_2025": {
      "ret": 0.3723,
      "sh": 0.55,
      "dd": -0.1734
    },
    "5Y_2020_2024": {
      "ret": 0.1822,
      "sh": 0.03,
      "dd": -0.2144
    }
  }
}