{
  "metrics": {
    "total_return": 0.5874488168978005,
    "cagr": 0.16715799478581506,
    "annual_volatility": 0.12375259447332221,
    "sharpe_ratio": 0.962833574292664,
    "sortino_ratio": 1.3218165631042635,
    "calmar_ratio": 0.8445555241888865,
    "max_drawdown": -0.19792422167429913,
    "max_drawdown_date": "2025-04-21",
    "win_rate": 0.55627425614489,
    "profit_factor": 1.2583983382856248,
    "num_trading_days": 773,
    "skewness": -0.7993094230261445,
    "kurtosis": 8.617419417591575,
    "best_day": 0.05433024127165487,
    "worst_day": -0.05589631731966982,
    "avg_daily_return": 0.0006284798344767367,
    "black_swan_resilience": 67.0,
    "benchmark_total_return": 0.8628177193040827,
    "benchmark_cagr": 0.23130614737691846,
    "alpha": -0.06584293681911069,
    "beta": 0.5364763128637796,
    "information_ratio": -0.5559172013437995,
    "tracking_error": 0.11844018616432596
  },
  "trade_metrics": {
    "num_trades": 1559,
    "num_buys": 737,
    "num_sells": 822,
    "total_commission": 0.0,
    "total_slippage": 4442.246106227872,
    "total_transaction_costs": 4442.246106227872,
    "avg_trade_size": 2849.42020925457
  },
  "final_positions": {
    "V": {
      "qty": 37.0,
      "avg_cost": 346.38439611486484,
      "realized_pnl": 3935.4745025634725
    },
    "MA": {
      "qty": 22.0,
      "avg_cost": 568.2764282226562,
      "realized_pnl": 4199.137481689445
    },
    "MITSY": {
      "qty": 22.0,
      "avg_cost": 529.8342181119052,
      "realized_pnl": 4448.007247924811
    },
    "U11.SI": {
      "qty": 369.0,
      "avg_cost": 34.76121512642742,
      "realized_pnl": -928.0392668925931
    },
    "O39.SI": {
      "qty": 657.0,
      "avg_cost": 17.361329900235837,
      "realized_pnl": 4607.936435685735
    },
    "JPM": {
      "qty": 45.0,
      "avg_cost": 293.0815006076357,
      "realized_pnl": 6601.588715698096
    },
    "BK": {
      "qty": 97.0,
      "avg_cost": 104.51020194537564,
      "realized_pnl": 6933.60961815091
    },
    "GS": {
      "qty": 13.0,
      "avg_cost": 737.8200754422993,
      "realized_pnl": 3153.9009709842635
    },
    "ITOCY": {
      "qty": 1006.0,
      "avg_cost": 11.562655424734135,
      "realized_pnl": 2351.093464368724
    },
    "D05.SI": {
      "qty": 234.0,
      "avg_cost": 49.40893789710564,
      "realized_pnl": 5619.18111101964
    },
    "AXP": {
      "qty": 30.0,
      "avg_cost": 325.0561073882738,
      "realized_pnl": 7660.951562712668
    },
    "COF": {
      "qty": 53.0,
      "avg_cost": 208.7377209933299,
      "realized_pnl": 1791.9570236206137
    }
  },
  "source": "theme",
  "description": "Payment rails + mega-banks + Japanese trading houses + Singapore banks \u2014 backbone of world finance",
  "horizon": "3Y (2023-2025)",
  "composite_score": 0.1845,
  "consistency_score": 0.75,
  "n_windows_tested": 12,
  "avg_1Y_return": 0.0868,
  "avg_3Y_return": 0.2569,
  "avg_5Y_return": 0.5549,
  "avg_10Y_return": null,
  "rolling_windows": {
    "1Y_2023": {
      "ret": 0.0881,
      "sh": 0.47,
      "dd": -0.0994
    },
    "1Y_2024": {
      "ret": 0.3302,
      "sh": 1.93,
      "dd": -0.0975
    },
    "1Y_2025": {
      "ret": 0.0977,
      "sh": 0.45,
      "dd": -0.1973
    },
    "3Y_2022_2024": {
      "ret": 0.2999,
      "sh": 0.48,
      "dd": -0.1741
    },
    "3Y_2023_2025": {
      "ret": 0.5874,
      "sh": 0.96,
      "dd": -0.1979
    },
    "5Y_2020_2024": {
      "ret": 0.4333,
      "sh": 0.32,
      "dd": -0.2024
    },
    "1Y_2020": {
      "ret": -0.0548,
      "sh": -0.63,
      "dd": -0.1697
    },
    "1Y_2021": {
      "ret": 0.162,
      "sh": 0.91,
      "dd": -0.0969
    },
    "1Y_2022": {
      "ret": -0.1023,
      "sh": -1.69,
      "dd": -0.1741
    },
    "3Y_2020_2022": {
      "ret": -0.0108,
      "sh": -0.31,
      "dd": -0.2024
    },
    "3Y_2021_2023": {
      "ret": 0.1511,
      "sh": 0.12,
      "dd": -0.2022
    },
    "5Y_2021_2025": {
      "ret": 0.6764,
      "sh": 0.58,
      "dd": -0.2022
    }
  }
}