{
  "metrics": {
    "total_return": 0.7302114121919951,
    "cagr": 0.2012653222023295,
    "annual_volatility": 0.12090233640883312,
    "sharpe_ratio": 1.2578941247052366,
    "sortino_ratio": 1.9172219173725213,
    "calmar_ratio": 1.7158042276567165,
    "max_drawdown": -0.1173008662399665,
    "max_drawdown_date": "2025-04-08",
    "win_rate": 0.5605858854860186,
    "profit_factor": 1.335949759712325,
    "num_trading_days": 751,
    "skewness": 0.6206767109153595,
    "kurtosis": 16.405580500885655,
    "best_day": 0.07476725546412233,
    "worst_day": -0.0519940610903773,
    "avg_daily_return": 0.0007591512065682754,
    "black_swan_resilience": 89.0,
    "benchmark_total_return": 0.8628177193040827,
    "benchmark_cagr": 0.23130614737691846,
    "alpha": -0.030040825174588948,
    "beta": 0.6001785395075272,
    "information_ratio": -0.3019813378261909,
    "tracking_error": 0.09947907837894047
  },
  "trade_metrics": {
    "num_trades": 447,
    "num_buys": 238,
    "num_sells": 209,
    "total_commission": 0.0,
    "total_slippage": 1726.8865536651613,
    "total_transaction_costs": 1726.8865536651613,
    "avg_trade_size": 3863.280880682687
  },
  "final_positions": {
    "MSFT": {
      "qty": 35.0,
      "avg_cost": 485.6315612792969,
      "realized_pnl": 4169.919250488282
    },
    "UNP": {
      "qty": 74.0,
      "avg_cost": 226.46456402901632,
      "realized_pnl": 1263.7471992067767
    },
    "UNH": {
      "qty": 53.0,
      "avg_cost": 357.12382799891503,
      "realized_pnl": 1991.9727807930806
    },
    "V": {
      "qty": 51.0,
      "avg_cost": 351.18433514763325,
      "realized_pnl": 4556.8052673339835
    },
    "BRK-B": {
      "qty": 33.0,
      "avg_cost": 499.2574292864118,
      "realized_pnl": 4707.514941842213
    },
    "LMT": {
      "qty": 39.0,
      "avg_cost": 470.7319587036969,
      "realized_pnl": 1530.974245889487
    },
    "CVX": {
      "qty": 112.0,
      "avg_cost": 141.31080840463693,
      "realized_pnl": 1325.7651159042973
    },
    "HON": {
      "qty": 89.0,
      "avg_cost": 201.39574351714992,
      "realized_pnl": 1779.3984343788843
    },
    "XOM": {
      "qty": 146.0,
      "avg_cost": 109.88908917799806,
      "realized_pnl": 2092.8878763109597
    }
  },
  "source": "political",
  "description": "Republican congressional trades: diversified sectors, financials + industrials",
  "horizon": "3Y (2023-2025)",
  "composite_score": 0.3521,
  "consistency_score": 0.92,
  "n_windows_tested": 12,
  "avg_1Y_return": 0.1355,
  "avg_3Y_return": 0.4413,
  "avg_5Y_return": 0.9036,
  "avg_10Y_return": null,
  "rolling_windows": {
    "1Y_2023": {
      "ret": 0.2024,
      "sh": 1.36,
      "dd": -0.0746
    },
    "1Y_2024": {
      "ret": 0.1872,
      "sh": 1.49,
      "dd": -0.0415
    },
    "1Y_2025": {
      "ret": 0.2082,
      "sh": 1.08,
      "dd": -0.1172
    },
    "3Y_2022_2024": {
      "ret": 0.3783,
      "sh": 0.53,
      "dd": -0.215
    },
    "3Y_2023_2025": {
      "ret": 0.7302,
      "sh": 1.26,
      "dd": -0.1173
    },
    "5Y_2020_2024": {
      "ret": 0.7466,
      "sh": 0.46,
      "dd": -0.3654
    },
    "1Y_2020": {
      "ret": 0.026,
      "sh": 0.14,
      "dd": -0.3654
    },
    "1Y_2021": {
      "ret": 0.2233,
      "sh": 1.65,
      "dd": -0.07
    },
    "1Y_2022": {
      "ret": -0.0338,
      "sh": -0.23,
      "dd": -0.215
    },
    "3Y_2020_2022": {
      "ret": 0.2238,
      "sh": 0.24,
      "dd": -0.3654
    },
    "3Y_2021_2023": {
      "ret": 0.4329,
      "sh": 0.61,
      "dd": -0.214
    },
    "5Y_2021_2025": {
      "ret": 1.0606,
      "sh": 0.82,
      "dd": -0.214
    }
  }
}