{
  "metrics": {
    "total_return": 0.7992912965873276,
    "cagr": 0.2170988110483585,
    "annual_volatility": 0.24692234299266008,
    "sharpe_ratio": 0.763113702466633,
    "sortino_ratio": 1.0907499560236873,
    "calmar_ratio": 0.9378025146442607,
    "max_drawdown": -0.2314973650190213,
    "max_drawdown_date": "2025-04-08",
    "win_rate": 0.5565912117177098,
    "profit_factor": 1.1672771546265164,
    "num_trading_days": 751,
    "skewness": -0.14384471753886327,
    "kurtosis": 1.0002120564583858,
    "best_day": 0.05716386218656533,
    "worst_day": -0.054233774406248214,
    "avg_daily_return": 0.00090338725716771,
    "black_swan_resilience": 73.1,
    "benchmark_total_return": 0.8628177193040827,
    "benchmark_cagr": 0.23130614737691846,
    "alpha": -0.014207336328559972,
    "beta": 1.0357842729956799,
    "information_ratio": -0.07517234587297526,
    "tracking_error": 0.18899684669369302
  },
  "trade_metrics": {
    "num_trades": 1222,
    "num_buys": 590,
    "num_sells": 632,
    "total_commission": 0.0,
    "total_slippage": 14167.315998996693,
    "total_transaction_costs": 14167.315998996693,
    "avg_trade_size": 11593.548280684725
  },
  "final_positions": {
    "SHOP": {
      "qty": 218.0,
      "avg_cost": 159.85000610351562,
      "realized_pnl": 2616.8496360778886
    },
    "NVDA": {
      "qty": 180.0,
      "avg_cost": 188.20980834960938,
      "realized_pnl": 20292.472797393784
    },
    "PLTR": {
      "qty": 193.0,
      "avg_cost": 193.87844129176955,
      "realized_pnl": 26961.742950439453
    },
    "GOOGL": {
      "qty": 100.0,
      "avg_cost": 289.1717859778617,
      "realized_pnl": 12120.103234626993
    },
    "AMZN": {
      "qty": 131.0,
      "avg_cost": 232.07000732421875,
      "realized_pnl": -5961.427177429196
    }
  },
  "source": "hedge_fund",
  "description": "Concentrated high-conviction growth bets, Tiger Global-inspired",
  "horizon": "3Y (2023-2025)",
  "consistency_score": 1.0,
  "windows_tested": 6,
  "composite_score": 0.4714,
  "rolling_windows": {
    "1Y_2023": {
      "ret": 0.4032,
      "sh": 1.37,
      "dd": -0.2003
    },
    "1Y_2024": {
      "ret": 0.2913,
      "sh": 0.98,
      "dd": -0.1833
    },
    "1Y_2025": {
      "ret": 0.033,
      "sh": 0.09,
      "dd": -0.2039
    },
    "3Y_2022_2024": {
      "ret": 0.3952,
      "sh": 0.44,
      "dd": -0.2456
    },
    "3Y_2023_2025": {
      "ret": 0.7993,
      "sh": 0.76,
      "dd": -0.2315
    },
    "5Y_2020_2024": {
      "ret": 1.791,
      "sh": 0.78,
      "dd": -0.3645
    }
  }
}