{
  "metrics": {
    "total_return": 0.7992912965873276,
    "cagr": 0.2170988110483585,
    "annual_volatility": 0.2469223429926601,
    "sharpe_ratio": 0.7631137024666332,
    "sortino_ratio": 1.0907499560236875,
    "calmar_ratio": 0.9378025146442611,
    "max_drawdown": -0.23149736501902118,
    "max_drawdown_date": "2025-04-08",
    "win_rate": 0.5565912117177098,
    "profit_factor": 1.1672771546265164,
    "num_trading_days": 751,
    "skewness": -0.14384471753886344,
    "kurtosis": 1.0002120564583903,
    "best_day": 0.05716386218656533,
    "worst_day": -0.054233774406248214,
    "avg_daily_return": 0.0009033872571677104,
    "black_swan_resilience": 73.1,
    "benchmark_total_return": 0.8628177193040827,
    "benchmark_cagr": 0.23130614737691846,
    "alpha": -0.014207336328559972,
    "beta": 1.03578427299568,
    "information_ratio": -0.07517234587297526,
    "tracking_error": 0.18899684669369302
  },
  "trade_metrics": {
    "num_trades": 1222,
    "num_buys": 590,
    "num_sells": 632,
    "total_commission": 0.0,
    "total_slippage": 14167.315998996695,
    "total_transaction_costs": 14167.315998996695,
    "avg_trade_size": 11593.548280684725
  },
  "final_positions": {
    "GOOGL": {
      "qty": 100.0,
      "avg_cost": 289.1717859778617,
      "realized_pnl": 1008.0511868974975
    },
    "SHOP": {
      "qty": 218.0,
      "avg_cost": 159.85000610351562,
      "realized_pnl": 108.01991271972656
    },
    "PLTR": {
      "qty": 193.0,
      "avg_cost": 193.87844129176955,
      "realized_pnl": 0.0
    },
    "NVDA": {
      "qty": 180.0,
      "avg_cost": 188.20980834960938,
      "realized_pnl": 0.0
    },
    "AMZN": {
      "qty": 131.0,
      "avg_cost": 232.07000732421875,
      "realized_pnl": 0.0
    }
  },
  "source": "hedge_fund",
  "description": "Concentrated high-conviction growth bets, Tiger Global-inspired"
}