{
  "metrics": {
    "total_return": 0.46003464896008817,
    "cagr": 0.1349477427657635,
    "annual_volatility": 0.25523696462449075,
    "sharpe_ratio": 0.4715977485037576,
    "sortino_ratio": 0.6788612950396709,
    "calmar_ratio": 0.37080067142189305,
    "max_drawdown": -0.3639360798573673,
    "max_drawdown_date": "2025-04-08",
    "win_rate": 0.4780292942743009,
    "profit_factor": 1.1233808024711847,
    "num_trading_days": 751,
    "skewness": -0.09336625437115123,
    "kurtosis": 3.7369981850929372,
    "best_day": 0.08677182180911047,
    "worst_day": -0.08736519993637593,
    "avg_daily_return": 0.0006333053304573066,
    "black_swan_resilience": 67.1,
    "benchmark_total_return": 0.8628177193040827,
    "benchmark_cagr": 0.23130614737691846,
    "alpha": -0.09635840461115497,
    "beta": 1.0258212266840465,
    "information_ratio": -0.4796110438253521,
    "tracking_error": 0.20090947831935954
  },
  "trade_metrics": {
    "num_trades": 758,
    "num_buys": 382,
    "num_sells": 376,
    "total_commission": 0.0,
    "total_slippage": 11969.239570333952,
    "total_transaction_costs": 11969.239570333952,
    "avg_trade_size": 15790.553522868018
  },
  "final_positions": {
    "PLTR": {
      "qty": 161.0,
      "avg_cost": 184.17999267578125,
      "realized_pnl": 39860.35206079483
    },
    "SNOW": {
      "qty": 133.0,
      "avg_cost": 246.3925397447476,
      "realized_pnl": -8403.248451741532
    },
    "NET": {
      "qty": 148.0,
      "avg_cost": 205.67432486044393,
      "realized_pnl": -3500.092014312747
    }
  },
  "source": "generic",
  "description": "Disruptive innovation: high growth, buy dips in uptrends",
  "horizon": "3Y (2023-2025)",
  "composite_score": 0.1,
  "consistency_score": 0.67,
  "n_windows_tested": 12,
  "avg_1Y_return": 0.1238,
  "avg_3Y_return": 0.1664,
  "avg_5Y_return": 0.4168,
  "avg_10Y_return": null,
  "rolling_windows": {
    "1Y_2023": {
      "ret": 0.1442,
      "sh": 0.55,
      "dd": -0.1669
    },
    "1Y_2024": {
      "ret": 0.3844,
      "sh": 1.24,
      "dd": -0.2071
    },
    "1Y_2025": {
      "ret": -0.0608,
      "sh": -0.22,
      "dd": -0.3257
    },
    "3Y_2022_2024": {
      "ret": 0.2174,
      "sh": 0.23,
      "dd": -0.2754
    },
    "3Y_2023_2025": {
      "ret": 0.46,
      "sh": 0.47,
      "dd": -0.3639
    },
    "5Y_2020_2024": {
      "ret": 0.7382,
      "sh": 0.41,
      "dd": -0.4558
    },
    "1Y_2020": {
      "ret": 0.5035,
      "sh": 1.34,
      "dd": -0.2949
    },
    "1Y_2021": {
      "ret": -0.0201,
      "sh": -0.05,
      "dd": -0.341
    },
    "1Y_2022": {
      "ret": -0.2086,
      "sh": -2.27,
      "dd": -0.2133
    },
    "3Y_2020_2022": {
      "ret": 0.1277,
      "sh": 0.13,
      "dd": -0.4083
    },
    "3Y_2021_2023": {
      "ret": -0.1394,
      "sh": -0.29,
      "dd": -0.456
    },
    "5Y_2021_2025": {
      "ret": 0.0955,
      "sh": 0.04,
      "dd": -0.456
    }
  }
}