{
  "metrics": {
    "total_return": 0.46003464896008817,
    "cagr": 0.1349477427657635,
    "annual_volatility": 0.25523696462449075,
    "sharpe_ratio": 0.4715977485037576,
    "sortino_ratio": 0.6788612950396709,
    "calmar_ratio": 0.37080067142189305,
    "max_drawdown": -0.3639360798573673,
    "max_drawdown_date": "2025-04-08",
    "win_rate": 0.4780292942743009,
    "profit_factor": 1.1233808024711847,
    "num_trading_days": 751,
    "skewness": -0.09336625437115123,
    "kurtosis": 3.7369981850929372,
    "best_day": 0.08677182180911047,
    "worst_day": -0.08736519993637593,
    "avg_daily_return": 0.0006333053304573066,
    "black_swan_resilience": 67.1,
    "benchmark_total_return": 0.8628177193040827,
    "benchmark_cagr": 0.23130614737691846,
    "alpha": -0.09635840461115497,
    "beta": 1.0258212266840465,
    "information_ratio": -0.4796110438253521,
    "tracking_error": 0.20090947831935954
  },
  "trade_metrics": {
    "num_trades": 758,
    "num_buys": 382,
    "num_sells": 376,
    "total_commission": 0.0,
    "total_slippage": 11969.239570333952,
    "total_transaction_costs": 11969.239570333952,
    "avg_trade_size": 15790.553522868018
  },
  "final_positions": {
    "SNOW": {
      "qty": 133.0,
      "avg_cost": 246.3925397447476,
      "realized_pnl": -59.19155171712242
    },
    "NET": {
      "qty": 148.0,
      "avg_cost": 205.67432486044393,
      "realized_pnl": 0.0
    },
    "PLTR": {
      "qty": 161.0,
      "avg_cost": 184.17999267578125,
      "realized_pnl": 0.0
    }
  },
  "source": "generic",
  "description": "Disruptive innovation: high growth, buy dips in uptrends"
}