{
  "metrics": {
    "total_return": 0.07187739713957764,
    "cagr": 0.023488289085453307,
    "annual_volatility": 0.12756075871110914,
    "sharpe_ratio": -0.06139686622958037,
    "sortino_ratio": -0.08480998517575308,
    "calmar_ratio": 0.1134836296916896,
    "max_drawdown": -0.2069751306797808,
    "max_drawdown_date": "2022-12-28",
    "win_rate": 0.5172872340425532,
    "profit_factor": 1.0414857849808061,
    "num_trading_days": 752,
    "skewness": -0.13028786798244976,
    "kurtosis": 0.8088107528016342,
    "best_day": 0.031736730422101234,
    "worst_day": -0.028973311107651667,
    "avg_daily_return": 0.0001245711689867797,
    "benchmark_total_return": 0.28194132237102565,
    "benchmark_cagr": 0.08662457909976418,
    "alpha": -0.06313629001431087,
    "beta": 0.5225870786733174,
    "information_ratio": -0.5174566374180161,
    "tracking_error": 0.12201271652315786
  },
  "trade_metrics": {
    "num_trades": 382,
    "num_buys": 200,
    "num_sells": 182,
    "total_commission": 0.0,
    "total_slippage": 1605.2553821411148,
    "total_transaction_costs": 1605.2553821411148,
    "avg_trade_size": 4202.239220264694
  },
  "final_positions": {
    "VRSK": {
      "qty": 32.0,
      "avg_cost": 256.47527332794976,
      "realized_pnl": -539.0091337546339
    },
    "WM": {
      "qty": 42.0,
      "avg_cost": 205.38781810942152,
      "realized_pnl": 293.9446868896483
    },
    "RSG": {
      "qty": 44.0,
      "avg_cost": 164.76511600169965,
      "realized_pnl": 787.7715112403122
    },
    "SPGI": {
      "qty": 14.0,
      "avg_cost": 440.80180988614524,
      "realized_pnl": -806.0288119845911
    },
    "MCO": {
      "qty": 15.0,
      "avg_cost": 404.2694002943603,
      "realized_pnl": -77.26667380725314
    },
    "FDS": {
      "qty": 19.0,
      "avg_cost": 448.07720712515027,
      "realized_pnl": -1136.079573411209
    },
    "CSX": {
      "qty": 258.0,
      "avg_cost": 35.64958953857422,
      "realized_pnl": -2416.139978408814
    },
    "OTIS": {
      "qty": 92.0,
      "avg_cost": 97.18498569986095,
      "realized_pnl": 204.37992858886662
    },
    "TT": {
      "qty": 27.0,
      "avg_cost": 387.3525232385706,
      "realized_pnl": 4982.469940185547
    },
    "FAST": {
      "qty": 229.0,
      "avg_cost": 33.407978119511746,
      "realized_pnl": -1230.0959426844217
    },
    "CTAS": {
      "qty": 50.0,
      "avg_cost": 175.31816767550063,
      "realized_pnl": 4445.249745774543
    },
    "MSCI": {
      "qty": 15.0,
      "avg_cost": 563.08643655216,
      "realized_pnl": -598.7583833582257
    }
  },
  "source": "unconventional",
  "description": "Natural monopolies in boring industries: credit ratings, data, waste, rail, HVAC"
}