{
  "metrics": {
    "total_return": 0.28544215067164735,
    "cagr": 0.0876162225247401,
    "annual_volatility": 0.10163396492547629,
    "sharpe_ratio": 0.4940479047295404,
    "sortino_ratio": 0.6888028773189077,
    "calmar_ratio": 0.5904069154910416,
    "max_drawdown": -0.1483997226757916,
    "max_drawdown_date": "2023-10-30",
    "win_rate": 0.5406125166444741,
    "profit_factor": 1.167835568829505,
    "num_trading_days": 751,
    "skewness": -0.3137493257884594,
    "kurtosis": 3.5655895177195536,
    "best_day": 0.032081980553686495,
    "worst_day": -0.03145563690620157,
    "avg_daily_return": 0.0003549040192229578,
    "black_swan_resilience": 75.7,
    "benchmark_total_return": 0.8628177193040827,
    "benchmark_cagr": 0.23130614737691846,
    "alpha": -0.14368992485217835,
    "beta": 0.4347274400308952,
    "information_ratio": -1.2410290779527218,
    "tracking_error": 0.11578288325783481
  },
  "trade_metrics": {
    "num_trades": 343,
    "num_buys": 153,
    "num_sells": 190,
    "total_commission": 0.0,
    "total_slippage": 688.0226855468744,
    "total_transaction_costs": 688.0226855468744,
    "avg_trade_size": 2005.8970424107142
  },
  "final_positions": {
    "STAG": {
      "qty": 198.0,
      "avg_cost": 32.37308998814994,
      "realized_pnl": 1986.855605190309
    },
    "HTGC": {
      "qty": 437.0,
      "avg_cost": 16.352464859842303,
      "realized_pnl": 97.10493877977419
    },
    "O": {
      "qty": 181.0,
      "avg_cost": 54.65801783623569,
      "realized_pnl": 144.78816378346352
    },
    "ARCC": {
      "qty": 522.0,
      "avg_cost": 20.14955791347127,
      "realized_pnl": 51.87146548166203
    },
    "AGNC": {
      "qty": 638.0,
      "avg_cost": 8.531857974614539,
      "realized_pnl": -64.98768678469912
    },
    "DX": {
      "qty": 483.0,
      "avg_cost": 10.817035031555243,
      "realized_pnl": 148.0613337467368
    },
    "ARR": {
      "qty": 391.0,
      "avg_cost": 14.016346146078671,
      "realized_pnl": 285.4907941818236
    },
    "MAIN": {
      "qty": 181.0,
      "avg_cost": 58.916385650634766,
      "realized_pnl": 0.0
    },
    "VNQ": {
      "qty": 87.0,
      "avg_cost": 88.52726745605469,
      "realized_pnl": 0.0
    }
  },
  "source": "portfolio",
  "description": "REITs + BDCs + RE tech: 6-8% yield, monthly income, dip accumulation"
}