{
  "metrics": {
    "total_return": -0.017685870438234108,
    "cagr": -0.005969755353124495,
    "annual_volatility": 0.024283984952164307,
    "sharpe_ratio": -1.8496523606651094,
    "sortino_ratio": -2.530976305432997,
    "calmar_ratio": -0.09615675697869426,
    "max_drawdown": -0.06208357624256433,
    "max_drawdown_date": "2024-04-25 00:00:00",
    "win_rate": 0.31158455392809586,
    "profit_factor": 0.9529607588327995,
    "num_trading_days": 751,
    "skewness": 0.2080609223909376,
    "kurtosis": 3.6226972327545477,
    "best_day": 0.0075550509814525935,
    "worst_day": -0.007728250640608447,
    "avg_daily_return": -2.2591923292573307e-05,
    "benchmark_total_return": 0.28662220587013687,
    "benchmark_cagr": 0.08824475219339512,
    "alpha": -0.09421450754651961,
    "beta": 0.02208857056234347,
    "information_ratio": -0.5446682299187824,
    "tracking_error": 0.17297595558413292
  },
  "trade_metrics": {
    "num_trades": 5,
    "num_buys": 3,
    "num_sells": 2,
    "total_commission": 0.0,
    "total_slippage": 73.99414831542968,
    "total_transaction_costs": 73.99414831542968,
    "avg_trade_size": 14798.829663085937
  }
}