{
  "metrics": {
    "total_return": -0.017685897167815545,
    "cagr": -0.005969764429280988,
    "annual_volatility": 0.02428399077046047,
    "sharpe_ratio": -1.8496522876729111,
    "sortino_ratio": -2.5309762474621897,
    "calmar_ratio": -0.09615686311436392,
    "max_drawdown": -0.062083602105248215,
    "max_drawdown_date": "2024-04-25 00:00:00",
    "win_rate": 0.31158455392809586,
    "profit_factor": 0.9529606791793309,
    "num_trading_days": 751,
    "skewness": 0.20806061590664301,
    "kurtosis": 3.62269189167312,
    "best_day": 0.007555059874939207,
    "worst_day": -0.0077282420368930405,
    "avg_daily_return": -2.2591958964332684e-05,
    "benchmark_total_return": 0.2866220704304123,
    "benchmark_cagr": 0.08824471375349763,
    "alpha": -0.09421447818277862,
    "beta": 0.02208843795382226,
    "information_ratio": -0.5446681510166699,
    "tracking_error": 0.17297592673065096
  },
  "trade_metrics": {
    "num_trades": 5,
    "num_buys": 3,
    "num_sells": 2,
    "total_commission": 0.0,
    "total_slippage": 73.99415098571777,
    "total_transaction_costs": 73.99415098571777,
    "avg_trade_size": 14798.830197143554
  }
}