{
  "metrics": {
    "total_return": -0.03442998178949441,
    "cagr": -0.01165059265522872,
    "annual_volatility": 0.028649809942319665,
    "sharpe_ratio": -1.7651065864515567,
    "sortino_ratio": -2.2562827106454812,
    "calmar_ratio": -0.14196500032873194,
    "max_drawdown": -0.08206665465608276,
    "max_drawdown_date": "2025-04-16",
    "win_rate": 0.3808255659121172,
    "profit_factor": 0.9271195235900003,
    "num_trading_days": 751,
    "skewness": -0.5727375426311084,
    "kurtosis": 5.845029990132378,
    "best_day": 0.007553550806484122,
    "worst_day": -0.01345400846364786,
    "avg_daily_return": -4.502461431101391e-05,
    "black_swan_resilience": 76.1,
    "benchmark_total_return": 0.8628177193040827,
    "benchmark_cagr": 0.23130614737691846,
    "alpha": -0.24295674003214718,
    "beta": 0.04536300052235639,
    "information_ratio": -1.62888530303534,
    "tracking_error": 0.1491552165026048
  },
  "trade_metrics": {
    "num_trades": 8,
    "num_buys": 4,
    "num_sells": 4,
    "total_commission": 0.0,
    "total_slippage": 115.94871466445923,
    "total_transaction_costs": 115.94871466445923,
    "avg_trade_size": 14493.589333057404
  },
  "final_positions": {
    "AAPL": {
      "qty": 0,
      "avg_cost": 0
    },
    "MSFT": {
      "qty": 0,
      "avg_cost": 0
    },
    "GOOGL": {
      "qty": 0,
      "avg_cost": 0
    },
    "JNJ": {
      "qty": 0,
      "avg_cost": 0
    },
    "PG": {
      "qty": 0,
      "avg_cost": 0
    },
    "KO": {
      "qty": 0,
      "avg_cost": 0
    },
    "JPM": {
      "qty": 0,
      "avg_cost": 0
    },
    "V": {
      "qty": 0,
      "avg_cost": 0
    },
    "UNH": {
      "qty": 0,
      "avg_cost": 0
    },
    "HD": {
      "qty": 0,
      "avg_cost": 0
    },
    "BRK-B": {
      "qty": 0,
      "avg_cost": 0
    },
    "ABBV": {
      "qty": 0,
      "avg_cost": 0
    }
  },
  "source": "famous",
  "description": "Second-level thinking: buy quality when others panic, control risk",
  "horizon": "3Y (2023-2025)",
  "composite_score": 0.0067,
  "consistency_score": 0.17,
  "n_windows_tested": 12,
  "avg_1Y_return": 0.0124,
  "avg_3Y_return": 0.0395,
  "avg_5Y_return": 0.075,
  "avg_10Y_return": null,
  "rolling_windows": {
    "1Y_2023": {
      "ret": -0.0153,
      "sh": -1.67,
      "dd": -0.0603
    },
    "1Y_2024": {
      "ret": -0.0025,
      "sh": -3.44,
      "dd": -0.0097
    },
    "1Y_2025": {
      "ret": 0.0043,
      "sh": -4.47,
      "dd": -0.0062
    },
    "3Y_2022_2024": {
      "ret": 0.0041,
      "sh": -0.86,
      "dd": -0.0622
    },
    "3Y_2023_2025": {
      "ret": -0.0344,
      "sh": -1.77,
      "dd": -0.0821
    },
    "5Y_2020_2024": {
      "ret": 0.1371,
      "sh": -0.27,
      "dd": -0.0621
    },
    "1Y_2020": {
      "ret": 0.047,
      "sh": 0.17,
      "dd": -0.0338
    },
    "1Y_2021": {
      "ret": 0.0207,
      "sh": -1.57,
      "dd": -0.0043
    },
    "1Y_2022": {
      "ret": 0.0204,
      "sh": -0.28,
      "dd": -0.05
    },
    "3Y_2020_2022": {
      "ret": 0.1554,
      "sh": 0.19,
      "dd": -0.0499
    },
    "3Y_2021_2023": {
      "ret": 0.033,
      "sh": -0.63,
      "dd": -0.0603
    },
    "5Y_2021_2025": {
      "ret": 0.0128,
      "sh": -0.95,
      "dd": -0.0822
    }
  }
}