{
  "metrics": {
    "total_return": 1.0457,
    "sharpe_ratio": 0.99,
    "max_drawdown": -0.2652
  },
  "final_positions": {
    "ADI": {
      "qty": 92.0,
      "avg_cost": 222.28621950887657,
      "realized_pnl": 5292.931193840086
    },
    "ROK": {
      "qty": 53.0,
      "avg_cost": 312.31270168185483,
      "realized_pnl": 6405.989403127573
    },
    "BOTZ": {
      "qty": 236.0,
      "avg_cost": 31.728676087520807,
      "realized_pnl": 2708.747944533324
    },
    "MBLY": {
      "qty": 1075.0,
      "avg_cost": 14.900786617281211,
      "realized_pnl": -2435.793588540617
    },
    "APH": {
      "qty": 119.0,
      "avg_cost": 96.71445859864701,
      "realized_pnl": 2252.673580746318
    },
    "RRX": {
      "qty": 115.0,
      "avg_cost": 135.96460082755078,
      "realized_pnl": 627.1692990257626
    },
    "JBL": {
      "qty": 79.0,
      "avg_cost": 219.30601029829546,
      "realized_pnl": -766.0908572110266
    },
    "TER": {
      "qty": 135.0,
      "avg_cost": 179.554931640625,
      "realized_pnl": 0.0
    },
    "ISRG": {
      "qty": 36.0,
      "avg_cost": 567.3699951171875,
      "realized_pnl": 0.0
    },
    "NVDA": {
      "qty": 69.0,
      "avg_cost": 179.90025329589844,
      "realized_pnl": 0.0
    },
    "TEL": {
      "qty": 37.0,
      "avg_cost": 225.06031799316406,
      "realized_pnl": 0.0
    }
  },
  "rolling_windows": {
    "1Y_2015": {
      "ret": 0.0669,
      "sh": 0.24,
      "dd": -0.1338
    },
    "1Y_2016": {
      "ret": 0.3673,
      "sh": 1.92,
      "dd": -0.0976
    },
    "1Y_2017": {
      "ret": 0.3989,
      "sh": 2.47,
      "dd": -0.0564
    },
    "1Y_2018": {
      "ret": -0.1217,
      "sh": -0.72,
      "dd": -0.236
    },
    "1Y_2019": {
      "ret": 0.4247,
      "sh": 1.77,
      "dd": -0.1446
    },
    "1Y_2020": {
      "ret": 0.3984,
      "sh": 1.03,
      "dd": -0.3025
    },
    "1Y_2021": {
      "ret": 0.3607,
      "sh": 1.51,
      "dd": -0.0887
    },
    "1Y_2022": {
      "ret": -0.2788,
      "sh": -1.1,
      "dd": -0.3584
    },
    "1Y_2023": {
      "ret": 0.4185,
      "sh": 1.66,
      "dd": -0.1594
    },
    "1Y_2024": {
      "ret": 0.1819,
      "sh": 0.72,
      "dd": -0.158
    },
    "1Y_2025": {
      "ret": 0.2484,
      "sh": 0.81,
      "dd": -0.2655
    },
    "3Y_2015_2017": {
      "ret": 1.0012,
      "sh": 1.41,
      "dd": -0.1405
    },
    "3Y_2016_2018": {
      "ret": 0.7071,
      "sh": 0.94,
      "dd": -0.2362
    },
    "3Y_2017_2019": {
      "ret": 0.777,
      "sh": 0.96,
      "dd": -0.2363
    },
    "3Y_2018_2020": {
      "ret": 0.7823,
      "sh": 0.73,
      "dd": -0.3021
    },
    "3Y_2019_2021": {
      "ret": 1.7416,
      "sh": 1.3,
      "dd": -0.3025
    },
    "3Y_2020_2022": {
      "ret": 0.3732,
      "sh": 0.38,
      "dd": -0.3641
    },
    "3Y_2021_2023": {
      "ret": 0.3869,
      "sh": 0.42,
      "dd": -0.3641
    },
    "3Y_2022_2024": {
      "ret": 0.1754,
      "sh": 0.18,
      "dd": -0.3584
    },
    "3Y_2023_2025": {
      "ret": 1.0457,
      "sh": 0.99,
      "dd": -0.2652
    },
    "5Y_2015_2019": {
      "ret": 1.5421,
      "sh": 0.97,
      "dd": -0.2362
    },
    "5Y_2016_2020": {
      "ret": 2.4548,
      "sh": 1.07,
      "dd": -0.3025
    },
    "5Y_2017_2021": {
      "ret": 2.419,
      "sh": 1.04,
      "dd": -0.3025
    },
    "5Y_2018_2022": {
      "ret": 0.7419,
      "sh": 0.41,
      "dd": -0.3643
    },
    "5Y_2019_2023": {
      "ret": 1.7891,
      "sh": 0.78,
      "dd": -0.3642
    },
    "5Y_2020_2024": {
      "ret": 1.2392,
      "sh": 0.61,
      "dd": -0.3641
    },
    "5Y_2021_2025": {
      "ret": 0.9982,
      "sh": 0.54,
      "dd": -0.3641
    },
    "10Y_2015_2024": {
      "ret": 4.7641,
      "sh": 0.74,
      "dd": -0.3641
    }
  },
  "source": "cicc_ark_backtest"
}