{
  "metrics": {
    "total_return": 0.017129819640082866,
    "cagr": 0.005697196076294375,
    "annual_volatility": 0.017106233744545483,
    "sharpe_ratio": -1.951264249149373,
    "sortino_ratio": -3.160914761327884,
    "calmar_ratio": 0.19282774183488832,
    "max_drawdown": -0.029545520899024402,
    "max_drawdown_date": "2023-12-14",
    "win_rate": 0.16644474034620507,
    "profit_factor": 1.1231452815482443,
    "num_trading_days": 751,
    "skewness": 4.5870337597921225,
    "kurtosis": 64.75095271983939,
    "best_day": 0.015554975980034191,
    "worst_day": -0.005142611758169768,
    "avg_daily_return": 2.3194377301881055e-05,
    "black_swan_resilience": 98.5,
    "benchmark_total_return": 0.8628177193040827,
    "benchmark_cagr": 0.23130614737691846,
    "alpha": -0.22560895130062408,
    "beta": 0.047272508352370644,
    "information_ratio": -1.5340415655712019,
    "tracking_error": 0.1470683431036097
  },
  "trade_metrics": {
    "num_trades": 11,
    "num_buys": 6,
    "num_sells": 5,
    "total_commission": 0.0,
    "total_slippage": 82.26018915939332,
    "total_transaction_costs": 82.26018915939332,
    "avg_trade_size": 7478.199014490301
  },
  "final_positions": {
    "AAPL": {
      "qty": 0,
      "avg_cost": 0
    },
    "MSFT": {
      "qty": 0,
      "avg_cost": 0
    },
    "GOOGL": {
      "qty": 0,
      "avg_cost": 0
    },
    "JPM": {
      "qty": 0,
      "avg_cost": 0
    },
    "BAC": {
      "qty": 0,
      "avg_cost": 0
    },
    "WFC": {
      "qty": 0,
      "avg_cost": 0
    },
    "GS": {
      "qty": 0,
      "avg_cost": 0
    },
    "JNJ": {
      "qty": 0,
      "avg_cost": 0
    },
    "PFE": {
      "qty": 0,
      "avg_cost": 0
    },
    "UNH": {
      "qty": 0,
      "avg_cost": 0
    },
    "XOM": {
      "qty": 0,
      "avg_cost": 0
    },
    "CVX": {
      "qty": 0,
      "avg_cost": 0
    }
  },
  "source": "unconventional",
  "description": "Detect insider accumulation via price/volume proxies: 52-week low bounce, oversold uptrend, volume spike",
  "rolling_windows": {
    "1Y_2015": {
      "ret": 0.0339,
      "sh": -0.16,
      "dd": -0.0164
    },
    "1Y_2016": {
      "ret": -0.0032,
      "sh": -3.1,
      "dd": -0.0174
    },
    "1Y_2017": {
      "ret": 0.0,
      "sh": -Infinity,
      "dd": 0.0
    },
    "1Y_2018": {
      "ret": -0.0149,
      "sh": -6.55,
      "dd": -0.0191
    },
    "1Y_2019": {
      "ret": 0.0126,
      "sh": -2.67,
      "dd": -0.0047
    },
    "1Y_2020": {
      "ret": 0.0084,
      "sh": -0.27,
      "dd": -0.087
    },
    "1Y_2021": {
      "ret": 0.0,
      "sh": -Infinity,
      "dd": 0.0
    },
    "1Y_2022": {
      "ret": 0.0173,
      "sh": -0.95,
      "dd": -0.0152
    },
    "1Y_2023": {
      "ret": -0.0176,
      "sh": -3.21,
      "dd": -0.0295
    },
    "1Y_2024": {
      "ret": 0.0068,
      "sh": -3.52,
      "dd": -0.0095
    },
    "1Y_2025": {
      "ret": 0.0271,
      "sh": -0.54,
      "dd": -0.013
    },
    "3Y_2015_2017": {
      "ret": 0.0306,
      "sh": -1.45,
      "dd": -0.0211
    },
    "3Y_2016_2018": {
      "ret": -0.0182,
      "sh": -4.91,
      "dd": -0.0223
    },
    "3Y_2017_2019": {
      "ret": 0.0022,
      "sh": -4.94,
      "dd": -0.0191
    },
    "3Y_2018_2020": {
      "ret": 0.0106,
      "sh": -0.6,
      "dd": -0.0876
    },
    "3Y_2019_2021": {
      "ret": 0.0212,
      "sh": -0.54,
      "dd": -0.0873
    },
    "3Y_2020_2022": {
      "ret": 0.026,
      "sh": -0.51,
      "dd": -0.087
    },
    "3Y_2021_2023": {
      "ret": 0.0119,
      "sh": -2.05,
      "dd": -0.0295
    },
    "3Y_2022_2024": {
      "ret": 0.0207,
      "sh": -1.79,
      "dd": -0.0295
    },
    "3Y_2023_2025": {
      "ret": 0.0171,
      "sh": -1.95,
      "dd": -0.0295
    },
    "5Y_2015_2019": {
      "ret": 0.0326,
      "sh": -1.96,
      "dd": -0.0262
    },
    "5Y_2016_2020": {
      "ret": 0.0073,
      "sh": -0.84,
      "dd": -0.087
    },
    "5Y_2017_2021": {
      "ret": 0.0106,
      "sh": -0.82,
      "dd": -0.0876
    },
    "5Y_2018_2022": {
      "ret": 0.0282,
      "sh": -0.72,
      "dd": -0.0876
    },
    "5Y_2019_2023": {
      "ret": 0.0334,
      "sh": -0.69,
      "dd": -0.0873
    },
    "5Y_2020_2024": {
      "ret": 0.0295,
      "sh": -0.71,
      "dd": -0.087
    },
    "5Y_2021_2025": {
      "ret": 0.048,
      "sh": -1.74,
      "dd": -0.0295
    },
    "10Y_2015_2024": {
      "ret": 0.0632,
      "sh": -0.95,
      "dd": -0.0875
    }
  }
}