{
  "metrics": {
    "total_return": 0.0058625867835992995,
    "cagr": 0.0019570934183630317,
    "annual_volatility": 0.005384672866292771,
    "sharpe_ratio": -6.9173775157638255,
    "sortino_ratio": -7.737899878874415,
    "calmar_ratio": 0.2757352583387792,
    "max_drawdown": -0.0070977263849169026,
    "max_drawdown_date": "2023-11-09",
    "win_rate": 0.10119840213049268,
    "profit_factor": 1.1576409033802693,
    "num_trading_days": 751,
    "skewness": -0.8001567637875787,
    "kurtosis": 34.555586425939914,
    "best_day": 0.0022835470084410225,
    "worst_day": -0.003914447141785127,
    "avg_daily_return": 7.841073049051862e-06,
    "black_swan_resilience": 77.1,
    "benchmark_total_return": 0.8628177193040827,
    "benchmark_cagr": 0.23130614737691846,
    "alpha": -0.22934905395855543,
    "beta": 0.0019952607067412484,
    "information_ratio": -1.4961296415228311,
    "tracking_error": 0.15329490680039812
  },
  "trade_metrics": {
    "num_trades": 12,
    "num_buys": 6,
    "num_sells": 6,
    "total_commission": 0.0,
    "total_slippage": 72.18313987731933,
    "total_transaction_costs": 72.18313987731933,
    "avg_trade_size": 6015.261656443278
  },
  "final_positions": {
    "AAPL": {
      "qty": 0,
      "avg_cost": 0
    },
    "MSFT": {
      "qty": 0,
      "avg_cost": 0
    },
    "GOOGL": {
      "qty": 0,
      "avg_cost": 0
    },
    "JPM": {
      "qty": 0,
      "avg_cost": 0
    },
    "BAC": {
      "qty": 0,
      "avg_cost": 0
    },
    "WFC": {
      "qty": 0,
      "avg_cost": 0
    },
    "JNJ": {
      "qty": 0,
      "avg_cost": 0
    },
    "PFE": {
      "qty": 0,
      "avg_cost": 0
    },
    "UNH": {
      "qty": 0,
      "avg_cost": 0
    },
    "XOM": {
      "qty": 0,
      "avg_cost": 0
    },
    "CVX": {
      "qty": 0,
      "avg_cost": 0
    },
    "HD": {
      "qty": 0,
      "avg_cost": 0
    }
  },
  "source": "gap_audit",
  "description": "ALL 4 signals must confirm: volume surge + near 52w low + stabilization + RSI recovery",
  "rolling_windows": {
    "1Y_2015": {
      "ret": 0.0,
      "sh": -Infinity,
      "dd": 0.0
    },
    "1Y_2016": {
      "ret": 0.0025,
      "sh": -9.33,
      "dd": -0.0032
    },
    "1Y_2017": {
      "ret": 0.004,
      "sh": -14.02,
      "dd": -0.0009
    },
    "1Y_2018": {
      "ret": 0.0,
      "sh": -Infinity,
      "dd": 0.0
    },
    "1Y_2019": {
      "ret": 0.0,
      "sh": -Infinity,
      "dd": 0.0
    },
    "1Y_2020": {
      "ret": 0.0,
      "sh": -Infinity,
      "dd": 0.0
    },
    "1Y_2021": {
      "ret": 0.0,
      "sh": -Infinity,
      "dd": 0.0
    },
    "1Y_2022": {
      "ret": 0.0042,
      "sh": -5.02,
      "dd": -0.0047
    },
    "1Y_2023": {
      "ret": 0.0016,
      "sh": -4.97,
      "dd": -0.0071
    },
    "1Y_2024": {
      "ret": -0.0021,
      "sh": -14.17,
      "dd": -0.0046
    },
    "1Y_2025": {
      "ret": 0.0032,
      "sh": -11.83,
      "dd": -0.0017
    },
    "3Y_2015_2017": {
      "ret": 0.0064,
      "sh": -13.78,
      "dd": -0.0032
    },
    "3Y_2016_2018": {
      "ret": 0.0064,
      "sh": -13.77,
      "dd": -0.0032
    },
    "3Y_2017_2019": {
      "ret": 0.004,
      "sh": -26.13,
      "dd": -0.0009
    },
    "3Y_2018_2020": {
      "ret": 0.0,
      "sh": -Infinity,
      "dd": 0.0
    },
    "3Y_2019_2021": {
      "ret": 0.0,
      "sh": -Infinity,
      "dd": 0.0
    },
    "3Y_2020_2022": {
      "ret": 0.0042,
      "sh": -9.44,
      "dd": -0.0047
    },
    "3Y_2021_2023": {
      "ret": 0.0061,
      "sh": -6.25,
      "dd": -0.0071
    },
    "3Y_2022_2024": {
      "ret": 0.0038,
      "sh": -6.12,
      "dd": -0.0071
    },
    "3Y_2023_2025": {
      "ret": 0.0059,
      "sh": -6.92,
      "dd": -0.0071
    },
    "5Y_2015_2019": {
      "ret": 0.0064,
      "sh": -18.2,
      "dd": -0.0032
    },
    "5Y_2016_2020": {
      "ret": 0.0064,
      "sh": -18.21,
      "dd": -0.0032
    },
    "5Y_2017_2021": {
      "ret": 0.004,
      "sh": -34.23,
      "dd": -0.0009
    },
    "5Y_2018_2022": {
      "ret": 0.0042,
      "sh": -12.38,
      "dd": -0.0047
    },
    "5Y_2019_2023": {
      "ret": 0.0061,
      "sh": -8.25,
      "dd": -0.0071
    },
    "5Y_2020_2024": {
      "ret": 0.0038,
      "sh": -8.03,
      "dd": -0.0071
    },
    "5Y_2021_2025": {
      "ret": 0.0103,
      "sh": -7.09,
      "dd": -0.0071
    },
    "10Y_2015_2024": {
      "ret": 0.0104,
      "sh": -10.39,
      "dd": -0.007
    }
  }
}