{
  "metrics": {
    "total_return": 0.2796039406147861,
    "cagr": 0.08596148937332915,
    "annual_volatility": 0.11859216947713933,
    "sharpe_ratio": 0.4262275829285259,
    "sortino_ratio": 0.596659412321314,
    "calmar_ratio": 0.7352473874540258,
    "max_drawdown": -0.11691505585758266,
    "max_drawdown_date": "2025-04-08",
    "win_rate": 0.5352862849533955,
    "profit_factor": 1.145045745925859,
    "num_trading_days": 751,
    "skewness": -0.1300099136266622,
    "kurtosis": 7.902591387472837,
    "best_day": 0.049615701850057814,
    "worst_day": -0.05273135436631349,
    "avg_daily_return": 0.0003562342030709898,
    "black_swan_resilience": 79.5,
    "benchmark_total_return": 0.8628177193040827,
    "benchmark_cagr": 0.23130614737691846,
    "alpha": -0.1453446580035893,
    "beta": 0.6042336914406901,
    "information_ratio": -1.5193162167184964,
    "tracking_error": 0.09566452092344066
  },
  "trade_metrics": {
    "num_trades": 439,
    "num_buys": 215,
    "num_sells": 224,
    "total_commission": 0.0,
    "total_slippage": 2336.967125366212,
    "total_transaction_costs": 2336.967125366212,
    "avg_trade_size": 5323.387529307997
  },
  "final_positions": {
    "JPM": {
      "qty": 39.0,
      "avg_cost": 255.65663461149651,
      "realized_pnl": 6086.383743744852
    },
    "BRK-B": {
      "qty": 21.0,
      "avg_cost": 508.54998779296875,
      "realized_pnl": 2079.6998596191406
    },
    "BLK": {
      "qty": 10.0,
      "avg_cost": 1029.173095703125,
      "realized_pnl": 2567.0877685546902
    },
    "KO": {
      "qty": 149.0,
      "avg_cost": 71.45864868164062,
      "realized_pnl": -1279.0301551818843
    },
    "BAC": {
      "qty": 239.0,
      "avg_cost": 47.87533228496086,
      "realized_pnl": 969.4034250472967
    },
    "MCO": {
      "qty": 26.0,
      "avg_cost": 484.8059340256911,
      "realized_pnl": -97.05493164062449
    },
    "AXP": {
      "qty": 23.0,
      "avg_cost": 322.7817381100777,
      "realized_pnl": 4818.971660491748
    },
    "GS": {
      "qty": 13.0,
      "avg_cost": 718.1220307961489,
      "realized_pnl": 5516.516301472982
    },
    "AAPL": {
      "qty": 44.0,
      "avg_cost": 255.59747418490323,
      "realized_pnl": 2761.446060180664
    },
    "AMZN": {
      "qty": 35.0,
      "avg_cost": 254.0,
      "realized_pnl": 1642.1719589233405
    }
  },
  "source": "unconventional",
  "description": "Smart money proxies: volume accumulation, golden cross, OBV trend, low-vol uptrend",
  "rolling_windows": {
    "1Y_2015": {
      "ret": 0.0067,
      "sh": -0.19,
      "dd": -0.0942
    },
    "1Y_2016": {
      "ret": 0.2214,
      "sh": 1.53,
      "dd": -0.0715
    },
    "1Y_2017": {
      "ret": 0.2674,
      "sh": 2.56,
      "dd": -0.0419
    },
    "1Y_2018": {
      "ret": -0.0541,
      "sh": -0.52,
      "dd": -0.2125
    },
    "1Y_2019": {
      "ret": 0.1557,
      "sh": 1.0,
      "dd": -0.0747
    },
    "1Y_2020": {
      "ret": 0.1857,
      "sh": 0.77,
      "dd": -0.1746
    },
    "1Y_2021": {
      "ret": 0.1198,
      "sh": 0.65,
      "dd": -0.0581
    },
    "1Y_2022": {
      "ret": -0.0608,
      "sh": -0.71,
      "dd": -0.1477
    },
    "1Y_2023": {
      "ret": 0.0125,
      "sh": -0.21,
      "dd": -0.0949
    },
    "1Y_2024": {
      "ret": 0.2232,
      "sh": 1.46,
      "dd": -0.0535
    },
    "1Y_2025": {
      "ret": 0.0422,
      "sh": 0.09,
      "dd": -0.1174
    },
    "3Y_2015_2017": {
      "ret": 0.5391,
      "sh": 1.02,
      "dd": -0.1001
    },
    "3Y_2016_2018": {
      "ret": 0.475,
      "sh": 0.81,
      "dd": -0.2124
    },
    "3Y_2017_2019": {
      "ret": 0.3899,
      "sh": 0.64,
      "dd": -0.2126
    },
    "3Y_2018_2020": {
      "ret": 0.3148,
      "sh": 0.41,
      "dd": -0.2125
    },
    "3Y_2019_2021": {
      "ret": 0.5347,
      "sh": 0.77,
      "dd": -0.1743
    },
    "3Y_2020_2022": {
      "ret": 0.2325,
      "sh": 0.28,
      "dd": -0.1746
    },
    "3Y_2021_2023": {
      "ret": 0.0628,
      "sh": -0.1,
      "dd": -0.1966
    },
    "3Y_2022_2024": {
      "ret": 0.1549,
      "sh": 0.14,
      "dd": -0.1968
    },
    "3Y_2023_2025": {
      "ret": 0.2796,
      "sh": 0.43,
      "dd": -0.1169
    },
    "5Y_2015_2019": {
      "ret": 0.689,
      "sh": 0.61,
      "dd": -0.2125
    },
    "5Y_2016_2020": {
      "ret": 1.0501,
      "sh": 0.83,
      "dd": -0.2124
    },
    "5Y_2017_2021": {
      "ret": 0.8458,
      "sh": 0.67,
      "dd": -0.2126
    },
    "5Y_2018_2022": {
      "ret": 0.366,
      "sh": 0.23,
      "dd": -0.2125
    },
    "5Y_2019_2023": {
      "ret": 0.4587,
      "sh": 0.33,
      "dd": -0.1961
    },
    "5Y_2020_2024": {
      "ret": 0.5175,
      "sh": 0.39,
      "dd": -0.1958
    },
    "5Y_2021_2025": {
      "ret": 0.3421,
      "sh": 0.22,
      "dd": -0.1966
    },
    "10Y_2015_2024": {
      "ret": 1.5887,
      "sh": 0.5,
      "dd": -0.2125
    }
  }
}