{
  "metrics": {
    "total_return": 1.3663437292211205,
    "cagr": 0.3338924440131663,
    "annual_volatility": 0.2735486301799342,
    "sharpe_ratio": 1.050248489365595,
    "sortino_ratio": 1.5673337649610546,
    "calmar_ratio": 1.4683218797986919,
    "max_drawdown": -0.22739730886455445,
    "max_drawdown_date": "2023-11-06",
    "win_rate": 0.5179760319573902,
    "profit_factor": 1.2257033638901165,
    "num_trading_days": 751,
    "skewness": 0.026209568369641282,
    "kurtosis": 1.1485879041119818,
    "best_day": 0.06475528049968915,
    "worst_day": -0.0593178263516686,
    "avg_daily_return": 0.001295705559674214,
    "black_swan_resilience": 75.3,
    "benchmark_total_return": 0.8628177193040827,
    "benchmark_cagr": 0.23130614737691846,
    "alpha": 0.10258629663624785,
    "beta": 0.9509193613079254,
    "information_ratio": 0.44319795723005134,
    "tracking_error": 0.23146834267333558
  },
  "trade_metrics": {
    "num_trades": 6234,
    "num_buys": 3026,
    "num_sells": 3208,
    "total_commission": 0.0,
    "total_slippage": 36041.87853945376,
    "total_transaction_costs": 36041.87853945376,
    "avg_trade_size": 5781.501209408685
  },
  "final_positions": {
    "KVYO": {
      "qty": 874.0,
      "avg_cost": 30.744825601263152,
      "realized_pnl": 666.417503558807
    },
    "CAVA": {
      "qty": 484.0,
      "avg_cost": 57.10756663077241,
      "realized_pnl": 469.4919100909652
    }
  },
  "source": "news_event",
  "description": "Avoid IPO lock-up selling pressure, buy post-expiry recovery"
}