{
  "metrics": {
    "total_return": 1.367914854138406,
    "cagr": 0.3341886033025774,
    "annual_volatility": 0.2735450936794975,
    "sharpe_ratio": 1.0510737600218996,
    "sortino_ratio": 1.5685783563485656,
    "calmar_ratio": 1.4696242667569626,
    "max_drawdown": -0.22739730886455445,
    "max_drawdown_date": "2023-11-06",
    "win_rate": 0.5179760319573902,
    "profit_factor": 1.2258915136794226,
    "num_trading_days": 751,
    "skewness": 0.02606661661763354,
    "kurtosis": 1.1487943515217998,
    "best_day": 0.06475528049968915,
    "worst_day": -0.0593178263516686,
    "avg_daily_return": 0.0012965866490978189,
    "black_swan_resilience": 75.3,
    "benchmark_total_return": 0.8628177193040827,
    "benchmark_cagr": 0.23130614737691846,
    "alpha": 0.10288245592565892,
    "beta": 0.9508412006632185,
    "information_ratio": 0.4444701841126146,
    "tracking_error": 0.2314721202977066
  },
  "trade_metrics": {
    "num_trades": 6234,
    "num_buys": 3025,
    "num_sells": 3209,
    "total_commission": 0.0,
    "total_slippage": 36041.94401945712,
    "total_transaction_costs": 36041.94401945712,
    "avg_trade_size": 5781.511713098669
  },
  "final_positions": {
    "KVYO": {
      "qty": 870.0,
      "avg_cost": 30.74284945507823,
      "realized_pnl": 672.138959771209
    },
    "CAVA": {
      "qty": 484.0,
      "avg_cost": 57.10756663077241,
      "realized_pnl": 469.4919100909652
    }
  },
  "source": "news_event",
  "description": "Avoid IPO lock-up selling pressure, buy post-expiry recovery",
  "rolling_windows": {
    "1Y_2015": {
      "ret": -0.0138,
      "sh": -2.52,
      "dd": -0.0271
    },
    "1Y_2016": {
      "ret": -0.0011,
      "sh": -1.55,
      "dd": -0.0219
    },
    "1Y_2017": {
      "ret": 0.0937,
      "sh": 1.69,
      "dd": -0.0092
    },
    "1Y_2018": {
      "ret": -0.0324,
      "sh": -2.24,
      "dd": -0.0499
    },
    "1Y_2019": {
      "ret": 0.0115,
      "sh": -0.75,
      "dd": -0.0521
    },
    "1Y_2020": {
      "ret": 0.2202,
      "sh": 1.82,
      "dd": -0.0441
    },
    "1Y_2021": {
      "ret": 0.1293,
      "sh": 0.52,
      "dd": -0.1459
    },
    "1Y_2022": {
      "ret": -0.2524,
      "sh": -1.3,
      "dd": -0.2711
    },
    "1Y_2023": {
      "ret": 0.3785,
      "sh": 1.17,
      "dd": -0.2274
    },
    "1Y_2024": {
      "ret": 0.644,
      "sh": 1.83,
      "dd": -0.1288
    },
    "1Y_2025": {
      "ret": 0.0975,
      "sh": 0.34,
      "dd": -0.2242
    },
    "3Y_2015_2017": {
      "ret": 0.0753,
      "sh": -0.56,
      "dd": -0.0294
    },
    "3Y_2016_2018": {
      "ret": 0.0587,
      "sh": -0.66,
      "dd": -0.0499
    },
    "3Y_2017_2019": {
      "ret": 0.071,
      "sh": -0.48,
      "dd": -0.0633
    },
    "3Y_2018_2020": {
      "ret": 0.1956,
      "sh": 0.37,
      "dd": -0.0633
    },
    "3Y_2019_2021": {
      "ret": 0.3919,
      "sh": 0.63,
      "dd": -0.1457
    },
    "3Y_2020_2022": {
      "ret": 0.0252,
      "sh": -0.08,
      "dd": -0.3576
    },
    "3Y_2021_2023": {
      "ret": 0.1537,
      "sh": 0.15,
      "dd": -0.3675
    },
    "3Y_2022_2024": {
      "ret": 0.6029,
      "sh": 0.58,
      "dd": -0.2824
    },
    "3Y_2023_2025": {
      "ret": 1.3679,
      "sh": 1.05,
      "dd": -0.2274
    },
    "5Y_2015_2019": {
      "ret": 0.053,
      "sh": -0.96,
      "dd": -0.0633
    },
    "5Y_2016_2020": {
      "ret": 0.3081,
      "sh": 0.32,
      "dd": -0.0633
    },
    "5Y_2017_2021": {
      "ret": 0.4712,
      "sh": 0.43,
      "dd": -0.1458
    },
    "5Y_2018_2022": {
      "ret": 0.0053,
      "sh": -0.19,
      "dd": -0.3583
    },
    "5Y_2019_2023": {
      "ret": 0.4221,
      "sh": 0.26,
      "dd": -0.3675
    },
    "5Y_2020_2024": {
      "ret": 1.1997,
      "sh": 0.64,
      "dd": -0.3676
    },
    "5Y_2021_2025": {
      "ret": 0.9817,
      "sh": 0.52,
      "dd": -0.3675
    },
    "10Y_2015_2024": {
      "ret": 1.3233,
      "sh": 0.36,
      "dd": -0.3676
    }
  }
}