{
  "metrics": {
    "total_return": 0.8717290760937426,
    "cagr": 0.23327320485561942,
    "annual_volatility": 0.13484761291502953,
    "sharpe_ratio": 1.3368890690259787,
    "sortino_ratio": 2.01405973771845,
    "calmar_ratio": 2.0236886206649736,
    "max_drawdown": -0.11527129345569331,
    "max_drawdown_date": "2024-08-07",
    "win_rate": 0.5672436750998668,
    "profit_factor": 1.3294038516327333,
    "num_trading_days": 751,
    "skewness": 0.13631640967279587,
    "kurtosis": 3.4651572330981857,
    "best_day": 0.05576352913265503,
    "worst_day": -0.032927334682061105,
    "avg_daily_return": 0.0008710320044196333,
    "black_swan_resilience": 82.9,
    "benchmark_total_return": 0.8628177193040827,
    "benchmark_cagr": 0.23130614737691846,
    "alpha": 0.001967057478700962,
    "beta": 0.6066015131618961,
    "information_ratio": 0.017147113287210934,
    "tracking_error": 0.11471653833231972
  },
  "trade_metrics": {
    "num_trades": 279,
    "num_buys": 150,
    "num_sells": 129,
    "total_commission": 0.0,
    "total_slippage": 3776.0882152042373,
    "total_transaction_costs": 3776.0882152042373,
    "avg_trade_size": 13534.366362739207
  },
  "final_positions": {
    "TLT": {
      "qty": 108.0,
      "avg_cost": 86.06976600772421,
      "realized_pnl": 665.8666914196632
    },
    "GLD": {
      "qty": 24.0,
      "avg_cost": 271.73011005172856,
      "realized_pnl": 7150.422986090125
    },
    "SPY": {
      "qty": 59.0,
      "avg_cost": 609.6828771786797,
      "realized_pnl": 834.476154909295
    },
    "QQQ": {
      "qty": 65.0,
      "avg_cost": 546.2331730769231,
      "realized_pnl": 1108.4234008789062
    },
    "IWM": {
      "qty": 164.0,
      "avg_cost": 234.67283006993736,
      "realized_pnl": 266.92425537109375
    },
    "AAPL": {
      "qty": 141.0,
      "avg_cost": 270.6675187780502,
      "realized_pnl": 0.0
    }
  },
  "source": "williams_seasonal",
  "description": "As January goes, so goes the year. 86% accuracy when Jan positive",
  "rolling_windows": {
    "1Y_2015": {
      "ret": -0.0947,
      "sh": -1.08,
      "dd": -0.143
    },
    "1Y_2016": {
      "ret": 0.2755,
      "sh": 1.91,
      "dd": -0.0717
    },
    "1Y_2017": {
      "ret": 0.239,
      "sh": 1.99,
      "dd": -0.0385
    },
    "1Y_2018": {
      "ret": -0.0188,
      "sh": -0.34,
      "dd": -0.1266
    },
    "1Y_2019": {
      "ret": 0.2433,
      "sh": 1.54,
      "dd": -0.1203
    },
    "1Y_2020": {
      "ret": 0.4503,
      "sh": 1.58,
      "dd": -0.1934
    },
    "1Y_2021": {
      "ret": 0.2177,
      "sh": 1.1,
      "dd": -0.0848
    },
    "1Y_2022": {
      "ret": -0.206,
      "sh": -1.67,
      "dd": -0.2256
    },
    "1Y_2023": {
      "ret": 0.3561,
      "sh": 1.95,
      "dd": -0.0823
    },
    "1Y_2024": {
      "ret": 0.1341,
      "sh": 0.66,
      "dd": -0.1156
    },
    "1Y_2025": {
      "ret": 0.2355,
      "sh": 1.68,
      "dd": -0.0554
    },
    "3Y_2015_2017": {
      "ret": 0.4032,
      "sh": 0.73,
      "dd": -0.143
    },
    "3Y_2016_2018": {
      "ret": 0.554,
      "sh": 0.99,
      "dd": -0.1266
    },
    "3Y_2017_2019": {
      "ret": 0.5182,
      "sh": 0.9,
      "dd": -0.1266
    },
    "3Y_2018_2020": {
      "ret": 0.7818,
      "sh": 0.99,
      "dd": -0.1931
    },
    "3Y_2019_2021": {
      "ret": 1.197,
      "sh": 1.37,
      "dd": -0.1934
    },
    "3Y_2020_2022": {
      "ret": 0.396,
      "sh": 0.49,
      "dd": -0.235
    },
    "3Y_2021_2023": {
      "ret": 0.3096,
      "sh": 0.41,
      "dd": -0.2375
    },
    "3Y_2022_2024": {
      "ret": 0.1885,
      "sh": 0.2,
      "dd": -0.2278
    },
    "3Y_2023_2025": {
      "ret": 0.8717,
      "sh": 1.34,
      "dd": -0.1153
    },
    "5Y_2015_2019": {
      "ret": 0.7195,
      "sh": 0.64,
      "dd": -0.143
    },
    "5Y_2016_2020": {
      "ret": 1.8229,
      "sh": 1.23,
      "dd": -0.1931
    },
    "5Y_2017_2021": {
      "ret": 1.6817,
      "sh": 1.1,
      "dd": -0.1933
    },
    "5Y_2018_2022": {
      "ret": 0.7154,
      "sh": 0.5,
      "dd": -0.2349
    },
    "5Y_2019_2023": {
      "ret": 1.3632,
      "sh": 0.89,
      "dd": -0.2374
    },
    "5Y_2020_2024": {
      "ret": 1.0894,
      "sh": 0.72,
      "dd": -0.2376
    },
    "5Y_2021_2025": {
      "ret": 0.8067,
      "sh": 0.63,
      "dd": -0.2375
    },
    "10Y_2015_2024": {
      "ret": 2.6388,
      "sh": 0.69,
      "dd": -0.2375
    }
  }
}