{
  "metrics": {
    "total_return": 0.4894852203335256,
    "cagr": 0.14255418474485504,
    "annual_volatility": 0.1565679764230039,
    "sharpe_ratio": 0.6817041143052457,
    "sortino_ratio": 0.996768391441772,
    "calmar_ratio": 0.8999099781152594,
    "max_drawdown": -0.15840938339567656,
    "max_drawdown_date": "2023-10-26",
    "win_rate": 0.5406125166444741,
    "profit_factor": 1.1821546221774877,
    "num_trading_days": 751,
    "skewness": 0.14994730852441043,
    "kurtosis": 7.075212084170769,
    "best_day": 0.07241329395770135,
    "worst_day": -0.04989901801995411,
    "avg_daily_return": 0.0005791936472992329,
    "black_swan_resilience": 80.8,
    "benchmark_total_return": 0.8628177193040827,
    "benchmark_cagr": 0.23130614737691846,
    "alpha": -0.08875196263206342,
    "beta": 0.6423807911367762,
    "information_ratio": -0.6651623438333305,
    "tracking_error": 0.13342902444023796
  },
  "trade_metrics": {
    "num_trades": 284,
    "num_buys": 152,
    "num_sells": 132,
    "total_commission": 0.0,
    "total_slippage": 1735.3765600061424,
    "total_transaction_costs": 1735.3765600061424,
    "avg_trade_size": 6110.480845092048
  },
  "final_positions": {
    "TM": {
      "qty": 113.0,
      "avg_cost": 199.22000122070312,
      "realized_pnl": 3708.1910858154297
    },
    "SONY": {
      "qty": 785.0,
      "avg_cost": 27.950000762939453,
      "realized_pnl": 6934.204261779785
    },
    "EWJ": {
      "qty": 284.0,
      "avg_cost": 79.55339050292969,
      "realized_pnl": 6186.447444915771
    },
    "SE": {
      "qty": 167.0,
      "avg_cost": 154.62718867684552,
      "realized_pnl": -1582.8586769104004
    }
  },
  "source": "famous",
  "description": "Buffett's Japan bet: trading companies + Asian conglomerate value",
  "horizon": "3Y (2023-2025)",
  "consistency_score": 1.0,
  "windows_tested": 6,
  "composite_score": 0.2161,
  "rolling_windows": {
    "1Y_2023": {
      "ret": 0.1382,
      "sh": 0.71,
      "dd": -0.1584
    },
    "1Y_2024": {
      "ret": 0.0974,
      "sh": 0.44,
      "dd": -0.1377
    },
    "1Y_2025": {
      "ret": 0.2049,
      "sh": 0.94,
      "dd": -0.1299
    },
    "3Y_2022_2024": {
      "ret": 0.268,
      "sh": 0.34,
      "dd": -0.2197
    },
    "3Y_2023_2025": {
      "ret": 0.4895,
      "sh": 0.68,
      "dd": -0.1584
    },
    "5Y_2020_2024": {
      "ret": 0.3783,
      "sh": 0.24,
      "dd": -0.2607
    }
  }
}