{
  "metrics": {
    "total_return": 0.4655856406616965,
    "cagr": 0.1363892015626762,
    "annual_volatility": 0.09994451614537639,
    "sharpe_ratio": 0.9412372266713456,
    "sortino_ratio": 1.3575639359793399,
    "calmar_ratio": 1.0379499605585016,
    "max_drawdown": -0.13140248253325015,
    "max_drawdown_date": "2025-04-21",
    "win_rate": 0.5419440745672437,
    "profit_factor": 1.2668514026282538,
    "num_trading_days": 751,
    "skewness": -0.4797631035265101,
    "kurtosis": 5.642130052860997,
    "best_day": 0.025642963296497623,
    "worst_day": -0.04506598443405874,
    "avg_daily_return": 0.0005289494627820707,
    "black_swan_resilience": 74.5,
    "benchmark_total_return": 0.8628177193040827,
    "benchmark_cagr": 0.23130614737691846,
    "alpha": -0.09491694581424226,
    "beta": 0.46786373416380717,
    "information_ratio": -0.884972428917699,
    "tracking_error": 0.10725412760070221
  },
  "trade_metrics": {
    "num_trades": 6457,
    "num_buys": 3223,
    "num_sells": 3234,
    "total_commission": 0.0,
    "total_slippage": 18168.84813163178,
    "total_transaction_costs": 18168.84813163178,
    "avg_trade_size": 2813.8219191004882
  },
  "final_positions": {
    "META": {
      "qty": 16.0,
      "avg_cost": 643.7180048569161,
      "realized_pnl": 354.139566968469
    },
    "MA": {
      "qty": 19.0,
      "avg_cost": 554.198797319714,
      "realized_pnl": 415.41044985581834
    },
    "JPM": {
      "qty": 28.0,
      "avg_cost": 312.71943096233014,
      "realized_pnl": 121.77925981633808
    },
    "HD": {
      "qty": 35.0,
      "avg_cost": 349.3473513549899,
      "realized_pnl": -39.390432067538825
    },
    "MSFT": {
      "qty": 27.0,
      "avg_cost": 486.5178629521123,
      "realized_pnl": -91.22750864257841
    },
    "V": {
      "qty": 28.0,
      "avg_cost": 346.5386290670443,
      "realized_pnl": 88.42756114286539
    },
    "PG": {
      "qty": 80.0,
      "avg_cost": 144.0084034983317,
      "realized_pnl": -14.130927530924396
    },
    "NVDA": {
      "qty": 40.0,
      "avg_cost": 184.43876266479492,
      "realized_pnl": 82.91567993164062
    },
    "CVX": {
      "qty": 92.0,
      "avg_cost": 149.25772443025008,
      "realized_pnl": -0.0791015625
    },
    "AMZN": {
      "qty": 57.0,
      "avg_cost": 232.14263220000686,
      "realized_pnl": 1.34002685546875
    },
    "XOM": {
      "qty": 100.0,
      "avg_cost": 118.62730682373046,
      "realized_pnl": -0.10927581787109375
    },
    "UNH": {
      "qty": 27.0,
      "avg_cost": 329.5976257324219,
      "realized_pnl": -2.034210205078125
    }
  },
  "source": "famous",
  "description": "Pure systematic: multi-factor composite, vol-weighted, daily rebalance"
}