{
  "metrics": {
    "total_return": 0.26336902266802875,
    "cagr": 0.08160510966350021,
    "annual_volatility": 0.118009731953557,
    "sharpe_ratio": 0.39145415272814854,
    "sortino_ratio": 0.49860578465011474,
    "calmar_ratio": 0.41533038082157236,
    "max_drawdown": -0.19648239914950527,
    "max_drawdown_date": "2022-10-12 00:00:00",
    "win_rate": 0.49533954727030627,
    "profit_factor": 1.1434802667871826,
    "num_trading_days": 751,
    "skewness": -0.23811840735241768,
    "kurtosis": 3.2562715878442647,
    "best_day": 0.033365367985285,
    "worst_day": -0.033039856295512426,
    "avg_daily_return": 0.0003389649407101341,
    "benchmark_total_return": 0.2866220704304123,
    "benchmark_cagr": 0.08824471375349763,
    "alpha": -0.00663960408999742,
    "beta": 0.5297026501431886,
    "information_ratio": -0.06035168247942569,
    "tracking_error": 0.11001522769909368
  },
  "trade_metrics": {
    "num_trades": 5084,
    "num_buys": 2583,
    "num_sells": 2501,
    "total_commission": 0.0,
    "total_slippage": 12831.407140431416,
    "total_transaction_costs": 12831.407140431416,
    "avg_trade_size": 2523.880240053384
  }
}