{
  "metrics": {
    "total_return": 0.11311608824094166,
    "cagr": 0.03649392486714986,
    "annual_volatility": 0.12355984418993547,
    "sharpe_ratio": 0.03548867998909709,
    "sortino_ratio": 0.04709028644224654,
    "calmar_ratio": 0.14608270034114948,
    "max_drawdown": -0.24981688305271577,
    "max_drawdown_date": "2025-06-13",
    "win_rate": 0.5525965379494008,
    "profit_factor": 1.0670215447004918,
    "num_trading_days": 751,
    "skewness": -0.6024311559484661,
    "kurtosis": 3.7132147881053204,
    "best_day": 0.04225201861625494,
    "worst_day": -0.03686647455588754,
    "avg_daily_return": 0.00017305056029110136,
    "black_swan_resilience": 66.9,
    "benchmark_total_return": 0.8628177193040827,
    "benchmark_cagr": 0.23130614737691846,
    "alpha": -0.1948122225097686,
    "beta": 0.5372292040103545,
    "information_ratio": -1.6759028255799056,
    "tracking_error": 0.11624314938568026
  },
  "trade_metrics": {
    "num_trades": 900,
    "num_buys": 438,
    "num_sells": 462,
    "total_commission": 0.0,
    "total_slippage": 3288.6056688232397,
    "total_transaction_costs": 3288.6056688232397,
    "avg_trade_size": 3654.0062986924913
  },
  "final_positions": {
    "COST": {
      "qty": 10.0,
      "avg_cost": 932.9636840820312,
      "realized_pnl": 8245.08181762695
    },
    "AAPL": {
      "qty": 33.0,
      "avg_cost": 227.23531730199716,
      "realized_pnl": 6299.271086200284
    },
    "UNH": {
      "qty": 27.0,
      "avg_cost": 348.4737352643694,
      "realized_pnl": -3290.0890154157364
    }
  },
  "source": "recession",
  "description": "Rich richer, poor poorer: luxury+tech UP while dollar stores DOWN. Long the top arm of K.",
  "horizon": "3Y (2023-2025)",
  "consistency_score": 0.83,
  "windows_tested": 6,
  "composite_score": 0.126,
  "rolling_windows": {
    "1Y_2023": {
      "ret": 0.1201,
      "sh": 0.74,
      "dd": -0.1187
    },
    "1Y_2024": {
      "ret": 0.1885,
      "sh": 1.03,
      "dd": -0.0836
    },
    "1Y_2025": {
      "ret": -0.152,
      "sh": -1.71,
      "dd": -0.2499
    },
    "3Y_2022_2024": {
      "ret": 0.1525,
      "sh": 0.13,
      "dd": -0.1421
    },
    "3Y_2023_2025": {
      "ret": 0.1131,
      "sh": 0.04,
      "dd": -0.2498
    },
    "5Y_2020_2024": {
      "ret": 0.6996,
      "sh": 0.5,
      "dd": -0.284
    }
  }
}