{
  "metrics": {
    "total_return": 0.8293471866757369,
    "cagr": 0.22386155628381776,
    "annual_volatility": 0.1516448434873031,
    "sharpe_ratio": 1.1538788597329048,
    "sortino_ratio": 1.7356809624737848,
    "calmar_ratio": 1.4111367629099223,
    "max_drawdown": -0.1586391639476461,
    "max_drawdown_date": "2025-04-21",
    "win_rate": 0.5419440745672437,
    "profit_factor": 1.2791990046880681,
    "num_trading_days": 751,
    "skewness": 0.19540364789748302,
    "kurtosis": 3.6958459103168604,
    "best_day": 0.06121986485241182,
    "worst_day": -0.03863545152388337,
    "avg_daily_return": 0.0008500140655194536,
    "black_swan_resilience": 81.4,
    "benchmark_total_return": 0.8628177193040827,
    "benchmark_cagr": 0.23130614737691846,
    "alpha": -0.007444591093100694,
    "beta": 0.6671060829213392,
    "information_ratio": -0.060541819983394335,
    "tracking_error": 0.12296609343991687
  },
  "trade_metrics": {
    "num_trades": 1338,
    "num_buys": 683,
    "num_sells": 655,
    "total_commission": 0.0,
    "total_slippage": 7752.768747879984,
    "total_transaction_costs": 7752.768747879984,
    "avg_trade_size": 5794.29652307921
  },
  "final_positions": {
    "JPM": {
      "qty": 58.0,
      "avg_cost": 314.57729260674836,
      "realized_pnl": 5671.96577453613
    },
    "V": {
      "qty": 23.0,
      "avg_cost": 347.9059346516927,
      "realized_pnl": -1203.2467091878336
    },
    "NVDA": {
      "qty": 29.0,
      "avg_cost": 188.20980834960938,
      "realized_pnl": 33586.72562313079
    },
    "MCD": {
      "qty": 50.0,
      "avg_cost": 314.4193115234375,
      "realized_pnl": -2135.4105377197257
    },
    "SPY": {
      "qty": 31.0,
      "avg_cost": 677.4520970394736,
      "realized_pnl": 2630.8971493369795
    },
    "QQQ": {
      "qty": 24.0,
      "avg_cost": 618.4302368164062,
      "realized_pnl": 6281.085601806652
    },
    "GOOGL": {
      "qty": 117.0,
      "avg_cost": 213.26463412424596,
      "realized_pnl": 6351.61753463883
    },
    "AAPL": {
      "qty": 104.0,
      "avg_cost": 245.2207363902903,
      "realized_pnl": 4661.781596797207
    },
    "AMZN": {
      "qty": 68.0,
      "avg_cost": 232.07000732421875,
      "realized_pnl": 4551.777809143057
    }
  },
  "source": "math",
  "description": "Position sizing via Kelly criterion from rolling win rate and payoff ratio",
  "horizon": "3Y (2023-2025)",
  "composite_score": 0.4243,
  "consistency_score": 0.92,
  "n_windows_tested": 12,
  "avg_1Y_return": 0.1888,
  "avg_3Y_return": 0.4864,
  "avg_5Y_return": 1.0643,
  "avg_10Y_return": null,
  "rolling_windows": {
    "1Y_2023": {
      "ret": 0.4357,
      "sh": 1.97,
      "dd": -0.0947
    },
    "1Y_2024": {
      "ret": 0.1977,
      "sh": 1.04,
      "dd": -0.103
    },
    "1Y_2025": {
      "ret": 0.0786,
      "sh": 0.35,
      "dd": -0.1503
    },
    "3Y_2022_2024": {
      "ret": 0.3297,
      "sh": 0.45,
      "dd": -0.2351
    },
    "3Y_2023_2025": {
      "ret": 0.8293,
      "sh": 1.15,
      "dd": -0.1586
    },
    "5Y_2020_2024": {
      "ret": 1.2933,
      "sh": 0.81,
      "dd": -0.2423
    },
    "1Y_2020": {
      "ret": 0.3609,
      "sh": 1.16,
      "dd": -0.2047
    },
    "1Y_2021": {
      "ret": 0.2797,
      "sh": 1.55,
      "dd": -0.0729
    },
    "1Y_2022": {
      "ret": -0.2197,
      "sh": -2.39,
      "dd": -0.2351
    },
    "3Y_2020_2022": {
      "ret": 0.346,
      "sh": 0.42,
      "dd": -0.2423
    },
    "3Y_2021_2023": {
      "ret": 0.4406,
      "sh": 0.64,
      "dd": -0.2424
    },
    "5Y_2021_2025": {
      "ret": 0.8354,
      "sh": 0.65,
      "dd": -0.2424
    }
  }
}