{
  "metrics": {
    "total_return": 0.8293471866757358,
    "cagr": 0.22386155628381754,
    "annual_volatility": 0.15164484348730314,
    "sharpe_ratio": 1.153878859732904,
    "sortino_ratio": 1.7356809624737835,
    "calmar_ratio": 1.411136762909923,
    "max_drawdown": -0.15863916394764588,
    "max_drawdown_date": "2025-04-21",
    "win_rate": 0.5419440745672437,
    "profit_factor": 1.2791990046880677,
    "num_trading_days": 751,
    "skewness": 0.19540364789748216,
    "kurtosis": 3.695845910316855,
    "best_day": 0.06121986485241182,
    "worst_day": -0.03863545152388337,
    "avg_daily_return": 0.0008500140655194533,
    "black_swan_resilience": 81.4,
    "benchmark_total_return": 0.8628177193040827,
    "benchmark_cagr": 0.23130614737691846,
    "alpha": -0.007444591093100916,
    "beta": 0.6671060829213393,
    "information_ratio": -0.060541819983396125,
    "tracking_error": 0.12296609343991691
  },
  "trade_metrics": {
    "num_trades": 1338,
    "num_buys": 683,
    "num_sells": 655,
    "total_commission": 0.0,
    "total_slippage": 7752.768747879984,
    "total_transaction_costs": 7752.768747879984,
    "avg_trade_size": 5794.29652307921
  },
  "final_positions": {
    "GOOGL": {
      "qty": 117.0,
      "avg_cost": 213.26463412424596,
      "realized_pnl": 5162.6211586012305
    },
    "AAPL": {
      "qty": 104.0,
      "avg_cost": 245.2207363902903,
      "realized_pnl": 1477.228953974956
    },
    "SPY": {
      "qty": 31.0,
      "avg_cost": 677.4520970394736,
      "realized_pnl": 88.686272872122
    },
    "JPM": {
      "qty": 58.0,
      "avg_cost": 314.57729260674836,
      "realized_pnl": 233.35739135742188
    },
    "MCD": {
      "qty": 50.0,
      "avg_cost": 314.4193115234375,
      "realized_pnl": -144.110107421875
    },
    "V": {
      "qty": 23.0,
      "avg_cost": 347.9059346516927,
      "realized_pnl": 149.35785929362027
    },
    "QQQ": {
      "qty": 24.0,
      "avg_cost": 618.4302368164062,
      "realized_pnl": 11.60528564453125
    },
    "AMZN": {
      "qty": 68.0,
      "avg_cost": 232.07000732421875,
      "realized_pnl": 0.0
    },
    "NVDA": {
      "qty": 29.0,
      "avg_cost": 188.20980834960938,
      "realized_pnl": 0.0
    }
  },
  "source": "math",
  "description": "Position sizing via Kelly criterion from rolling win rate and payoff ratio"
}