{
  "metrics": {
    "total_return": -0.009880639917310141,
    "cagr": -0.0033157829068956035,
    "annual_volatility": 0.19420171267886704,
    "sharpe_ratio": -0.12238742772761668,
    "sortino_ratio": -0.1775644950726975,
    "calmar_ratio": -0.012082567751545223,
    "max_drawdown": -0.2744270071625754,
    "max_drawdown_date": "2022-09-30",
    "win_rate": 0.4933510638297872,
    "profit_factor": 1.0137225067002669,
    "num_trading_days": 752,
    "skewness": 0.351340799273259,
    "kurtosis": 2.0765998409112103,
    "best_day": 0.05595571291705537,
    "worst_day": -0.04216415925483474,
    "avg_daily_return": 6.133300535053178e-05,
    "black_swan_resilience": 77.4,
    "benchmark_total_return": 0.28194132237102565,
    "benchmark_cagr": 0.08662457909976418,
    "alpha": -0.08994036200665978,
    "beta": 0.7107785146167364,
    "information_ratio": -0.5712018278776982,
    "tracking_error": 0.15745811308208416
  },
  "trade_metrics": {
    "num_trades": 926,
    "num_buys": 500,
    "num_sells": 426,
    "total_commission": 0.0,
    "total_slippage": 4333.133350760216,
    "total_transaction_costs": 4333.133350760216,
    "avg_trade_size": 4679.409666047755
  },
  "final_positions": {
    "CPNG": {
      "qty": 573.0,
      "avg_cost": 22.219999313354492,
      "realized_pnl": 1318.8992156982467
    },
    "PKX": {
      "qty": 303.0,
      "avg_cost": 61.80394279395746,
      "realized_pnl": 2872.5637408183807
    },
    "KB": {
      "qty": 230.0,
      "avg_cost": 55.433929443359375,
      "realized_pnl": 3581.7696228027503
    },
    "SHG": {
      "qty": 400.0,
      "avg_cost": 34.53024361051362,
      "realized_pnl": 11002.73759809034
    },
    "EWY": {
      "qty": 254.0,
      "avg_cost": 59.87578796074829,
      "realized_pnl": -1716.9937552172466
    },
    "SKM": {
      "qty": 621.0,
      "avg_cost": 20.89612579345703,
      "realized_pnl": 2447.999044418346
    },
    "LPL": {
      "qty": 4097.0,
      "avg_cost": 3.8244645083074436,
      "realized_pnl": -3412.6275064092174
    }
  },
  "source": "theme",
  "description": "Korea discount value: chaebols + fintech, governance reform catalyst"
}