{
  "metrics": {
    "total_return": -0.015323575458691119,
    "cagr": -0.005168266868770366,
    "annual_volatility": 0.2082049253902925,
    "sharpe_ratio": -0.10943303859030641,
    "sortino_ratio": -0.3035065307355507,
    "calmar_ratio": -0.016599295327133525,
    "max_drawdown": -0.31135459469307825,
    "max_drawdown_date": "2023-03-20 00:00:00",
    "win_rate": 0.47270306258322237,
    "profit_factor": 1.0146988660321918,
    "num_trading_days": 751,
    "skewness": 0.20429816245261329,
    "kurtosis": 5.919773094307489,
    "best_day": 0.1003526188772077,
    "worst_day": -0.06397537350021187,
    "avg_daily_return": 6.523518963678763e-05,
    "benchmark_total_return": 0.2866220704304123,
    "benchmark_cagr": 0.08824471375349763,
    "alpha": -0.093412980622268,
    "beta": 0.5855575330845241,
    "information_ratio": -0.47857954828166116,
    "tracking_error": 0.19518799112429083
  },
  "trade_metrics": {
    "num_trades": 1017,
    "num_buys": 511,
    "num_sells": 506,
    "total_commission": 0.0,
    "total_slippage": 8156.797754542588,
    "total_transaction_costs": 8156.797754542588,
    "avg_trade_size": 8020.450102795073
  }
}