{
  "metrics": {
    "total_return": 0.4649196342035875,
    "cagr": 0.1362164477632153,
    "annual_volatility": 0.10030096619439229,
    "sharpe_ratio": 0.9366972397129901,
    "sortino_ratio": 1.3358891576662602,
    "calmar_ratio": 1.2974692731529907,
    "max_drawdown": -0.10498626100963038,
    "max_drawdown_date": "2025-04-08",
    "win_rate": 0.5419440745672437,
    "profit_factor": 1.2489298136288915,
    "num_trading_days": 751,
    "skewness": -0.3580484474769588,
    "kurtosis": 1.320798976242835,
    "best_day": 0.021995723340137996,
    "worst_day": -0.029089308722001772,
    "avg_daily_return": 0.0005284738238025056,
    "black_swan_resilience": 77.4,
    "benchmark_total_return": 0.8628177193040827,
    "benchmark_cagr": 0.23130614737691846,
    "alpha": -0.09508969961370317,
    "beta": 0.4387707675435969,
    "information_ratio": -0.8357313202154597,
    "tracking_error": 0.11378022734530054
  },
  "trade_metrics": {
    "num_trades": 1011,
    "num_buys": 495,
    "num_sells": 516,
    "total_commission": 0.0,
    "total_slippage": 2685.543702297214,
    "total_transaction_costs": 2685.543702297214,
    "avg_trade_size": 2656.3241367924934
  },
  "final_positions": {
    "MSFT": {
      "qty": 42.0,
      "avg_cost": 446.594939728457,
      "realized_pnl": 713.0456656166785
    },
    "AMZN": {
      "qty": 87.0,
      "avg_cost": 214.21803487570514,
      "realized_pnl": 860.5892429265793
    },
    "GOOGL": {
      "qty": 65.0,
      "avg_cost": 186.0272816190108,
      "realized_pnl": 3135.7413685901943
    },
    "JNJ": {
      "qty": 43.0,
      "avg_cost": 170.16817430700496,
      "realized_pnl": 1361.8776591416436
    },
    "AAPL": {
      "qty": 74.0,
      "avg_cost": 229.75539016526065,
      "realized_pnl": 431.97783646269113
    },
    "PEP": {
      "qty": 62.0,
      "avg_cost": 144.78658384161562,
      "realized_pnl": -50.91449530127821
    },
    "KO": {
      "qty": 127.0,
      "avg_cost": 69.58678387171207,
      "realized_pnl": 5.886313059973332
    },
    "MRK": {
      "qty": 83.0,
      "avg_cost": 85.64882303873698,
      "realized_pnl": 245.25245107014973
    },
    "BRK-B": {
      "qty": 18.0,
      "avg_cost": 506.02278306749133,
      "realized_pnl": 0.0
    }
  },
  "source": "theme",
  "description": "1999 detector: rotate to value when AI speculation gets frothy",
  "rolling_windows": {
    "1Y_2015": {
      "ret": 0.066,
      "sh": 0.27,
      "dd": -0.0768
    },
    "1Y_2016": {
      "ret": 0.0274,
      "sh": -0.06,
      "dd": -0.0663
    },
    "1Y_2017": {
      "ret": 0.2708,
      "sh": 2.53,
      "dd": -0.0368
    },
    "1Y_2018": {
      "ret": 0.0035,
      "sh": -0.19,
      "dd": -0.1265
    },
    "1Y_2019": {
      "ret": 0.2049,
      "sh": 1.54,
      "dd": -0.0601
    },
    "1Y_2020": {
      "ret": 0.1953,
      "sh": 0.76,
      "dd": -0.1866
    },
    "1Y_2021": {
      "ret": 0.2112,
      "sh": 1.33,
      "dd": -0.0604
    },
    "1Y_2022": {
      "ret": -0.1071,
      "sh": -1.8,
      "dd": -0.153
    },
    "1Y_2023": {
      "ret": 0.1584,
      "sh": 1.12,
      "dd": -0.0721
    },
    "1Y_2024": {
      "ret": 0.1683,
      "sh": 1.14,
      "dd": -0.0803
    },
    "1Y_2025": {
      "ret": 0.0935,
      "sh": 0.61,
      "dd": -0.0943
    },
    "3Y_2015_2017": {
      "ret": 0.3753,
      "sh": 0.71,
      "dd": -0.095
    },
    "3Y_2016_2018": {
      "ret": 0.3262,
      "sh": 0.55,
      "dd": -0.1264
    },
    "3Y_2017_2019": {
      "ret": 0.5409,
      "sh": 1.02,
      "dd": -0.1264
    },
    "3Y_2018_2020": {
      "ret": 0.4586,
      "sh": 0.63,
      "dd": -0.1865
    },
    "3Y_2019_2021": {
      "ret": 0.736,
      "sh": 1.02,
      "dd": -0.1864
    },
    "3Y_2020_2022": {
      "ret": 0.2784,
      "sh": 0.36,
      "dd": -0.1866
    },
    "3Y_2021_2023": {
      "ret": 0.26,
      "sh": 0.42,
      "dd": -0.1543
    },
    "3Y_2022_2024": {
      "ret": 0.2039,
      "sh": 0.28,
      "dd": -0.153
    },
    "3Y_2023_2025": {
      "ret": 0.4649,
      "sh": 0.94,
      "dd": -0.105
    },
    "5Y_2015_2019": {
      "ret": 0.6675,
      "sh": 0.63,
      "dd": -0.1264
    },
    "5Y_2016_2020": {
      "ret": 0.9285,
      "sh": 0.75,
      "dd": -0.1864
    },
    "5Y_2017_2021": {
      "ret": 1.2198,
      "sh": 0.94,
      "dd": -0.1865
    },
    "5Y_2018_2022": {
      "ret": 0.5607,
      "sh": 0.43,
      "dd": -0.1865
    },
    "5Y_2019_2023": {
      "ret": 0.8062,
      "sh": 0.66,
      "dd": -0.1864
    },
    "5Y_2020_2024": {
      "ret": 0.7229,
      "sh": 0.59,
      "dd": -0.1866
    },
    "5Y_2021_2025": {
      "ret": 0.5926,
      "sh": 0.58,
      "dd": -0.1543
    },
    "10Y_2015_2024": {
      "ret": 1.9072,
      "sh": 0.61,
      "dd": -0.1865
    }
  }
}