{
  "metrics": {
    "total_return": 0.18594323912287525,
    "cagr": 0.058893628631056405,
    "annual_volatility": 0.10072386780255159,
    "sharpe_ratio": 0.2288536510243851,
    "sortino_ratio": 0.28604684734786073,
    "calmar_ratio": 0.3445496050883382,
    "max_drawdown": -0.1709293168859004,
    "max_drawdown_date": "2023-10-23 00:00:00",
    "win_rate": 0.3781624500665779,
    "profit_factor": 1.1467579923350473,
    "num_trading_days": 751,
    "skewness": 1.0409364446542586,
    "kurtosis": 10.347524667037243,
    "best_day": 0.052166522198420884,
    "worst_day": -0.02703696397949662,
    "avg_daily_return": 0.0002471221837909114,
    "benchmark_total_return": 0.2866220704304123,
    "benchmark_cagr": 0.08824471375349763,
    "alpha": -0.029351085122441223,
    "beta": 0.2101023513423837,
    "information_ratio": -0.17560318782271658,
    "tracking_error": 0.16714437526084747
  },
  "trade_metrics": {
    "num_trades": 169,
    "num_buys": 91,
    "num_sells": 78,
    "total_commission": 0.0,
    "total_slippage": 1112.3832305421838,
    "total_transaction_costs": 1112.3832305421838,
    "avg_trade_size": 6582.149293149011
  }
}