{
  "metrics": {
    "total_return": 0.06378173621283323,
    "cagr": 0.020896185333407535,
    "annual_volatility": 0.12966441697990752,
    "sharpe_ratio": -0.07807116062201436,
    "sortino_ratio": -0.11253748676799083,
    "calmar_ratio": 0.11239336169222791,
    "max_drawdown": -0.18592010256467417,
    "max_drawdown_date": "2022-10-12",
    "win_rate": 0.5053191489361702,
    "profit_factor": 1.0412421637522038,
    "num_trading_days": 752,
    "skewness": 0.34805046167262904,
    "kurtosis": 3.8469618991743846,
    "best_day": 0.052348421033533654,
    "worst_day": -0.03551945820314273,
    "avg_daily_return": 0.0001154790234063493,
    "benchmark_total_return": 0.28194132237102565,
    "benchmark_cagr": 0.08662457909976418,
    "alpha": -0.06572839376635664,
    "beta": 0.49753089629240377,
    "information_ratio": -0.5046450642750749,
    "tracking_error": 0.1302467782198084
  },
  "trade_metrics": {
    "num_trades": 275,
    "num_buys": 138,
    "num_sells": 137,
    "total_commission": 0.0,
    "total_slippage": 1432.939826835632,
    "total_transaction_costs": 1432.939826835632,
    "avg_trade_size": 5210.690279402299
  },
  "final_positions": {
    "PLD": {
      "qty": 147.0,
      "avg_cost": 95.21186065673828,
      "realized_pnl": 1626.8358535766606
    }
  },
  "source": "famous",
  "description": "Patient infrastructure/utility value: steady cash flows, geographic diversity"
}