{
  "metrics": {
    "total_return": 0.11843868474485153,
    "cagr": 0.03814903797574076,
    "annual_volatility": 0.11680449432961168,
    "sharpe_ratio": 0.04404928624286445,
    "sortino_ratio": 0.06266818216857609,
    "calmar_ratio": 0.27289225087327496,
    "max_drawdown": -0.13979524099222707,
    "max_drawdown_date": "2025-11-20",
    "win_rate": 0.5193075898801598,
    "profit_factor": 1.066940316299092,
    "num_trading_days": 751,
    "skewness": 0.17186498624736263,
    "kurtosis": 2.164636942870719,
    "best_day": 0.03740044820794952,
    "worst_day": -0.02602905124767607,
    "avg_daily_return": 0.000176067142970541,
    "black_swan_resilience": 82.2,
    "benchmark_total_return": 0.8628177193040827,
    "benchmark_cagr": 0.23130614737691846,
    "alpha": -0.1931571094011777,
    "beta": 0.5281232254915564,
    "information_ratio": -1.7403746599549372,
    "tracking_error": 0.11098593529635684
  },
  "trade_metrics": {
    "num_trades": 6072,
    "num_buys": 3001,
    "num_sells": 3071,
    "total_commission": 0.0,
    "total_slippage": 39735.89175956355,
    "total_transaction_costs": 39735.89175956355,
    "avg_trade_size": 6544.119196239039
  },
  "final_positions": {
    "ABBV": {
      "qty": 49.0,
      "avg_cost": 225.6276328199737,
      "realized_pnl": 2419.1726177978544
    },
    "JPM": {
      "qty": 35.0,
      "avg_cost": 320.02273733956474,
      "realized_pnl": 6397.462440490723
    },
    "XOM": {
      "qty": 94.0,
      "avg_cost": 118.86262642069066,
      "realized_pnl": -3113.4779129028275
    },
    "GS": {
      "qty": 13.0,
      "avg_cost": 874.3982543945312,
      "realized_pnl": 4247.00674438477
    },
    "TSLA": {
      "qty": 25.0,
      "avg_cost": 449.7200012207031,
      "realized_pnl": 2018.6016998290997
    },
    "NVDA": {
      "qty": 60.0,
      "avg_cost": 188.50580520629882,
      "realized_pnl": 11735.167465209961
    },
    "CVX": {
      "qty": 74.0,
      "avg_cost": 150.85856463458086,
      "realized_pnl": -3866.6946868896503
    },
    "SPY": {
      "qty": 16.0,
      "avg_cost": 684.5804138183594,
      "realized_pnl": 3839.008422851558
    },
    "GOOGL": {
      "qty": 36.0,
      "avg_cost": 309.3386444712794,
      "realized_pnl": 5568.5727851335405
    }
  },
  "source": "hedge_fund",
  "description": "Multi-factor momentum + short-term mean-reversion entry, Citadel-inspired",
  "horizon": "3Y (2023-2025)",
  "consistency_score": 0.67,
  "windows_tested": 6,
  "composite_score": 0.0666,
  "rolling_windows": {
    "1Y_2023": {
      "ret": 0.0824,
      "sh": 0.41,
      "dd": -0.12
    },
    "1Y_2024": {
      "ret": 0.1311,
      "sh": 0.74,
      "dd": -0.0735
    },
    "1Y_2025": {
      "ret": -0.0692,
      "sh": -0.98,
      "dd": -0.1375
    },
    "3Y_2022_2024": {
      "ret": 0.0184,
      "sh": -0.21,
      "dd": -0.1677
    },
    "3Y_2023_2025": {
      "ret": 0.1184,
      "sh": 0.04,
      "dd": -0.1398
    },
    "5Y_2020_2024": {
      "ret": 0.4141,
      "sh": 0.29,
      "dd": -0.213
    }
  }
}