{
  "metrics": {
    "total_return": 0.11843868474484553,
    "cagr": 0.038149037975738986,
    "annual_volatility": 0.11680449432961167,
    "sharpe_ratio": 0.04404928624285394,
    "sortino_ratio": 0.06266818216856108,
    "calmar_ratio": 0.27289225087326247,
    "max_drawdown": -0.13979524099222695,
    "max_drawdown_date": "2025-11-20",
    "win_rate": 0.5193075898801598,
    "profit_factor": 1.06694031629909,
    "num_trading_days": 751,
    "skewness": 0.17186498624735752,
    "kurtosis": 2.1646369428706977,
    "best_day": 0.0374004482079493,
    "worst_day": -0.02602905124767607,
    "avg_daily_return": 0.00017606714297053612,
    "black_swan_resilience": 82.2,
    "benchmark_total_return": 0.8628177193040827,
    "benchmark_cagr": 0.23130614737691846,
    "alpha": -0.19315710940117947,
    "beta": 0.5281232254915562,
    "information_ratio": -1.7403746599549532,
    "tracking_error": 0.11098593529635684
  },
  "trade_metrics": {
    "num_trades": 6072,
    "num_buys": 3001,
    "num_sells": 3071,
    "total_commission": 0.0,
    "total_slippage": 39735.89175956355,
    "total_transaction_costs": 39735.89175956355,
    "avg_trade_size": 6544.119196239039
  },
  "final_positions": {
    "GOOGL": {
      "qty": 36.0,
      "avg_cost": 309.3386444712794,
      "realized_pnl": 25.65308451098099
    },
    "ABBV": {
      "qty": 49.0,
      "avg_cost": 225.6276328199737,
      "realized_pnl": 21.75071228027332
    },
    "XOM": {
      "qty": 94.0,
      "avg_cost": 118.86262642069066,
      "realized_pnl": 1.1026535034179688
    },
    "SPY": {
      "qty": 16.0,
      "avg_cost": 684.5804138183594,
      "realized_pnl": 0.0
    },
    "NVDA": {
      "qty": 60.0,
      "avg_cost": 188.50580520629882,
      "realized_pnl": 1.319915771484375
    },
    "JPM": {
      "qty": 35.0,
      "avg_cost": 320.02273733956474,
      "realized_pnl": 0.0
    },
    "CVX": {
      "qty": 74.0,
      "avg_cost": 150.85856463458086,
      "realized_pnl": 0.0
    },
    "TSLA": {
      "qty": 25.0,
      "avg_cost": 449.7200012207031,
      "realized_pnl": 0.0
    },
    "GS": {
      "qty": 13.0,
      "avg_cost": 874.3982543945312,
      "realized_pnl": 0.0
    }
  },
  "source": "hedge_fund",
  "description": "Multi-factor momentum + short-term mean-reversion entry, Citadel-inspired"
}