{
  "metrics": {
    "total_return": 0.18235870543408383,
    "cagr": 0.057628210411386105,
    "annual_volatility": 0.31415580143447125,
    "sharpe_ratio": 0.21003265641844446,
    "sortino_ratio": 0.30700078122124014,
    "calmar_ratio": 0.11818321501908578,
    "max_drawdown": -0.48761755552241104,
    "max_drawdown_date": "2023-03-10",
    "win_rate": 0.4308510638297872,
    "profit_factor": 1.0646695358610354,
    "num_trading_days": 752,
    "skewness": 0.39052333139570594,
    "kurtosis": 3.8997642460893975,
    "best_day": 0.13608695531034165,
    "worst_day": -0.06684243990948813,
    "avg_daily_return": 0.0004174870751108951,
    "benchmark_total_return": 0.28194132237102565,
    "benchmark_cagr": 0.08662457909976418,
    "alpha": -0.02899636868837807,
    "beta": 1.0281899019515826,
    "information_ratio": -0.11260024267775512,
    "tracking_error": 0.2575160408078453
  },
  "trade_metrics": {
    "num_trades": 201,
    "num_buys": 96,
    "num_sells": 105,
    "total_commission": 0.0,
    "total_slippage": 2409.0674917984,
    "total_transaction_costs": 2409.0674917984,
    "avg_trade_size": 11985.410406957219
  },
  "final_positions": {
    "TSLA": {
      "qty": 63.0,
      "avg_cost": 257.4091786565007,
      "realized_pnl": -13895.86470423518
    },
    "DDOG": {
      "qty": 148.0,
      "avg_cost": 152.8800048828125,
      "realized_pnl": -12078.840286254883
    },
    "SHOP": {
      "qty": 200.0,
      "avg_cost": 112.9800033569336,
      "realized_pnl": -4804.641540527343
    },
    "COIN": {
      "qty": 75.0,
      "avg_cost": 302.3999938964844,
      "realized_pnl": 11104.609008789062
    },
    "PLTR": {
      "qty": 341.0,
      "avg_cost": 26.302830308539683,
      "realized_pnl": 5169.345797939388
    }
  },
  "source": "famous",
  "description": "High-conviction tech platform bets: concentrated, momentum-driven"
}