{
  "metrics": {
    "total_return": 1.6753957586539392,
    "cagr": 0.3897987102391307,
    "annual_volatility": 0.32381712019617137,
    "sharpe_ratio": 1.0602494320429006,
    "sortino_ratio": 1.6038151684193365,
    "calmar_ratio": 1.3566796860501293,
    "max_drawdown": -0.2873181593615515,
    "max_drawdown_date": "2025-03-31",
    "win_rate": 0.5139813581890812,
    "profit_factor": 1.232119574519315,
    "num_trading_days": 751,
    "skewness": 0.3141879290952177,
    "kurtosis": 3.358085068829322,
    "best_day": 0.13618546547079413,
    "worst_day": -0.06689155981680406,
    "avg_daily_return": 0.0015180582666553828,
    "black_swan_resilience": 75.7,
    "benchmark_total_return": 0.8628177193040827,
    "benchmark_cagr": 0.23130614737691846,
    "alpha": 0.15849256286221225,
    "beta": 1.226315152097975,
    "information_ratio": 0.596379704131514,
    "tracking_error": 0.26575780792711445
  },
  "trade_metrics": {
    "num_trades": 241,
    "num_buys": 110,
    "num_sells": 131,
    "total_commission": 0.0,
    "total_slippage": 5989.13898789406,
    "total_transaction_costs": 5989.13898789406,
    "avg_trade_size": 24851.199119892357
  },
  "final_positions": {
    "GOOGL": {
      "qty": 212.0,
      "avg_cost": 212.8291723863134,
      "realized_pnl": 1698.45556640625
    },
    "SNOW": {
      "qty": 264.0,
      "avg_cost": 272.2834209095348,
      "realized_pnl": 0.0
    },
    "AAPL": {
      "qty": 235.0,
      "avg_cost": 282.8353576660156,
      "realized_pnl": 0.0
    },
    "AMZN": {
      "qty": 285.0,
      "avg_cost": 233.8800048828125,
      "realized_pnl": 0.0
    }
  },
  "source": "famous",
  "description": "High-conviction tech platform bets: concentrated, momentum-driven"
}