{
  "metrics": {
    "total_return": -0.1331739442473815,
    "cagr": -0.046824420601107364,
    "annual_volatility": 0.385512794462868,
    "sharpe_ratio": -0.039164128483123416,
    "sortino_ratio": -0.24248460731521285,
    "calmar_ratio": -0.10741612837855272,
    "max_drawdown": -0.43591610783149937,
    "max_drawdown_date": "2024-12-30 00:00:00",
    "win_rate": 0.2237017310252996,
    "profit_factor": 1.0195867562980123,
    "num_trading_days": 751,
    "skewness": 2.381123909272607,
    "kurtosis": 35.55573316983547,
    "best_day": 0.2761151095795926,
    "worst_day": -0.14104856807044186,
    "avg_daily_return": 9.573608257605761e-05,
    "benchmark_total_return": 0.28662220587013687,
    "benchmark_cagr": 0.08824475219339512,
    "alpha": -0.13506917279450248,
    "beta": 0.594165628191565,
    "information_ratio": -0.3573798015309455,
    "tracking_error": 0.3779429397405573
  },
  "trade_metrics": {
    "num_trades": 240,
    "num_buys": 121,
    "num_sells": 119,
    "total_commission": 0.0,
    "total_slippage": 6674.79691916895,
    "total_transaction_costs": 6674.79691916895,
    "avg_trade_size": 27811.653829870622
  }
}