{
  "metrics": {
    "total_return": 0.1036205977642064,
    "cagr": 0.033637588630713866,
    "annual_volatility": 0.07972718140986289,
    "sharpe_ratio": -0.03715964663236301,
    "sortino_ratio": -0.11833995396568499,
    "calmar_ratio": 0.4399431534292299,
    "max_drawdown": -0.07645894331692304,
    "max_drawdown_date": "2024-08-07 00:00:00",
    "win_rate": 0.22237017310252996,
    "profit_factor": 1.141081173383815,
    "num_trading_days": 751,
    "skewness": -0.0030348392896342113,
    "kurtosis": 26.947436000017362,
    "best_day": 0.043785811946660314,
    "worst_day": -0.052111078566236646,
    "avg_daily_return": 0.00014389337910798976,
    "benchmark_total_return": 0.2866220704304123,
    "benchmark_cagr": 0.08824471375349763,
    "alpha": -0.05460712512278376,
    "beta": 0.17279080236389044,
    "information_ratio": -0.3358401183667311,
    "tracking_error": 0.16259857633552227
  },
  "trade_metrics": {
    "num_trades": 47,
    "num_buys": 24,
    "num_sells": 23,
    "total_commission": 0.0,
    "total_slippage": 935.8924692916872,
    "total_transaction_costs": 935.8924692916872,
    "avg_trade_size": 19912.60572961036
  }
}