{
  "metrics": {
    "total_return": 0.8706536258235744,
    "cagr": 0.23386624944867695,
    "annual_volatility": 0.16742228357076164,
    "sharpe_ratio": 1.1046131569173077,
    "sortino_ratio": 1.6508573683393495,
    "calmar_ratio": 1.4485660909129277,
    "max_drawdown": -0.1614467237054319,
    "max_drawdown_date": "2023-10-26 00:00:00",
    "win_rate": 0.374167776298269,
    "profit_factor": 1.3109073999122942,
    "num_trading_days": 751,
    "skewness": 0.6997047520603817,
    "kurtosis": 4.098832762561742,
    "best_day": 0.06037629056638516,
    "worst_day": -0.033313244334708836,
    "avg_daily_return": 0.0008895262802254045,
    "benchmark_total_return": 0.28662220587013687,
    "benchmark_cagr": 0.08824475219339512,
    "alpha": 0.14562149725528184,
    "beta": 0.5025870970576831,
    "information_ratio": 0.8722596215230988,
    "tracking_error": 0.16694742443884358
  },
  "trade_metrics": {
    "num_trades": 700,
    "num_buys": 332,
    "num_sells": 368,
    "total_commission": 0.0,
    "total_slippage": 7589.855862466815,
    "total_transaction_costs": 7589.855862466815,
    "avg_trade_size": 10842.651232095446
  }
}