{
  "metrics": {
    "total_return": 1.7811389458129971,
    "cagr": 0.4079353901722662,
    "annual_volatility": 0.2326943000096787,
    "sharpe_ratio": 1.4235969270126836,
    "sortino_ratio": 2.147264798266873,
    "calmar_ratio": 1.3680606478008372,
    "max_drawdown": -0.29818516512994064,
    "max_drawdown_date": "2025-04-08",
    "win_rate": 0.5193075898801598,
    "profit_factor": 1.3167650302573657,
    "num_trading_days": 751,
    "skewness": -0.06935346696145309,
    "kurtosis": 2.1443280481540343,
    "best_day": 0.05868882698262379,
    "worst_day": -0.07804511392073155,
    "avg_daily_return": 0.0014701851422640644,
    "black_swan_resilience": 70.9,
    "benchmark_total_return": 0.8628177193040827,
    "benchmark_cagr": 0.23130614737691846,
    "alpha": 0.17662924279534775,
    "beta": 1.0769155524554341,
    "information_ratio": 1.0757816101925217,
    "tracking_error": 0.16418689548312526
  },
  "trade_metrics": {
    "num_trades": 1262,
    "num_buys": 590,
    "num_sells": 672,
    "total_commission": 0.0,
    "total_slippage": 16990.105683256617,
    "total_transaction_costs": 16990.105683256617,
    "avg_trade_size": 13462.841270409372
  },
  "final_positions": {
    "CRM": {
      "qty": 191.0,
      "avg_cost": 257.35158507464683,
      "realized_pnl": 4824.3705837301995
    },
    "AMZN": {
      "qty": 219.0,
      "avg_cost": 232.07000732421875,
      "realized_pnl": -2763.0266876220676
    },
    "NVDA": {
      "qty": 270.0,
      "avg_cost": 183.6800537109375,
      "realized_pnl": 13561.992137908934
    },
    "PLTR": {
      "qty": 276.0,
      "avg_cost": 182.16217714807263,
      "realized_pnl": 22997.32790803908
    },
    "TSLA": {
      "qty": 110.0,
      "avg_cost": 450.31495570469576,
      "realized_pnl": 27209.657075148367
    }
  },
  "source": "generic",
  "description": "Trend-following: buy strength, cut losers fast",
  "horizon": "3Y (2023-2025)",
  "composite_score": 0.6134,
  "consistency_score": 0.92,
  "n_windows_tested": 12,
  "avg_1Y_return": 0.3251,
  "avg_3Y_return": 0.7718,
  "avg_5Y_return": 1.7614,
  "avg_10Y_return": null,
  "rolling_windows": {
    "1Y_2023": {
      "ret": 0.5751,
      "sh": 1.94,
      "dd": -0.1795
    },
    "1Y_2024": {
      "ret": 0.5689,
      "sh": 1.96,
      "dd": -0.1256
    },
    "1Y_2025": {
      "ret": 0.1488,
      "sh": 0.54,
      "dd": -0.2894
    },
    "3Y_2022_2024": {
      "ret": 0.7101,
      "sh": 0.74,
      "dd": -0.314
    },
    "3Y_2023_2025": {
      "ret": 1.7811,
      "sh": 1.42,
      "dd": -0.2982
    },
    "5Y_2020_2024": {
      "ret": 2.4157,
      "sh": 1.01,
      "dd": -0.354
    },
    "1Y_2020": {
      "ret": 0.9066,
      "sh": 2.28,
      "dd": -0.1886
    },
    "1Y_2021": {
      "ret": 0.0475,
      "sh": 0.13,
      "dd": -0.1586
    },
    "1Y_2022": {
      "ret": -0.2962,
      "sh": -1.68,
      "dd": -0.314
    },
    "3Y_2020_2022": {
      "ret": 0.4039,
      "sh": 0.43,
      "dd": -0.354
    },
    "3Y_2021_2023": {
      "ret": 0.192,
      "sh": 0.2,
      "dd": -0.3535
    },
    "5Y_2021_2025": {
      "ret": 1.1072,
      "sh": 0.61,
      "dd": -0.3535
    }
  }
}