{
  "metrics": {
    "total_return": 0.013543814645392782,
    "cagr": 0.0045098439431330295,
    "annual_volatility": 0.005376772969184882,
    "sharpe_ratio": -6.452780714861664,
    "sortino_ratio": -8.28596566187171,
    "calmar_ratio": 1.0614403815906706,
    "max_drawdown": -0.00424879627848207,
    "max_drawdown_date": "2024-07-03",
    "win_rate": 0.0492676431424767,
    "profit_factor": 1.6536628917533631,
    "num_trading_days": 751,
    "skewness": 2.6289200367798435,
    "kurtosis": 53.241337059138765,
    "best_day": 0.0039975874905864295,
    "worst_day": -0.003231709466003374,
    "avg_daily_return": 1.7970748014494196e-05,
    "black_swan_resilience": 99.8,
    "benchmark_total_return": 0.8628177193040827,
    "benchmark_cagr": 0.23130614737691846,
    "alpha": -0.22679630343378543,
    "beta": 0.0005123642818952865,
    "information_ratio": -1.4772846710888503,
    "tracking_error": 0.1535224103196187
  },
  "trade_metrics": {
    "num_trades": 10,
    "num_buys": 5,
    "num_sells": 5,
    "total_commission": 0.0,
    "total_slippage": 61.3005341796875,
    "total_transaction_costs": 61.3005341796875,
    "avg_trade_size": 6130.05341796875
  },
  "final_positions": {
    "AAPL": {
      "qty": 0,
      "avg_cost": 0
    },
    "MSFT": {
      "qty": 0,
      "avg_cost": 0
    },
    "GOOGL": {
      "qty": 0,
      "avg_cost": 0
    },
    "AMZN": {
      "qty": 0,
      "avg_cost": 0
    },
    "NVDA": {
      "qty": 0,
      "avg_cost": 0
    },
    "META": {
      "qty": 0,
      "avg_cost": 0
    },
    "TSLA": {
      "qty": 0,
      "avg_cost": 0
    },
    "JPM": {
      "qty": 0,
      "avg_cost": 0
    },
    "V": {
      "qty": 0,
      "avg_cost": 0
    },
    "MA": {
      "qty": 0,
      "avg_cost": 0
    },
    "UNH": {
      "qty": 0,
      "avg_cost": 0
    },
    "JNJ": {
      "qty": 0,
      "avg_cost": 0
    }
  },
  "source": "gap_audit",
  "description": "Long stocks in top quintile of ALL of quality, momentum, and value",
  "rolling_windows": {
    "1Y_2015": {
      "ret": 0.0025,
      "sh": -13.59,
      "dd": -0.0017
    },
    "1Y_2016": {
      "ret": 0.0031,
      "sh": -7.92,
      "dd": -0.0026
    },
    "1Y_2017": {
      "ret": 0.0076,
      "sh": -6.01,
      "dd": -0.0033
    },
    "1Y_2018": {
      "ret": -0.0011,
      "sh": -14.64,
      "dd": -0.0029
    },
    "1Y_2019": {
      "ret": 0.0,
      "sh": -Infinity,
      "dd": 0.0
    },
    "1Y_2020": {
      "ret": -0.0029,
      "sh": -7.12,
      "dd": -0.0072
    },
    "1Y_2021": {
      "ret": -0.0105,
      "sh": -6.39,
      "dd": -0.0174
    },
    "1Y_2022": {
      "ret": -0.0028,
      "sh": -9.59,
      "dd": -0.0048
    },
    "1Y_2023": {
      "ret": 0.0001,
      "sh": -14.53,
      "dd": -0.0029
    },
    "1Y_2024": {
      "ret": 0.0072,
      "sh": -6.33,
      "dd": -0.0023
    },
    "1Y_2025": {
      "ret": 0.0061,
      "sh": -4.5,
      "dd": -0.0038
    },
    "3Y_2015_2017": {
      "ret": 0.0126,
      "sh": -8.13,
      "dd": -0.0061
    },
    "3Y_2016_2018": {
      "ret": 0.0089,
      "sh": -8.37,
      "dd": -0.0061
    },
    "3Y_2017_2019": {
      "ret": 0.0065,
      "sh": -10.83,
      "dd": -0.0033
    },
    "3Y_2018_2020": {
      "ret": -0.004,
      "sh": -10.77,
      "dd": -0.0093
    },
    "3Y_2019_2021": {
      "ret": -0.0134,
      "sh": -7.75,
      "dd": -0.0181
    },
    "3Y_2020_2022": {
      "ret": -0.0162,
      "sh": -7.23,
      "dd": -0.0183
    },
    "3Y_2021_2023": {
      "ret": -0.0146,
      "sh": -8.09,
      "dd": -0.0185
    },
    "3Y_2022_2024": {
      "ret": 0.0031,
      "sh": -8.97,
      "dd": -0.0071
    },
    "3Y_2023_2025": {
      "ret": 0.0135,
      "sh": -6.45,
      "dd": -0.0042
    },
    "5Y_2015_2019": {
      "ret": 0.0114,
      "sh": -10.37,
      "dd": -0.0061
    },
    "5Y_2016_2020": {
      "ret": 0.0059,
      "sh": -8.85,
      "dd": -0.0094
    },
    "5Y_2017_2021": {
      "ret": -0.007,
      "sh": -7.97,
      "dd": -0.0201
    },
    "5Y_2018_2022": {
      "ret": -0.0173,
      "sh": -8.64,
      "dd": -0.0204
    },
    "5Y_2019_2023": {
      "ret": -0.0175,
      "sh": -8.58,
      "dd": -0.0192
    },
    "5Y_2020_2024": {
      "ret": -0.0103,
      "sh": -7.52,
      "dd": -0.0206
    },
    "5Y_2021_2025": {
      "ret": -0.0012,
      "sh": -6.77,
      "dd": -0.0199
    },
    "10Y_2015_2024": {
      "ret": 0.0008,
      "sh": -8.45,
      "dd": -0.0227
    }
  }
}