{
  "metrics": {
    "total_return": 1.188425634832568,
    "cagr": 0.2994710525702715,
    "annual_volatility": 0.15536730255684977,
    "sharpe_ratio": 1.5174350216717516,
    "sortino_ratio": 2.270458110909221,
    "calmar_ratio": 2.190356366622998,
    "max_drawdown": -0.13672252476065516,
    "max_drawdown_date": "2025-03-13",
    "win_rate": 0.5672436750998668,
    "profit_factor": 1.3491275308318602,
    "num_trading_days": 751,
    "skewness": -0.06609860094202624,
    "kurtosis": 1.2171345486334566,
    "best_day": 0.04375351025044405,
    "worst_day": -0.0337715144527061,
    "avg_daily_return": 0.001091204569626322,
    "black_swan_resilience": 79.2,
    "benchmark_total_return": 0.8628177193040827,
    "benchmark_cagr": 0.23130614737691846,
    "alpha": 0.06816490519335305,
    "beta": 0.7334082078172383,
    "information_ratio": 0.594680315548317,
    "tracking_error": 0.11462445184603516
  },
  "trade_metrics": {
    "num_trades": 389,
    "num_buys": 185,
    "num_sells": 204,
    "total_commission": 0.0,
    "total_slippage": 3152.107132617951,
    "total_transaction_costs": 3152.107132617951,
    "avg_trade_size": 8103.103168683677
  },
  "final_positions": {
    "JPM": {
      "qty": 86.0,
      "avg_cost": 267.1393280789702,
      "realized_pnl": 6402.867941720149
    },
    "AVGO": {
      "qty": 68.0,
      "avg_cost": 295.6006649241728,
      "realized_pnl": 11924.476257324219
    },
    "GS": {
      "qty": 33.0,
      "avg_cost": 627.9599322150735,
      "realized_pnl": 9350.69573795094
    },
    "AAPL": {
      "qty": 93.0,
      "avg_cost": 235.0413086593792,
      "realized_pnl": 1393.735809326171
    },
    "GOOGL": {
      "qty": 84.0,
      "avg_cost": 196.19024058750696,
      "realized_pnl": 4888.685760498045
    },
    "AMZN": {
      "qty": 113.0,
      "avg_cost": 249.54867364663994,
      "realized_pnl": 3860.5217895507803
    }
  },
  "source": "political",
  "description": "Congressional Dem trading: tech-heavy quality momentum, +74% since 2023",
  "horizon": "3Y (2023-2025)",
  "consistency_score": 1.0,
  "windows_tested": 6,
  "composite_score": 0.6184,
  "rolling_windows": {
    "1Y_2023": {
      "ret": 0.4482,
      "sh": 2.26,
      "dd": -0.093
    },
    "1Y_2024": {
      "ret": 0.3542,
      "sh": 1.68,
      "dd": -0.1025
    },
    "1Y_2025": {
      "ret": 0.1373,
      "sh": 0.7,
      "dd": -0.1362
    },
    "3Y_2022_2024": {
      "ret": 0.6142,
      "sh": 0.86,
      "dd": -0.2066
    },
    "3Y_2023_2025": {
      "ret": 1.1884,
      "sh": 1.52,
      "dd": -0.1367
    },
    "5Y_2020_2024": {
      "ret": 1.6149,
      "sh": 0.94,
      "dd": -0.2155
    }
  }
}