{
  "metrics": {
    "total_return": 0.27401934425360297,
    "cagr": 0.08437392984672276,
    "annual_volatility": 0.0793589021115894,
    "sharpe_ratio": 0.5695931062913551,
    "sortino_ratio": 0.7885824281263113,
    "calmar_ratio": 0.9649854030925119,
    "max_drawdown": -0.08743544677082948,
    "max_drawdown_date": "2025-04-08",
    "win_rate": 0.5565912117177098,
    "profit_factor": 1.2026133001759527,
    "num_trading_days": 751,
    "skewness": -0.5739089530185738,
    "kurtosis": 3.6966024375667033,
    "best_day": 0.01932919215300344,
    "worst_day": -0.031205871683202324,
    "avg_daily_return": 0.00033502400392464285,
    "black_swan_resilience": 75.6,
    "benchmark_total_return": 0.8628177193040827,
    "benchmark_cagr": 0.23130614737691846,
    "alpha": -0.1469322175301957,
    "beta": 0.3647953789042109,
    "information_ratio": -1.3053625710740746,
    "tracking_error": 0.11256046464492801
  },
  "trade_metrics": {
    "num_trades": 1906,
    "num_buys": 914,
    "num_sells": 992,
    "total_commission": 0.0,
    "total_slippage": 18072.793678098646,
    "total_transaction_costs": 18072.793678098646,
    "avg_trade_size": 9482.053346326695
  },
  "final_positions": {
    "SPY": {
      "qty": 47.0,
      "avg_cost": 678.5086186862161,
      "realized_pnl": -422.8365599314368
    },
    "QQQ": {
      "qty": 42.0,
      "avg_cost": 615.4337041945685,
      "realized_pnl": 8.85076904296875
    },
    "TLT": {
      "qty": 148.0,
      "avg_cost": 86.39308777007697,
      "realized_pnl": 1.3628801691451997
    },
    "GLD": {
      "qty": 32.0,
      "avg_cost": 407.92907333374023,
      "realized_pnl": 0.0
    }
  },
  "source": "news_event",
  "description": "Non-farm payroll surprise momentum: trade direction of NFP reaction"
}