{
  "metrics": {
    "total_return": 0.27401934425360297,
    "cagr": 0.08437392984672276,
    "annual_volatility": 0.0793589021115894,
    "sharpe_ratio": 0.5695931062913551,
    "sortino_ratio": 0.7885824281263113,
    "calmar_ratio": 0.9649854030925119,
    "max_drawdown": -0.08743544677082948,
    "max_drawdown_date": "2025-04-08",
    "win_rate": 0.5565912117177098,
    "profit_factor": 1.2026133001759527,
    "num_trading_days": 751,
    "skewness": -0.5739089530185738,
    "kurtosis": 3.6966024375667033,
    "best_day": 0.01932919215300344,
    "worst_day": -0.031205871683202324,
    "avg_daily_return": 0.00033502400392464285,
    "black_swan_resilience": 75.6,
    "benchmark_total_return": 0.8628177193040827,
    "benchmark_cagr": 0.23130614737691846,
    "alpha": -0.1469322175301957,
    "beta": 0.3647953789042109,
    "information_ratio": -1.3053625710740746,
    "tracking_error": 0.11256046464492801
  },
  "trade_metrics": {
    "num_trades": 1906,
    "num_buys": 914,
    "num_sells": 992,
    "total_commission": 0.0,
    "total_slippage": 18072.793678098646,
    "total_transaction_costs": 18072.793678098646,
    "avg_trade_size": 9482.053346326695
  },
  "final_positions": {
    "SPY": {
      "qty": 47.0,
      "avg_cost": 678.5086186862161,
      "realized_pnl": -422.8365599314368
    },
    "QQQ": {
      "qty": 42.0,
      "avg_cost": 615.4337041945685,
      "realized_pnl": 8.85076904296875
    },
    "TLT": {
      "qty": 148.0,
      "avg_cost": 86.39308777007697,
      "realized_pnl": 1.3628801691451997
    },
    "GLD": {
      "qty": 32.0,
      "avg_cost": 407.92907333374023,
      "realized_pnl": 0.0
    }
  },
  "source": "news_event",
  "description": "Non-farm payroll surprise momentum: trade direction of NFP reaction",
  "rolling_windows": {
    "1Y_2015": {
      "ret": -0.1035,
      "sh": -2.42,
      "dd": -0.1263
    },
    "1Y_2016": {
      "ret": 0.0315,
      "sh": -0.09,
      "dd": -0.0578
    },
    "1Y_2017": {
      "ret": 0.021,
      "sh": -0.3,
      "dd": -0.0674
    },
    "1Y_2018": {
      "ret": -0.0418,
      "sh": -1.33,
      "dd": -0.0836
    },
    "1Y_2019": {
      "ret": 0.1518,
      "sh": 1.77,
      "dd": -0.0309
    },
    "1Y_2020": {
      "ret": 0.1076,
      "sh": 0.54,
      "dd": -0.1467
    },
    "1Y_2021": {
      "ret": -0.0788,
      "sh": -1.57,
      "dd": -0.1051
    },
    "1Y_2022": {
      "ret": -0.2204,
      "sh": -2.6,
      "dd": -0.2233
    },
    "1Y_2023": {
      "ret": 0.1164,
      "sh": 1.01,
      "dd": -0.0599
    },
    "1Y_2024": {
      "ret": 0.101,
      "sh": 0.74,
      "dd": -0.0479
    },
    "1Y_2025": {
      "ret": 0.0392,
      "sh": 0.04,
      "dd": -0.0726
    },
    "3Y_2015_2017": {
      "ret": -0.0499,
      "sh": -0.9,
      "dd": -0.1412
    },
    "3Y_2016_2018": {
      "ret": 0.0194,
      "sh": -0.51,
      "dd": -0.0835
    },
    "3Y_2017_2019": {
      "ret": 0.134,
      "sh": 0.08,
      "dd": -0.0837
    },
    "3Y_2018_2020": {
      "ret": 0.2328,
      "sh": 0.38,
      "dd": -0.1465
    },
    "3Y_2019_2021": {
      "ret": 0.1784,
      "sh": 0.21,
      "dd": -0.1467
    },
    "3Y_2020_2022": {
      "ret": -0.2098,
      "sh": -1.03,
      "dd": -0.2981
    },
    "3Y_2021_2023": {
      "ret": -0.196,
      "sh": -1.23,
      "dd": -0.2975
    },
    "3Y_2022_2024": {
      "ret": -0.0426,
      "sh": -0.55,
      "dd": -0.2233
    },
    "3Y_2023_2025": {
      "ret": 0.274,
      "sh": 0.57,
      "dd": -0.0874
    },
    "5Y_2015_2019": {
      "ret": 0.0552,
      "sh": -0.44,
      "dd": -0.1412
    },
    "5Y_2016_2020": {
      "ret": 0.3121,
      "sh": 0.23,
      "dd": -0.1463
    },
    "5Y_2017_2021": {
      "ret": 0.1602,
      "sh": -0.07,
      "dd": -0.1464
    },
    "5Y_2018_2022": {
      "ret": -0.1204,
      "sh": -0.66,
      "dd": -0.298
    },
    "5Y_2019_2023": {
      "ret": 0.0287,
      "sh": -0.31,
      "dd": -0.2977
    },
    "5Y_2020_2024": {
      "ret": -0.0296,
      "sh": -0.41,
      "dd": -0.2981
    },
    "5Y_2021_2025": {
      "ret": -0.0827,
      "sh": -0.62,
      "dd": -0.2975
    },
    "10Y_2015_2024": {
      "ret": 0.0307,
      "sh": -0.41,
      "dd": -0.2983
    }
  }
}