{
  "metrics": {
    "total_return": 0.5446178472863583,
    "cagr": 0.15652890319585677,
    "annual_volatility": 0.1167337011089115,
    "sharpe_ratio": 0.972688905540151,
    "sortino_ratio": 1.3401448581166173,
    "calmar_ratio": 0.5746723568249531,
    "max_drawdown": -0.2723793851172416,
    "max_drawdown_date": "2025-04-04",
    "win_rate": 0.5552596537949401,
    "profit_factor": 1.2944063134385315,
    "num_trading_days": 751,
    "skewness": -1.0445947201644976,
    "kurtosis": 7.223412062512635,
    "best_day": 0.026312712405728744,
    "worst_day": -0.04954833357298194,
    "avg_daily_return": 0.0006062275452169701,
    "black_swan_resilience": 60.8,
    "benchmark_total_return": 0.8628177193040827,
    "benchmark_cagr": 0.23130614737691846,
    "alpha": -0.07477724418106169,
    "beta": 0.5251351097197038,
    "information_ratio": -0.6703804988200318,
    "tracking_error": 0.11154448005674482
  },
  "trade_metrics": {
    "num_trades": 671,
    "num_buys": 299,
    "num_sells": 372,
    "total_commission": 0.0,
    "total_slippage": 3382.0633295745815,
    "total_transaction_costs": 3382.0633295745815,
    "avg_trade_size": 5040.332830960633
  },
  "final_positions": {
    "AAPL": {
      "qty": 45.0,
      "avg_cost": 230.2950871625864,
      "realized_pnl": 3898.4153358905946
    },
    "MSFT": {
      "qty": 25.0,
      "avg_cost": 490.83507253644615,
      "realized_pnl": 6293.874600886755
    },
    "GOOGL": {
      "qty": 39.0,
      "avg_cost": 192.53810692782451,
      "realized_pnl": 6934.3162940865195
    }
  },
  "source": "unconventional",
  "description": "When energy crashes, capital rotates to tech. Lower oil = lower costs + Fed easing expectations.",
  "horizon": "3Y (2023-2025)",
  "consistency_score": 0.83,
  "windows_tested": 6,
  "composite_score": 0.3485,
  "rolling_windows": {
    "1Y_2023": {
      "ret": 0.3897,
      "sh": 2.69,
      "dd": -0.0556
    },
    "1Y_2024": {
      "ret": 0.2251,
      "sh": 1.58,
      "dd": -0.0446
    },
    "1Y_2025": {
      "ret": -0.0892,
      "sh": -0.98,
      "dd": -0.2513
    },
    "3Y_2022_2024": {
      "ret": 0.5502,
      "sh": 1.11,
      "dd": -0.0928
    },
    "3Y_2023_2025": {
      "ret": 0.5446,
      "sh": 0.97,
      "dd": -0.2724
    },
    "5Y_2020_2024": {
      "ret": 1.3573,
      "sh": 0.94,
      "dd": -0.2076
    }
  }
}