{
  "metrics": {
    "total_return": 2.4612,
    "sharpe_ratio": 1.55,
    "max_drawdown": -0.3166
  },
  "final_positions": {
    "TSM": {
      "qty": 45.0,
      "avg_cost": 200.5796083374323,
      "realized_pnl": 12858.770958558476
    },
    "ORCL": {
      "qty": 129.0,
      "avg_cost": 187.51944355429234,
      "realized_pnl": 17662.34564373564
    },
    "CRM": {
      "qty": 56.0,
      "avg_cost": 264.5973731220283,
      "realized_pnl": -1378.3442090482552
    },
    "MSFT": {
      "qty": 80.0,
      "avg_cost": 452.33022521162195,
      "realized_pnl": 597.5945916367971
    },
    "NOW": {
      "qty": 79.0,
      "avg_cost": 174.5794093284759,
      "realized_pnl": 2688.591406407604
    },
    "ADBE": {
      "qty": 40.0,
      "avg_cost": 379.4442101997171,
      "realized_pnl": -5567.15072042929
    },
    "ANET": {
      "qty": 101.0,
      "avg_cost": 105.29578240190479,
      "realized_pnl": 2056.069136728125
    },
    "CEG": {
      "qty": 36.0,
      "avg_cost": 286.0189374585241,
      "realized_pnl": 4067.3797007773737
    },
    "VST": {
      "qty": 75.0,
      "avg_cost": 160.22122180605194,
      "realized_pnl": 5324.110022294717
    },
    "VRT": {
      "qty": 144.0,
      "avg_cost": 123.28676992593039,
      "realized_pnl": 2451.382927805656
    },
    "AMD": {
      "qty": 59.0,
      "avg_cost": 166.4510274871765,
      "realized_pnl": 4801.920184426517
    },
    "EQIX": {
      "qty": 18.0,
      "avg_cost": 826.275811767578,
      "realized_pnl": -1558.1317626953119
    },
    "DLR": {
      "qty": 84.0,
      "avg_cost": 166.88095932970813,
      "realized_pnl": -526.3532981404542
    },
    "AVGO": {
      "qty": 67.0,
      "avg_cost": 286.95782507603275,
      "realized_pnl": 1248.0778140297418
    },
    "ASML": {
      "qty": 24.0,
      "avg_cost": 1068.9383544921875,
      "realized_pnl": 0.0
    },
    "MU": {
      "qty": 108.0,
      "avg_cost": 240.26197814941406,
      "realized_pnl": 0.0
    },
    "NVDA": {
      "qty": 72.0,
      "avg_cost": 179.90025329589844,
      "realized_pnl": 0.0
    }
  },
  "rolling_windows": {
    "1Y_2015": {
      "ret": 0.1169,
      "sh": 0.51,
      "dd": -0.1443
    },
    "1Y_2016": {
      "ret": 0.4109,
      "sh": 1.83,
      "dd": -0.1311
    },
    "1Y_2017": {
      "ret": 0.3942,
      "sh": 2.33,
      "dd": -0.079
    },
    "1Y_2018": {
      "ret": 0.0416,
      "sh": 0.12,
      "dd": -0.2057
    },
    "1Y_2019": {
      "ret": 0.3945,
      "sh": 1.93,
      "dd": -0.0907
    },
    "1Y_2020": {
      "ret": 0.4808,
      "sh": 1.25,
      "dd": -0.2482
    },
    "1Y_2021": {
      "ret": 0.404,
      "sh": 1.89,
      "dd": -0.091
    },
    "1Y_2022": {
      "ret": -0.2887,
      "sh": -1.15,
      "dd": -0.3703
    },
    "1Y_2023": {
      "ret": 0.7296,
      "sh": 2.74,
      "dd": -0.0662
    },
    "1Y_2024": {
      "ret": 0.605,
      "sh": 1.67,
      "dd": -0.1577
    },
    "1Y_2025": {
      "ret": 0.2401,
      "sh": 0.74,
      "dd": -0.3164
    },
    "3Y_2015_2017": {
      "ret": 1.1739,
      "sh": 1.46,
      "dd": -0.1572
    },
    "3Y_2016_2018": {
      "ret": 1.0757,
      "sh": 1.25,
      "dd": -0.2058
    },
    "3Y_2017_2019": {
      "ret": 1.0347,
      "sh": 1.24,
      "dd": -0.2058
    },
    "3Y_2018_2020": {
      "ret": 1.1855,
      "sh": 1.03,
      "dd": -0.2489
    },
    "3Y_2019_2021": {
      "ret": 1.9152,
      "sh": 1.49,
      "dd": -0.2487
    },
    "3Y_2020_2022": {
      "ret": 0.4667,
      "sh": 0.46,
      "dd": -0.3752
    },
    "3Y_2021_2023": {
      "ret": 0.6506,
      "sh": 0.67,
      "dd": -0.3747
    },
    "3Y_2022_2024": {
      "ret": 0.8772,
      "sh": 0.78,
      "dd": -0.3703
    },
    "3Y_2023_2025": {
      "ret": 2.4612,
      "sh": 1.55,
      "dd": -0.3166
    },
    "5Y_2015_2019": {
      "ret": 2.1742,
      "sh": 1.21,
      "dd": -0.2057
    },
    "5Y_2016_2020": {
      "ret": 3.3558,
      "sh": 1.31,
      "dd": -0.2488
    },
    "5Y_2017_2021": {
      "ret": 3.2569,
      "sh": 1.29,
      "dd": -0.2486
    },
    "5Y_2018_2022": {
      "ret": 1.1662,
      "sh": 0.6,
      "dd": -0.3742
    },
    "5Y_2019_2023": {
      "ret": 2.4325,
      "sh": 0.98,
      "dd": -0.3744
    },
    "5Y_2020_2024": {
      "ret": 2.8575,
      "sh": 1.01,
      "dd": -0.3752
    },
    "5Y_2021_2025": {
      "ret": 2.306,
      "sh": 0.91,
      "dd": -0.3747
    },
    "10Y_2015_2024": {
      "ret": 11.5072,
      "sh": 1.08,
      "dd": -0.3746
    }
  },
  "source": "ai_ecosystem_backtest"
}