{
  "metrics": {
    "total_return": -0.24673319692761442,
    "cagr": -0.09041751810558707,
    "annual_volatility": 0.09096301128426149,
    "sharpe_ratio": -1.4307464863178299,
    "sortino_ratio": -1.8935507288335987,
    "calmar_ratio": -0.3156735092531213,
    "max_drawdown": -0.2864273227091926,
    "max_drawdown_date": "2025-12-31",
    "win_rate": 0.44607190412782954,
    "profit_factor": 0.8344622170063856,
    "num_trading_days": 751,
    "skewness": -0.08877965438930908,
    "kurtosis": 2.9688950801453453,
    "best_day": 0.02285459333263451,
    "worst_day": -0.027694847299674752,
    "avg_daily_return": -0.00036079858474780954,
    "black_swan_resilience": 71.7,
    "benchmark_total_return": 0.8628177193040827,
    "benchmark_cagr": 0.23130614737691846,
    "alpha": -0.3217236654825055,
    "beta": 0.3556037863622478,
    "information_ratio": -2.6199307929453615,
    "tracking_error": 0.12279853588072051
  },
  "trade_metrics": {
    "num_trades": 5610,
    "num_buys": 2807,
    "num_sells": 2803,
    "total_commission": 0.0,
    "total_slippage": 61115.62011067182,
    "total_transaction_costs": 61115.62011067182,
    "avg_trade_size": 10894.04993060107
  },
  "final_positions": {
    "SPY": {
      "qty": 13.0,
      "avg_cost": 680.062744140625,
      "realized_pnl": 0.0
    },
    "META": {
      "qty": 14.0,
      "avg_cost": 659.5253295898438,
      "realized_pnl": 0.0
    },
    "GOOGL": {
      "qty": 29.0,
      "avg_cost": 312.7798156738281,
      "realized_pnl": 0.0
    },
    "JPM": {
      "qty": 28.0,
      "avg_cost": 319.1398010253906,
      "realized_pnl": 0.0
    }
  },
  "source": "math",
  "description": "Secretary problem applied to exits: sell after peak exceeds 37th pctile"
}