{
  "metrics": {
    "total_return": 0.32285378047902946,
    "cagr": 0.07265820557278158,
    "annual_volatility": 0.08624755013206885,
    "sharpe_ratio": 0.4042505271519086,
    "sortino_ratio": 0.5849903337080875,
    "calmar_ratio": 0.6825888182099951,
    "max_drawdown": -0.10644505686940309,
    "max_drawdown_date": "2022-09-30",
    "win_rate": 0.530938123752495,
    "profit_factor": 1.1633850055657702,
    "num_trading_days": 1002,
    "skewness": 0.14908757175759238,
    "kurtosis": 4.039968499970362,
    "best_day": 0.033619256985115475,
    "worst_day": -0.024244243265021503,
    "avg_daily_return": 0.0002940054882136814,
    "black_swan_resilience": 83.7,
    "benchmark_total_return": 0.509089291202014,
    "benchmark_cagr": 0.10866769719837444,
    "alpha": -0.03600949162559286,
    "beta": 0.41164251592210666,
    "information_ratio": -0.313748560357943,
    "tracking_error": 0.11477181468023659
  },
  "trade_metrics": {
    "num_trades": 1489,
    "num_buys": 755,
    "num_sells": 734,
    "total_commission": 0.0,
    "total_slippage": 4218.490775451661,
    "total_transaction_costs": 4218.490775451661,
    "avg_trade_size": 2833.1032743127334
  },
  "final_positions": {
    "XOM": {
      "qty": 66.0,
      "avg_cost": 108.58096774796557,
      "realized_pnl": 5027.722663174806
    },
    "CVX": {
      "qty": 53.0,
      "avg_cost": 150.62277858446842,
      "realized_pnl": 4161.070360069601
    },
    "KO": {
      "qty": 114.0,
      "avg_cost": 67.50455353785983,
      "realized_pnl": 953.1732590472174
    },
    "PEP": {
      "qty": 56.0,
      "avg_cost": 143.99564978246107,
      "realized_pnl": -1140.8827875972224
    },
    "JPM": {
      "qty": 25.0,
      "avg_cost": 320.0014953613281,
      "realized_pnl": 5887.171348571781
    },
    "BAC": {
      "qty": 144.0,
      "avg_cost": 55.56221993764242,
      "realized_pnl": 2678.1119270324684
    },
    "GOOGL": {
      "qty": 25.0,
      "avg_cost": 314.21435194749097,
      "realized_pnl": 7523.306369488054
    },
    "META": {
      "qty": 12.0,
      "avg_cost": 639.7999267578125,
      "realized_pnl": 3686.5661392211896
    }
  },
  "source": "generic",
  "description": "Relative value: long laggard vs leader in correlated pairs",
  "horizon": "4Y (2022-2025)"
}