{
  "metrics": {
    "total_return": 0.10053572244789044,
    "cagr": 0.032560890933030384,
    "annual_volatility": 0.10766974018093615,
    "sharpe_ratio": -0.011926339689441907,
    "sortino_ratio": -0.016778924094843325,
    "calmar_ratio": 0.23093246829124656,
    "max_drawdown": -0.140997457715497,
    "max_drawdown_date": "2025-04-10",
    "win_rate": 0.5139813581890812,
    "profit_factor": 1.0663474705969294,
    "num_trading_days": 751,
    "skewness": -0.151279092864346,
    "kurtosis": 4.298116583746593,
    "best_day": 0.031056508963246854,
    "worst_day": -0.0408150085520631,
    "avg_daily_return": 0.00015055420447510488,
    "black_swan_resilience": 78.1,
    "benchmark_total_return": 0.8628177193040827,
    "benchmark_cagr": 0.23130614737691846,
    "alpha": -0.19874525644388807,
    "beta": 0.2899581953775981,
    "information_ratio": -1.3556906553278323,
    "tracking_error": 0.14660074233220086
  },
  "trade_metrics": {
    "num_trades": 1039,
    "num_buys": 539,
    "num_sells": 500,
    "total_commission": 0.0,
    "total_slippage": 4241.296434089191,
    "total_transaction_costs": 4241.296434089191,
    "avg_trade_size": 4082.0947392581174
  },
  "final_positions": {
    "TAK": {
      "qty": 748.0,
      "avg_cost": 14.512527701151368,
      "realized_pnl": 1028.4237132819671
    }
  },
  "source": "unconventional",
  "description": "BMY 7x earnings, PFE post-COVID: market overprices patent cliffs by 2-3x",
  "horizon": "3Y (2023-2025)",
  "consistency_score": 0.5,
  "windows_tested": 6,
  "composite_score": 0.0569,
  "rolling_windows": {
    "1Y_2023": {
      "ret": -0.0267,
      "sh": -0.69,
      "dd": -0.0962
    },
    "1Y_2024": {
      "ret": -0.0332,
      "sh": -0.86,
      "dd": -0.0777
    },
    "1Y_2025": {
      "ret": 0.1576,
      "sh": 0.84,
      "dd": -0.1218
    },
    "3Y_2022_2024": {
      "ret": 0.1118,
      "sh": 0.02,
      "dd": -0.096
    },
    "3Y_2023_2025": {
      "ret": 0.1005,
      "sh": -0.01,
      "dd": -0.141
    },
    "5Y_2020_2024": {
      "ret": 0.4617,
      "sh": 0.34,
      "dd": -0.1547
    }
  }
}