{
  "metrics": {
    "total_return": 0.4648311122777171,
    "cagr": 0.1361934823404325,
    "annual_volatility": 0.07547741822680086,
    "sharpe_ratio": 1.2155151489689693,
    "sortino_ratio": 1.8259060788482158,
    "calmar_ratio": 1.7363401419863933,
    "max_drawdown": -0.07843709826614131,
    "max_drawdown_date": "2023-10-03",
    "win_rate": 0.5739014647137151,
    "profit_factor": 1.335028536419975,
    "num_trading_days": 751,
    "skewness": 0.22410520385914492,
    "kurtosis": 3.209192828832644,
    "best_day": 0.03277188860143365,
    "worst_day": -0.016777573737014495,
    "avg_daily_return": 0.000519713137631513,
    "black_swan_resilience": 86.1,
    "benchmark_total_return": 0.8628177193040827,
    "benchmark_cagr": 0.23130614737691846,
    "alpha": -0.09511266503648597,
    "beta": 0.27838552624687574,
    "information_ratio": -0.748634367232305,
    "tracking_error": 0.12704822166809773
  },
  "trade_metrics": {
    "num_trades": 132,
    "num_buys": 72,
    "num_sells": 60,
    "total_commission": 0.0,
    "total_slippage": 180.97299446105964,
    "total_transaction_costs": 180.97299446105964,
    "avg_trade_size": 1371.0075337959058
  },
  "final_positions": {
    "VTI": {
      "qty": 105.0,
      "avg_cost": 197.68459617395374,
      "realized_pnl": 3180.917357786625
    },
    "TLT": {
      "qty": 401.0,
      "avg_cost": 87.0761476770401,
      "realized_pnl": 29.789307848544127
    },
    "GLD": {
      "qty": 90.0,
      "avg_cost": 180.5152001244887,
      "realized_pnl": 6317.338378635621
    },
    "SHY": {
      "qty": 428.0,
      "avg_cost": 73.95417048148789,
      "realized_pnl": 102.8053457154852
    }
  },
  "source": "portfolio",
  "description": "25/25/25/25 stocks/bonds/gold/cash \u2014 works in ALL regimes"
}