{
  "metrics": {
    "total_return": 0.4648311122777171,
    "cagr": 0.1361934823404325,
    "annual_volatility": 0.07547741822680086,
    "sharpe_ratio": 1.2155151489689693,
    "sortino_ratio": 1.8259060788482158,
    "calmar_ratio": 1.7363401419863933,
    "max_drawdown": -0.07843709826614131,
    "max_drawdown_date": "2023-10-03",
    "win_rate": 0.5739014647137151,
    "profit_factor": 1.335028536419975,
    "num_trading_days": 751,
    "skewness": 0.22410520385914492,
    "kurtosis": 3.209192828832644,
    "best_day": 0.03277188860143365,
    "worst_day": -0.016777573737014495,
    "avg_daily_return": 0.000519713137631513,
    "black_swan_resilience": 86.1,
    "benchmark_total_return": 0.8628177193040827,
    "benchmark_cagr": 0.23130614737691846,
    "alpha": -0.09511266503648597,
    "beta": 0.27838552624687574,
    "information_ratio": -0.748634367232305,
    "tracking_error": 0.12704822166809773
  },
  "trade_metrics": {
    "num_trades": 132,
    "num_buys": 72,
    "num_sells": 60,
    "total_commission": 0.0,
    "total_slippage": 180.97299446105964,
    "total_transaction_costs": 180.97299446105964,
    "avg_trade_size": 1371.0075337959058
  },
  "final_positions": {
    "VTI": {
      "qty": 105.0,
      "avg_cost": 197.68459617395374,
      "realized_pnl": 3180.917357786625
    },
    "TLT": {
      "qty": 401.0,
      "avg_cost": 87.0761476770401,
      "realized_pnl": 29.789307848544127
    },
    "GLD": {
      "qty": 90.0,
      "avg_cost": 180.5152001244887,
      "realized_pnl": 6317.338378635621
    },
    "SHY": {
      "qty": 428.0,
      "avg_cost": 73.95417048148789,
      "realized_pnl": 102.8053457154852
    }
  },
  "source": "portfolio",
  "description": "25/25/25/25 stocks/bonds/gold/cash \u2014 works in ALL regimes",
  "rolling_windows": {
    "1Y_2015": {
      "ret": -0.0268,
      "sh": -1.1,
      "dd": -0.0615
    },
    "1Y_2016": {
      "ret": 0.0573,
      "sh": 0.32,
      "dd": -0.0716
    },
    "1Y_2017": {
      "ret": 0.0981,
      "sh": 1.37,
      "dd": -0.022
    },
    "1Y_2018": {
      "ret": -0.0154,
      "sh": -1.14,
      "dd": -0.0479
    },
    "1Y_2019": {
      "ret": 0.1575,
      "sh": 2.23,
      "dd": -0.0238
    },
    "1Y_2020": {
      "ret": 0.1658,
      "sh": 1.23,
      "dd": -0.1077
    },
    "1Y_2021": {
      "ret": 0.0347,
      "sh": -0.05,
      "dd": -0.055
    },
    "1Y_2022": {
      "ret": -0.1284,
      "sh": -1.68,
      "dd": -0.1764
    },
    "1Y_2023": {
      "ret": 0.1041,
      "sh": 0.81,
      "dd": -0.0784
    },
    "1Y_2024": {
      "ret": 0.1106,
      "sh": 0.97,
      "dd": -0.0312
    },
    "1Y_2025": {
      "ret": 0.1953,
      "sh": 1.88,
      "dd": -0.0479
    },
    "3Y_2015_2017": {
      "ret": 0.137,
      "sh": 0.1,
      "dd": -0.0717
    },
    "3Y_2016_2018": {
      "ret": 0.1504,
      "sh": 0.18,
      "dd": -0.0716
    },
    "3Y_2017_2019": {
      "ret": 0.2556,
      "sh": 0.83,
      "dd": -0.0479
    },
    "3Y_2018_2020": {
      "ret": 0.3396,
      "sh": 0.89,
      "dd": -0.1074
    },
    "3Y_2019_2021": {
      "ret": 0.408,
      "sh": 1.08,
      "dd": -0.1077
    },
    "3Y_2020_2022": {
      "ret": 0.044,
      "sh": -0.23,
      "dd": -0.1867
    },
    "3Y_2021_2023": {
      "ret": -0.0075,
      "sh": -0.46,
      "dd": -0.1867
    },
    "3Y_2022_2024": {
      "ret": 0.0704,
      "sh": -0.15,
      "dd": -0.1764
    },
    "3Y_2023_2025": {
      "ret": 0.4648,
      "sh": 1.22,
      "dd": -0.0784
    },
    "5Y_2015_2019": {
      "ret": 0.3,
      "sh": 0.29,
      "dd": -0.0717
    },
    "5Y_2016_2020": {
      "ret": 0.5651,
      "sh": 0.85,
      "dd": -0.1077
    },
    "5Y_2017_2021": {
      "ret": 0.5271,
      "sh": 0.76,
      "dd": -0.1075
    },
    "5Y_2018_2022": {
      "ret": 0.1999,
      "sh": 0.0,
      "dd": -0.1865
    },
    "5Y_2019_2023": {
      "ret": 0.3507,
      "sh": 0.3,
      "dd": -0.1865
    },
    "5Y_2020_2024": {
      "ret": 0.2822,
      "sh": 0.17,
      "dd": -0.1867
    },
    "5Y_2021_2025": {
      "ret": 0.3167,
      "sh": 0.24,
      "dd": -0.1867
    },
    "10Y_2015_2024": {
      "ret": 0.6779,
      "sh": 0.22,
      "dd": -0.1866
    }
  },
  "composite_score": 0.1358,
  "hodl_composite": 0.2101,
  "consistency_score": 0.7142857142857143
}