{
  "metrics": {
    "total_return": 0.3761265003692382,
    "cagr": 0.11270021866192703,
    "annual_volatility": 0.17225544825576225,
    "sharpe_ratio": 0.48061819913688375,
    "sortino_ratio": 0.6815029819622561,
    "calmar_ratio": 0.568488545538581,
    "max_drawdown": -0.19824536403834814,
    "max_drawdown_date": "2025-04-28",
    "win_rate": 0.46604527296937415,
    "profit_factor": 1.144646938930929,
    "num_trading_days": 751,
    "skewness": -0.38927858784664515,
    "kurtosis": 5.074352771111629,
    "best_day": 0.04852986852964847,
    "worst_day": -0.06875537076706639,
    "avg_daily_return": 0.0004841780506174577,
    "black_swan_resilience": 72.1,
    "benchmark_total_return": 0.8628177193040827,
    "benchmark_cagr": 0.23130614737691846,
    "alpha": -0.11860592871499143,
    "beta": 0.5526691561223711,
    "information_ratio": -0.7192901631336528,
    "tracking_error": 0.16489302202920994
  },
  "trade_metrics": {
    "num_trades": 571,
    "num_buys": 252,
    "num_sells": 319,
    "total_commission": 0.0,
    "total_slippage": 4454.3722565593725,
    "total_transaction_costs": 4454.3722565593725,
    "avg_trade_size": 7801.002200629373
  },
  "final_positions": {
    "KLAC": {
      "qty": 17.0,
      "avg_cost": 1125.29527859158,
      "realized_pnl": 237.49214816623225
    },
    "LRCX": {
      "qty": 120.0,
      "avg_cost": 138.12123364079608,
      "realized_pnl": 915.2119162900605
    },
    "FLEX": {
      "qty": 337.0,
      "avg_cost": 67.23934798424605,
      "realized_pnl": 0.8099899291992188
    },
    "KEYS": {
      "qty": 102.0,
      "avg_cost": 203.7100067138672,
      "realized_pnl": 3.1399993896484375
    },
    "ENTG": {
      "qty": 245.0,
      "avg_cost": 85.8686294555664,
      "realized_pnl": 0.0
    }
  },
  "source": "theme",
  "description": "Levi Strauss principle: sell tools to AI miners, don't mine",
  "rolling_windows": {
    "1Y_2015": {
      "ret": -0.0872,
      "sh": -1.53,
      "dd": -0.1066
    },
    "1Y_2016": {
      "ret": 0.1419,
      "sh": 0.9,
      "dd": -0.0665
    },
    "1Y_2017": {
      "ret": 0.2906,
      "sh": 1.7,
      "dd": -0.0938
    },
    "1Y_2018": {
      "ret": -0.1574,
      "sh": -1.77,
      "dd": -0.1982
    },
    "1Y_2019": {
      "ret": 0.2949,
      "sh": 1.53,
      "dd": -0.0955
    },
    "1Y_2020": {
      "ret": 0.4264,
      "sh": 1.62,
      "dd": -0.0953
    },
    "1Y_2021": {
      "ret": -0.041,
      "sh": -0.28,
      "dd": -0.2153
    },
    "1Y_2022": {
      "ret": -0.1768,
      "sh": -2.21,
      "dd": -0.1957
    },
    "1Y_2023": {
      "ret": 0.2753,
      "sh": 1.39,
      "dd": -0.0806
    },
    "1Y_2024": {
      "ret": -0.0035,
      "sh": -0.14,
      "dd": -0.1668
    },
    "1Y_2025": {
      "ret": 0.1115,
      "sh": 0.47,
      "dd": -0.0798
    },
    "3Y_2015_2017": {
      "ret": 0.3457,
      "sh": 0.6,
      "dd": -0.1278
    },
    "3Y_2016_2018": {
      "ret": 0.2495,
      "sh": 0.35,
      "dd": -0.2356
    },
    "3Y_2017_2019": {
      "ret": 0.4075,
      "sh": 0.63,
      "dd": -0.2425
    },
    "3Y_2018_2020": {
      "ret": 0.569,
      "sh": 0.76,
      "dd": -0.2055
    },
    "3Y_2019_2021": {
      "ret": 0.7773,
      "sh": 0.89,
      "dd": -0.2155
    },
    "3Y_2020_2022": {
      "ret": 0.1165,
      "sh": 0.08,
      "dd": -0.3443
    },
    "3Y_2021_2023": {
      "ret": -0.0003,
      "sh": -0.16,
      "dd": -0.3439
    },
    "3Y_2022_2024": {
      "ret": 0.0228,
      "sh": -0.13,
      "dd": -0.1957
    },
    "3Y_2023_2025": {
      "ret": 0.3761,
      "sh": 0.48,
      "dd": -0.1982
    },
    "5Y_2015_2019": {
      "ret": 0.4677,
      "sh": 0.37,
      "dd": -0.2425
    },
    "5Y_2016_2020": {
      "ret": 1.3273,
      "sh": 0.95,
      "dd": -0.2426
    },
    "5Y_2017_2021": {
      "ret": 0.9314,
      "sh": 0.63,
      "dd": -0.2425
    },
    "5Y_2018_2022": {
      "ret": 0.2258,
      "sh": 0.09,
      "dd": -0.3444
    },
    "5Y_2019_2023": {
      "ret": 0.8592,
      "sh": 0.58,
      "dd": -0.3444
    },
    "5Y_2020_2024": {
      "ret": 0.3844,
      "sh": 0.24,
      "dd": -0.3443
    },
    "5Y_2021_2025": {
      "ret": 0.0775,
      "sh": -0.06,
      "dd": -0.3439
    },
    "10Y_2015_2024": {
      "ret": 1.0514,
      "sh": 0.29,
      "dd": -0.3442
    }
  }
}