{
  "metrics": {
    "total_return": 0.5830508439690585,
    "cagr": 0.1660754375553437,
    "annual_volatility": 0.1643423862386518,
    "sharpe_ratio": 0.7815831770266319,
    "sortino_ratio": 1.140436566882869,
    "calmar_ratio": 0.6644648673461363,
    "max_drawdown": -0.24993862838624825,
    "max_drawdown_date": "2025-04-23",
    "win_rate": 0.5286284953395473,
    "profit_factor": 1.191907021505435,
    "num_trading_days": 751,
    "skewness": -0.05772443583731684,
    "kurtosis": 2.874962426771657,
    "best_day": 0.05653374777495501,
    "worst_day": -0.04995839079254816,
    "avg_daily_return": 0.0006653611499204029,
    "black_swan_resilience": 73.5,
    "benchmark_total_return": 0.8628177193040827,
    "benchmark_cagr": 0.23130614737691846,
    "alpha": -0.06523070982157475,
    "beta": 0.620716299471253,
    "information_ratio": -0.4467520115499389,
    "tracking_error": 0.14601100417044932
  },
  "trade_metrics": {
    "num_trades": 1455,
    "num_buys": 701,
    "num_sells": 754,
    "total_commission": 0.0,
    "total_slippage": 10918.815271814346,
    "total_transaction_costs": 10918.815271814346,
    "avg_trade_size": 7504.340392999551
  },
  "final_positions": {
    "FSLR": {
      "qty": 51.0,
      "avg_cost": 251.46524347016094,
      "realized_pnl": 432.7672424176609
    },
    "CAT": {
      "qty": 24.0,
      "avg_cost": 568.4116318252061,
      "realized_pnl": 337.1078625354139
    },
    "MLM": {
      "qty": 21.0,
      "avg_cost": 622.4088439941406,
      "realized_pnl": 42.238128662109375
    },
    "CLF": {
      "qty": 1008.0,
      "avg_cost": 12.75,
      "realized_pnl": 140.8299617767334
    },
    "LMT": {
      "qty": 28.0,
      "avg_cost": 481.8540086746216,
      "realized_pnl": 17.812236785888672
    },
    "NOC": {
      "qty": 24.0,
      "avg_cost": 582.7933959960938,
      "realized_pnl": -13.7159423828125
    },
    "TSM": {
      "qty": 45.0,
      "avg_cost": 292.4559020996094,
      "realized_pnl": 53.329925537109375
    },
    "NVDA": {
      "qty": 72.0,
      "avg_cost": 188.20980834960938,
      "realized_pnl": 0.0
    },
    "RTX": {
      "qty": 74.0,
      "avg_cost": 183.8094940185547,
      "realized_pnl": 0.0
    },
    "VMC": {
      "qty": 47.0,
      "avg_cost": 291.4678039550781,
      "realized_pnl": 0.0
    }
  },
  "source": "political",
  "description": "Event-driven: trade sectors benefiting from major policy announcements",
  "rolling_windows": {
    "1Y_2015": {
      "ret": 0.0136,
      "sh": -0.13,
      "dd": -0.1632
    },
    "1Y_2016": {
      "ret": 0.438,
      "sh": 2.03,
      "dd": -0.0809
    },
    "1Y_2017": {
      "ret": 0.3433,
      "sh": 2.19,
      "dd": -0.0707
    },
    "1Y_2018": {
      "ret": -0.0163,
      "sh": -0.28,
      "dd": -0.1549
    },
    "1Y_2019": {
      "ret": 0.4075,
      "sh": 2.24,
      "dd": -0.0617
    },
    "1Y_2020": {
      "ret": 0.4703,
      "sh": 1.55,
      "dd": -0.2017
    },
    "1Y_2021": {
      "ret": 0.1452,
      "sh": 0.63,
      "dd": -0.1033
    },
    "1Y_2022": {
      "ret": 0.0461,
      "sh": 0.12,
      "dd": -0.1581
    },
    "1Y_2023": {
      "ret": 0.3487,
      "sh": 1.68,
      "dd": -0.0996
    },
    "1Y_2024": {
      "ret": 0.0696,
      "sh": 0.26,
      "dd": -0.1481
    },
    "1Y_2025": {
      "ret": 0.1044,
      "sh": 0.45,
      "dd": -0.1679
    },
    "3Y_2015_2017": {
      "ret": 0.9531,
      "sh": 1.37,
      "dd": -0.1632
    },
    "3Y_2016_2018": {
      "ret": 0.9569,
      "sh": 1.31,
      "dd": -0.1549
    },
    "3Y_2017_2019": {
      "ret": 0.8823,
      "sh": 1.3,
      "dd": -0.16
    },
    "3Y_2018_2020": {
      "ret": 1.0737,
      "sh": 1.19,
      "dd": -0.2019
    },
    "3Y_2019_2021": {
      "ret": 1.4139,
      "sh": 1.42,
      "dd": -0.2018
    },
    "3Y_2020_2022": {
      "ret": 0.7608,
      "sh": 0.85,
      "dd": -0.2017
    },
    "3Y_2021_2023": {
      "ret": 0.6254,
      "sh": 0.81,
      "dd": -0.1579
    },
    "3Y_2022_2024": {
      "ret": 0.4946,
      "sh": 0.66,
      "dd": -0.1581
    },
    "3Y_2023_2025": {
      "ret": 0.5831,
      "sh": 0.78,
      "dd": -0.2499
    },
    "5Y_2015_2019": {
      "ret": 1.737,
      "sh": 1.2,
      "dd": -0.1632
    },
    "5Y_2016_2020": {
      "ret": 3.1223,
      "sh": 1.52,
      "dd": -0.2018
    },
    "5Y_2017_2021": {
      "ret": 2.2282,
      "sh": 1.21,
      "dd": -0.2018
    },
    "5Y_2018_2022": {
      "ret": 1.4846,
      "sh": 0.88,
      "dd": -0.2019
    },
    "5Y_2019_2023": {
      "ret": 2.4291,
      "sh": 1.23,
      "dd": -0.2018
    },
    "5Y_2020_2024": {
      "ret": 1.5125,
      "sh": 0.87,
      "dd": -0.2017
    },
    "5Y_2021_2025": {
      "ret": 0.9079,
      "sh": 0.62,
      "dd": -0.2495
    },
    "10Y_2015_2024": {
      "ret": 6.0527,
      "sh": 1.02,
      "dd": -0.2019
    }
  }
}