{
  "metrics": {
    "total_return": 0.5830508439690585,
    "cagr": 0.1660754375553437,
    "annual_volatility": 0.1643423862386518,
    "sharpe_ratio": 0.7815831770266319,
    "sortino_ratio": 1.140436566882869,
    "calmar_ratio": 0.6644648673461363,
    "max_drawdown": -0.24993862838624825,
    "max_drawdown_date": "2025-04-23",
    "win_rate": 0.5286284953395473,
    "profit_factor": 1.191907021505435,
    "num_trading_days": 751,
    "skewness": -0.05772443583731684,
    "kurtosis": 2.874962426771657,
    "best_day": 0.05653374777495501,
    "worst_day": -0.04995839079254816,
    "avg_daily_return": 0.0006653611499204029,
    "black_swan_resilience": 73.5,
    "benchmark_total_return": 0.8628177193040827,
    "benchmark_cagr": 0.23130614737691846,
    "alpha": -0.06523070982157475,
    "beta": 0.620716299471253,
    "information_ratio": -0.4467520115499389,
    "tracking_error": 0.14601100417044932
  },
  "trade_metrics": {
    "num_trades": 1455,
    "num_buys": 701,
    "num_sells": 754,
    "total_commission": 0.0,
    "total_slippage": 10918.815271814346,
    "total_transaction_costs": 10918.815271814346,
    "avg_trade_size": 7504.340392999551
  },
  "final_positions": {
    "FSLR": {
      "qty": 51.0,
      "avg_cost": 251.46524347016094,
      "realized_pnl": 432.7672424176609
    },
    "CAT": {
      "qty": 24.0,
      "avg_cost": 568.4116318252061,
      "realized_pnl": 337.1078625354139
    },
    "MLM": {
      "qty": 21.0,
      "avg_cost": 622.4088439941406,
      "realized_pnl": 42.238128662109375
    },
    "CLF": {
      "qty": 1008.0,
      "avg_cost": 12.75,
      "realized_pnl": 140.8299617767334
    },
    "LMT": {
      "qty": 28.0,
      "avg_cost": 481.8540086746216,
      "realized_pnl": 17.812236785888672
    },
    "NOC": {
      "qty": 24.0,
      "avg_cost": 582.7933959960938,
      "realized_pnl": -13.7159423828125
    },
    "TSM": {
      "qty": 45.0,
      "avg_cost": 292.4559020996094,
      "realized_pnl": 53.329925537109375
    },
    "NVDA": {
      "qty": 72.0,
      "avg_cost": 188.20980834960938,
      "realized_pnl": 0.0
    },
    "RTX": {
      "qty": 74.0,
      "avg_cost": 183.8094940185547,
      "realized_pnl": 0.0
    },
    "VMC": {
      "qty": 47.0,
      "avg_cost": 291.4678039550781,
      "realized_pnl": 0.0
    }
  },
  "source": "political",
  "description": "Event-driven: trade sectors benefiting from major policy announcements"
}