{
  "metrics": {
    "total_return": 0.4137552672304823,
    "cagr": 0.1227857110252395,
    "annual_volatility": 0.09443979136902597,
    "sharpe_ratio": 0.8624633080431856,
    "sortino_ratio": 1.1935920347798403,
    "calmar_ratio": 1.0734840123084184,
    "max_drawdown": -0.11438056796132556,
    "max_drawdown_date": "2025-04-08",
    "win_rate": 0.5725699067909454,
    "profit_factor": 1.2404053835130686,
    "num_trading_days": 751,
    "skewness": -0.6294634100685117,
    "kurtosis": 3.518413425811807,
    "best_day": 0.029071571937529406,
    "worst_day": -0.03774540744570587,
    "avg_daily_return": 0.00047886754086681207,
    "black_swan_resilience": 73.5,
    "benchmark_total_return": 0.8628177193040827,
    "benchmark_cagr": 0.23130614737691846,
    "alpha": -0.10852043635167896,
    "beta": 0.5088488432103032,
    "information_ratio": -1.1769420587336488,
    "tracking_error": 0.09220541958407316
  },
  "trade_metrics": {
    "num_trades": 626,
    "num_buys": 309,
    "num_sells": 317,
    "total_commission": 0.0,
    "total_slippage": 4073.3815005836477,
    "total_transaction_costs": 4073.3815005836477,
    "avg_trade_size": 6506.9992022103015
  },
  "final_positions": {
    "TLT": {
      "qty": 82.0,
      "avg_cost": 87.10631477699059,
      "realized_pnl": 441.1671220159634
    },
    "GLD": {
      "qty": 18.0,
      "avg_cost": 351.5994967230424,
      "realized_pnl": 9233.283159032348
    },
    "SPY": {
      "qty": 73.0,
      "avg_cost": 670.1279263431079,
      "realized_pnl": 10622.621002197277
    },
    "QQQ": {
      "qty": 80.0,
      "avg_cost": 609.9815322875977,
      "realized_pnl": 13722.62066650387
    }
  },
  "source": "political",
  "description": "Political uncertainty\u2192defensive, stability\u2192risk-on (Polymarket proxy)",
  "horizon": "3Y (2023-2025)",
  "composite_score": 0.1869,
  "consistency_score": 0.92,
  "n_windows_tested": 12,
  "avg_1Y_return": 0.0864,
  "avg_3Y_return": 0.2041,
  "avg_5Y_return": 0.4359,
  "avg_10Y_return": null,
  "rolling_windows": {
    "1Y_2023": {
      "ret": 0.1369,
      "sh": 1.03,
      "dd": -0.0946
    },
    "1Y_2024": {
      "ret": 0.1457,
      "sh": 1.08,
      "dd": -0.0618
    },
    "1Y_2025": {
      "ret": 0.0778,
      "sh": 0.43,
      "dd": -0.1143
    },
    "3Y_2022_2024": {
      "ret": 0.1341,
      "sh": 0.08,
      "dd": -0.1854
    },
    "3Y_2023_2025": {
      "ret": 0.4138,
      "sh": 0.86,
      "dd": -0.1144
    },
    "5Y_2020_2024": {
      "ret": 0.4546,
      "sh": 0.35,
      "dd": -0.1889
    },
    "1Y_2020": {
      "ret": 0.1342,
      "sh": 0.58,
      "dd": -0.1712
    },
    "1Y_2021": {
      "ret": 0.1447,
      "sh": 1.05,
      "dd": -0.0631
    },
    "1Y_2022": {
      "ret": -0.1208,
      "sh": -1.23,
      "dd": -0.1854
    },
    "3Y_2020_2022": {
      "ret": 0.1283,
      "sh": 0.08,
      "dd": -0.1889
    },
    "3Y_2021_2023": {
      "ret": 0.1401,
      "sh": 0.1,
      "dd": -0.1889
    },
    "5Y_2021_2025": {
      "ret": 0.4171,
      "sh": 0.35,
      "dd": -0.1889
    }
  }
}