{
  "metrics": {
    "total_return": 1.644,
    "sharpe_ratio": 0.87,
    "max_drawdown": -0.5394
  },
  "final_positions": {
    "BSTZ": {
      "qty": 2265.0,
      "avg_cost": 14.265372101545342,
      "realized_pnl": 8942.803371371047
    },
    "ARKK": {
      "qty": 496.0,
      "avg_cost": 41.70525551000115,
      "realized_pnl": 15221.34509355628
    },
    "ARKW": {
      "qty": 261.0,
      "avg_cost": 61.99372039485864,
      "realized_pnl": 24683.528461565184
    },
    "DXYZ": {
      "qty": 1690.0,
      "avg_cost": 27.4860691687549,
      "realized_pnl": 29104.346840225997
    },
    "AGIX": {
      "qty": 1623.0,
      "avg_cost": 24.816049813666886,
      "realized_pnl": 2751.1304367079447
    }
  },
  "rolling_windows": {
    "1Y_2015": {
      "ret": 0.0659,
      "sh": 0.28,
      "dd": -0.0879
    },
    "1Y_2016": {
      "ret": 0.0417,
      "sh": 0.08,
      "dd": -0.1703
    },
    "1Y_2017": {
      "ret": 0.4527,
      "sh": 3.19,
      "dd": -0.0398
    },
    "1Y_2018": {
      "ret": 0.0058,
      "sh": -0.11,
      "dd": -0.1673
    },
    "1Y_2019": {
      "ret": 0.1924,
      "sh": 0.94,
      "dd": -0.1166
    },
    "1Y_2020": {
      "ret": 1.0463,
      "sh": 2.04,
      "dd": -0.3563
    },
    "1Y_2021": {
      "ret": -0.0514,
      "sh": -0.21,
      "dd": -0.248
    },
    "1Y_2022": {
      "ret": -0.5718,
      "sh": -1.75,
      "dd": -0.5862
    },
    "1Y_2023": {
      "ret": 0.5074,
      "sh": 1.55,
      "dd": -0.2307
    },
    "1Y_2024": {
      "ret": 0.5863,
      "sh": 0.98,
      "dd": -0.5394
    },
    "1Y_2025": {
      "ret": 0.1528,
      "sh": 0.48,
      "dd": -0.3222
    },
    "3Y_2015_2017": {
      "ret": 0.5978,
      "sh": 1.06,
      "dd": -0.1951
    },
    "3Y_2016_2018": {
      "ret": 0.5744,
      "sh": 0.88,
      "dd": -0.1703
    },
    "3Y_2017_2019": {
      "ret": 0.7897,
      "sh": 1.12,
      "dd": -0.1673
    },
    "3Y_2018_2020": {
      "ret": 1.4958,
      "sh": 1.19,
      "dd": -0.3563
    },
    "3Y_2019_2021": {
      "ret": 1.3089,
      "sh": 1.0,
      "dd": -0.3563
    },
    "3Y_2020_2022": {
      "ret": -0.173,
      "sh": -0.09,
      "dd": -0.6687
    },
    "3Y_2021_2023": {
      "ret": -0.3865,
      "sh": -0.43,
      "dd": -0.6686
    },
    "3Y_2022_2024": {
      "ret": -0.018,
      "sh": 0.13,
      "dd": -0.5862
    },
    "3Y_2023_2025": {
      "ret": 1.644,
      "sh": 0.87,
      "dd": -0.5394
    },
    "5Y_2015_2019": {
      "ret": 0.9687,
      "sh": 0.77,
      "dd": -0.1951
    },
    "5Y_2016_2020": {
      "ret": 2.8956,
      "sh": 1.22,
      "dd": -0.3563
    },
    "5Y_2017_2021": {
      "ret": 2.4617,
      "sh": 1.01,
      "dd": -0.3563
    },
    "5Y_2018_2022": {
      "ret": 0.0113,
      "sh": 0.03,
      "dd": -0.6686
    },
    "5Y_2019_2023": {
      "ret": 0.5008,
      "sh": 0.29,
      "dd": -0.6686
    },
    "5Y_2020_2024": {
      "ret": 0.8976,
      "sh": 0.42,
      "dd": -0.6687
    },
    "5Y_2021_2025": {
      "ret": 0.0765,
      "sh": 0.14,
      "dd": -0.6686
    },
    "10Y_2015_2024": {
      "ret": 2.7877,
      "sh": 0.46,
      "dd": -0.6686
    }
  },
  "source": "cicc_ark_backtest"
}