{
  "metrics": {
    "total_return": 0.949915105731671,
    "cagr": 0.2502701970125836,
    "annual_volatility": 0.12364661456068378,
    "sharpe_ratio": 1.5572626883481948,
    "sortino_ratio": 2.506841672066076,
    "calmar_ratio": 2.2360943737071195,
    "max_drawdown": -0.11192291343127525,
    "max_drawdown_date": "2023-10-27",
    "win_rate": 0.5685752330226365,
    "profit_factor": 1.389453578106327,
    "num_trading_days": 751,
    "skewness": 0.80509350847283,
    "kurtosis": 5.676614525097484,
    "best_day": 0.05948437935538475,
    "worst_day": -0.023403268000952826,
    "avg_daily_return": 0.000919738193727467,
    "black_swan_resilience": 91.5,
    "benchmark_total_return": 0.8628177193040827,
    "benchmark_cagr": 0.23130614737691846,
    "alpha": 0.018964049635665114,
    "beta": 0.6708813287634499,
    "information_ratio": 0.22295123660544158,
    "tracking_error": 0.08505918121111807
  },
  "trade_metrics": {
    "num_trades": 187,
    "num_buys": 96,
    "num_sells": 91,
    "total_commission": 0.0,
    "total_slippage": 1567.4057866077424,
    "total_transaction_costs": 1567.4057866077424,
    "avg_trade_size": 8381.849126244611
  },
  "final_positions": {
    "QQQ": {
      "qty": 79.0,
      "avg_cost": 465.4403689000493,
      "realized_pnl": 18751.45439578941
    },
    "SPY": {
      "qty": 86.0,
      "avg_cost": 531.2849059997229,
      "realized_pnl": 5745.920067831645
    },
    "TLT": {
      "qty": 222.0,
      "avg_cost": 85.67298693723042,
      "realized_pnl": -336.45764822587245
    },
    "GLD": {
      "qty": 50.0,
      "avg_cost": 233.4136681039508,
      "realized_pnl": 5958.473810470982
    },
    "IWM": {
      "qty": 80.0,
      "avg_cost": 195.65000798558614,
      "realized_pnl": 254.92223918868828
    }
  },
  "source": "williams_seasonal",
  "description": "Year 3 strongest (+13.5% avg). Adjust exposure by cycle year",
  "rolling_windows": {
    "1Y_2015": {
      "ret": 0.007,
      "sh": -0.15,
      "dd": -0.1145
    },
    "1Y_2016": {
      "ret": 0.0654,
      "sh": 0.42,
      "dd": -0.055
    },
    "1Y_2017": {
      "ret": 0.173,
      "sh": 2.44,
      "dd": -0.0207
    },
    "1Y_2018": {
      "ret": 0.0113,
      "sh": -0.38,
      "dd": -0.0548
    },
    "1Y_2019": {
      "ret": 0.332,
      "sh": 1.82,
      "dd": -0.1175
    },
    "1Y_2020": {
      "ret": 0.206,
      "sh": 1.03,
      "dd": -0.1477
    },
    "1Y_2021": {
      "ret": 0.128,
      "sh": 0.9,
      "dd": -0.0545
    },
    "1Y_2022": {
      "ret": -0.051,
      "sh": -0.79,
      "dd": -0.1374
    },
    "1Y_2023": {
      "ret": 0.4423,
      "sh": 2.1,
      "dd": -0.1119
    },
    "1Y_2024": {
      "ret": 0.1515,
      "sh": 1.2,
      "dd": -0.057
    },
    "1Y_2025": {
      "ret": 0.197,
      "sh": 1.43,
      "dd": -0.0925
    },
    "3Y_2015_2017": {
      "ret": 0.2473,
      "sh": 0.41,
      "dd": -0.1145
    },
    "3Y_2016_2018": {
      "ret": 0.2788,
      "sh": 0.74,
      "dd": -0.055
    },
    "3Y_2017_2019": {
      "ret": 0.5796,
      "sh": 1.24,
      "dd": -0.1176
    },
    "3Y_2018_2020": {
      "ret": 0.6343,
      "sh": 1.04,
      "dd": -0.1479
    },
    "3Y_2019_2021": {
      "ret": 0.8236,
      "sh": 1.27,
      "dd": -0.1483
    },
    "3Y_2020_2022": {
      "ret": 0.2784,
      "sh": 0.41,
      "dd": -0.1477
    },
    "3Y_2021_2023": {
      "ret": 0.5396,
      "sh": 0.9,
      "dd": -0.1441
    },
    "3Y_2022_2024": {
      "ret": 0.5471,
      "sh": 0.92,
      "dd": -0.1374
    },
    "3Y_2023_2025": {
      "ret": 0.9499,
      "sh": 1.56,
      "dd": -0.1119
    },
    "5Y_2015_2019": {
      "ret": 0.6799,
      "sh": 0.68,
      "dd": -0.1175
    },
    "5Y_2016_2020": {
      "ret": 1.0661,
      "sh": 1.06,
      "dd": -0.1478
    },
    "5Y_2017_2021": {
      "ret": 1.1638,
      "sh": 1.1,
      "dd": -0.1478
    },
    "5Y_2018_2022": {
      "ret": 0.7324,
      "sh": 0.66,
      "dd": -0.1479
    },
    "5Y_2019_2023": {
      "ret": 1.4885,
      "sh": 1.12,
      "dd": -0.1483
    },
    "5Y_2020_2024": {
      "ret": 1.0844,
      "sh": 0.92,
      "dd": -0.1477
    },
    "5Y_2021_2025": {
      "ret": 1.0803,
      "sh": 0.99,
      "dd": -0.1441
    },
    "10Y_2015_2024": {
      "ret": 2.5455,
      "sh": 0.82,
      "dd": -0.1478
    }
  }
}