{
  "metrics": {
    "total_return": 0.4651853722666812,
    "cagr": 0.1362853831806552,
    "annual_volatility": 0.08954907587777144,
    "sharpe_ratio": 1.038234930274834,
    "sortino_ratio": 1.6866909649812971,
    "calmar_ratio": 1.3318685452341767,
    "max_drawdown": -0.10232645231267379,
    "max_drawdown_date": "2023-10-27",
    "win_rate": 0.3581890812250333,
    "profit_factor": 1.3753291841680084,
    "num_trading_days": 751,
    "skewness": 0.894222008983347,
    "kurtosis": 5.575408231899916,
    "best_day": 0.03729127108864261,
    "worst_day": -0.020514988399573664,
    "avg_daily_return": 0.0005245902538632225,
    "black_swan_resilience": 93.2,
    "benchmark_total_return": 0.8628177193040827,
    "benchmark_cagr": 0.23130614737691846,
    "alpha": -0.09502076419626326,
    "beta": 0.32639727106764166,
    "information_ratio": -0.7465371760437249,
    "tracking_error": 0.1272820259264595
  },
  "trade_metrics": {
    "num_trades": 95,
    "num_buys": 52,
    "num_sells": 43,
    "total_commission": 0.0,
    "total_slippage": 1970.2693139228816,
    "total_transaction_costs": 1970.2693139228816,
    "avg_trade_size": 20739.676988661915
  },
  "final_positions": {
    "MA": {
      "qty": 53.0,
      "avg_cost": 543.2539672851562,
      "realized_pnl": 0.0
    },
    "DIS": {
      "qty": 270.0,
      "avg_cost": 106.05245971679688,
      "realized_pnl": 0.0
    }
  },
  "source": "famous",
  "description": "Global blue-chip contrarian: buy iconic brands during crises"
}