{
  "metrics": {
    "total_return": 0.3638638118662789,
    "cagr": 0.10937388838122208,
    "annual_volatility": 0.10135640715663057,
    "sharpe_ratio": 0.6912341047849169,
    "sortino_ratio": 0.9945107388574647,
    "calmar_ratio": 0.8922306032610635,
    "max_drawdown": -0.12258477570872972,
    "max_drawdown_date": "2025-04-08",
    "win_rate": 0.5286284953395473,
    "profit_factor": 1.2001876065095374,
    "num_trading_days": 751,
    "skewness": -0.2645308627201077,
    "kurtosis": 4.60970309086227,
    "best_day": 0.037503352887509944,
    "worst_day": -0.04411012263767777,
    "avg_daily_return": 0.0004336697253512988,
    "black_swan_resilience": 77.7,
    "benchmark_total_return": 0.8628177193040827,
    "benchmark_cagr": 0.23130614737691846,
    "alpha": -0.12193225899569637,
    "beta": 0.4671254257568887,
    "information_ratio": -1.1214107700491,
    "tracking_error": 0.10873112890681233
  },
  "trade_metrics": {
    "num_trades": 563,
    "num_buys": 303,
    "num_sells": 260,
    "total_commission": 0.0,
    "total_slippage": 3260.7165907249455,
    "total_transaction_costs": 3260.7165907249455,
    "avg_trade_size": 5791.681333436847
  },
  "final_positions": {
    "DUK": {
      "qty": 115.0,
      "avg_cost": 118.00931198619023,
      "realized_pnl": 72.9888242736919
    },
    "MSFT": {
      "qty": 28.0,
      "avg_cost": 516.5291857038226,
      "realized_pnl": -72.2188720703125
    },
    "NEE": {
      "qty": 164.0,
      "avg_cost": 80.67982482910156,
      "realized_pnl": 13.587554931640625
    },
    "BRK-B": {
      "qty": 27.0,
      "avg_cost": 508.54998779296875,
      "realized_pnl": 0.0
    },
    "KO": {
      "qty": 193.0,
      "avg_cost": 71.45864868164062,
      "realized_pnl": 0.0
    },
    "TMO": {
      "qty": 24.0,
      "avg_cost": 584.1328735351562,
      "realized_pnl": 0.0
    },
    "MCD": {
      "qty": 46.0,
      "avg_cost": 301.88360595703125,
      "realized_pnl": 0.0
    },
    "GOOGL": {
      "qty": 44.0,
      "avg_cost": 314.4627990722656,
      "realized_pnl": 0.0
    }
  },
  "source": "unconventional",
  "description": "Buy low-vol stocks in uptrends \u2014 quality minus junk"
}