{
  "metrics": {
    "total_return": 0.3638638118662789,
    "cagr": 0.10937388838122208,
    "annual_volatility": 0.10135640715663058,
    "sharpe_ratio": 0.6912341047849183,
    "sortino_ratio": 0.9945107388574664,
    "calmar_ratio": 0.8922306032610627,
    "max_drawdown": -0.12258477570872983,
    "max_drawdown_date": "2025-04-08",
    "win_rate": 0.5286284953395473,
    "profit_factor": 1.2001876065095376,
    "num_trading_days": 751,
    "skewness": -0.26453086272010723,
    "kurtosis": 4.609703090862272,
    "best_day": 0.037503352887509944,
    "worst_day": -0.04411012263767777,
    "avg_daily_return": 0.0004336697253512994,
    "black_swan_resilience": 77.7,
    "benchmark_total_return": 0.8628177193040827,
    "benchmark_cagr": 0.23130614737691846,
    "alpha": -0.12193225899569637,
    "beta": 0.46712542575688865,
    "information_ratio": -1.1214107700490998,
    "tracking_error": 0.10873112890681234
  },
  "trade_metrics": {
    "num_trades": 563,
    "num_buys": 303,
    "num_sells": 260,
    "total_commission": 0.0,
    "total_slippage": 3260.7165907249455,
    "total_transaction_costs": 3260.7165907249455,
    "avg_trade_size": 5791.681333436847
  },
  "final_positions": {
    "KO": {
      "qty": 193.0,
      "avg_cost": 71.45864868164062,
      "realized_pnl": -839.5402641296382
    },
    "DUK": {
      "qty": 115.0,
      "avg_cost": 118.00931198619023,
      "realized_pnl": -434.9579225524808
    },
    "NEE": {
      "qty": 164.0,
      "avg_cost": 80.67982482910156,
      "realized_pnl": 608.4123153686537
    },
    "MCD": {
      "qty": 46.0,
      "avg_cost": 301.88360595703125,
      "realized_pnl": 588.4237213134791
    },
    "BRK-B": {
      "qty": 27.0,
      "avg_cost": 508.54998779296875,
      "realized_pnl": 3685.2506713867188
    },
    "TMO": {
      "qty": 24.0,
      "avg_cost": 584.1328735351562,
      "realized_pnl": -1641.6127624511714
    },
    "GOOGL": {
      "qty": 44.0,
      "avg_cost": 314.4627990722656,
      "realized_pnl": 6672.149131774901
    },
    "MSFT": {
      "qty": 28.0,
      "avg_cost": 516.5291857038226,
      "realized_pnl": 3426.8361511230464
    }
  },
  "source": "unconventional",
  "description": "Buy low-vol stocks in uptrends \u2014 quality minus junk",
  "horizon": "3Y (2023-2025)",
  "composite_score": 0.2394,
  "consistency_score": 0.83,
  "n_windows_tested": 12,
  "avg_1Y_return": 0.1102,
  "avg_3Y_return": 0.2909,
  "avg_5Y_return": 0.6298,
  "avg_10Y_return": null,
  "rolling_windows": {
    "1Y_2023": {
      "ret": 0.148,
      "sh": 1.0,
      "dd": -0.0708
    },
    "1Y_2024": {
      "ret": 0.1733,
      "sh": 1.46,
      "dd": -0.0417
    },
    "1Y_2025": {
      "ret": 0.0198,
      "sh": -0.12,
      "dd": -0.1224
    },
    "3Y_2022_2024": {
      "ret": 0.2153,
      "sh": 0.29,
      "dd": -0.1575
    },
    "3Y_2023_2025": {
      "ret": 0.3639,
      "sh": 0.69,
      "dd": -0.1226
    },
    "5Y_2020_2024": {
      "ret": 0.7157,
      "sh": 0.52,
      "dd": -0.2591
    },
    "1Y_2020": {
      "ret": 0.1501,
      "sh": 0.5,
      "dd": -0.2591
    },
    "1Y_2021": {
      "ret": 0.2574,
      "sh": 1.85,
      "dd": -0.0508
    },
    "1Y_2022": {
      "ret": -0.0874,
      "sh": -0.91,
      "dd": -0.1133
    },
    "3Y_2020_2022": {
      "ret": 0.2865,
      "sh": 0.33,
      "dd": -0.2591
    },
    "3Y_2021_2023": {
      "ret": 0.298,
      "sh": 0.47,
      "dd": -0.1572
    },
    "5Y_2021_2025": {
      "ret": 0.5439,
      "sh": 0.49,
      "dd": -0.1572
    }
  }
}