{
  "metrics": {
    "total_return": 0.2588033429901486,
    "cagr": 0.08002477130901231,
    "annual_volatility": 0.06465251131889788,
    "sharpe_ratio": 0.6203300386886678,
    "sortino_ratio": 0.8951895882196864,
    "calmar_ratio": 1.1534445042470043,
    "max_drawdown": -0.06937895235909453,
    "max_drawdown_date": "2023-10-03",
    "win_rate": 0.559254327563249,
    "profit_factor": 1.23084701524654,
    "num_trading_days": 751,
    "skewness": 0.016052971621229685,
    "kurtosis": 2.0584375711175253,
    "best_day": 0.019875823393353143,
    "worst_day": -0.015012182897741422,
    "avg_daily_return": 0.0003148002391713082,
    "black_swan_resilience": 84.0,
    "benchmark_total_return": 0.8628177193040827,
    "benchmark_cagr": 0.23130614737691846,
    "alpha": -0.15128137606790615,
    "beta": 0.22946085749917794,
    "information_ratio": -1.1626674457383919,
    "tracking_error": 0.13011577525663817
  },
  "trade_metrics": {
    "num_trades": 277,
    "num_buys": 141,
    "num_sells": 136,
    "total_commission": 0.0,
    "total_slippage": 695.9277816581728,
    "total_transaction_costs": 695.9277816581728,
    "avg_trade_size": 2512.374663025894
  },
  "final_positions": {
    "TIP": {
      "qty": 336.0,
      "avg_cost": 104.2514679852419,
      "realized_pnl": 1455.9781292107089
    },
    "IEF": {
      "qty": 309.0,
      "avg_cost": 91.29928013158771,
      "realized_pnl": 830.7526079628437
    },
    "GLD": {
      "qty": 18.0,
      "avg_cost": 315.9894972655642,
      "realized_pnl": 6358.991080785041
    },
    "EFA": {
      "qty": 93.0,
      "avg_cost": 82.03226912370974,
      "realized_pnl": 3569.4689545303963
    },
    "SPY": {
      "qty": 12.0,
      "avg_cost": 599.1619610275009,
      "realized_pnl": 5987.818929058525
    },
    "DBC": {
      "qty": 466.0,
      "avg_cost": 21.40081200391804,
      "realized_pnl": -307.0479420811741
    },
    "TLT": {
      "qty": 159.0,
      "avg_cost": 86.73811300975268,
      "realized_pnl": -177.77489625645018
    },
    "VNQ": {
      "qty": 52.0,
      "avg_cost": 88.52726745605469,
      "realized_pnl": 0.0
    }
  },
  "source": "hedge_fund",
  "description": "All Weather risk parity: equal risk contribution across asset classes"
}