{
  "metrics": {
    "total_return": 0.7734545819830057,
    "cagr": 0.21122505265106306,
    "annual_volatility": 0.10455569872065101,
    "sharpe_ratio": 1.5161083273980156,
    "sortino_ratio": 2.541630708321202,
    "calmar_ratio": 2.7485861837880754,
    "max_drawdown": -0.07684861908166718,
    "max_drawdown_date": "2023-10-03",
    "win_rate": 0.5552596537949401,
    "profit_factor": 1.4271630969430202,
    "num_trading_days": 751,
    "skewness": 1.5060748581750514,
    "kurtosis": 13.305866013843522,
    "best_day": 0.05930939625852316,
    "worst_day": -0.030679033686503487,
    "avg_daily_return": 0.0007846886148043463,
    "black_swan_resilience": 95.8,
    "benchmark_total_return": 0.8628177193040827,
    "benchmark_cagr": 0.23130614737691846,
    "alpha": -0.020081094725855397,
    "beta": 0.4493581654106575,
    "information_ratio": -0.17400367733822017,
    "tracking_error": 0.11540615137013863
  },
  "trade_metrics": {
    "num_trades": 1812,
    "num_buys": 884,
    "num_sells": 928,
    "total_commission": 0.0,
    "total_slippage": 9574.182885013588,
    "total_transaction_costs": 9574.182885013588,
    "avg_trade_size": 5283.765389080342
  },
  "final_positions": {
    "SPY": {
      "qty": 29.0,
      "avg_cost": 644.6142752475139,
      "realized_pnl": 8453.042589355644
    },
    "QQQ": {
      "qty": 32.0,
      "avg_cost": 607.5601196289062,
      "realized_pnl": 631.2865600585938
    },
    "IWM": {
      "qty": 81.0,
      "avg_cost": 252.2036008481626,
      "realized_pnl": 0.0
    },
    "AAPL": {
      "qty": 73.0,
      "avg_cost": 273.5441605851457,
      "realized_pnl": -1.9882523820206757
    },
    "MSFT": {
      "qty": 41.0,
      "avg_cost": 486.90863037109375,
      "realized_pnl": 0.0
    },
    "NVDA": {
      "qty": 107.0,
      "avg_cost": 188.59614776896538,
      "realized_pnl": 1.919891357421875
    },
    "AMZN": {
      "qty": 86.0,
      "avg_cost": 232.3800048828125,
      "realized_pnl": -0.30999755859375
    },
    "META": {
      "qty": 30.0,
      "avg_cost": 666.9789428710938,
      "realized_pnl": 0.0
    }
  },
  "source": "williams_seasonal",
  "description": "Last 5 days Dec + first 2 Jan: 80% win rate, 1.3% avg. Q1 signal",
  "rolling_windows": {
    "1Y_2015": {
      "ret": -0.0754,
      "sh": -1.43,
      "dd": -0.1026
    },
    "1Y_2016": {
      "ret": -0.0059,
      "sh": -0.66,
      "dd": -0.0799
    },
    "1Y_2017": {
      "ret": 0.0692,
      "sh": 0.53,
      "dd": -0.0399
    },
    "1Y_2018": {
      "ret": 0.0345,
      "sh": -0.01,
      "dd": -0.08
    },
    "1Y_2019": {
      "ret": 0.143,
      "sh": 0.99,
      "dd": -0.0551
    },
    "1Y_2020": {
      "ret": 0.144,
      "sh": 0.86,
      "dd": -0.1108
    },
    "1Y_2021": {
      "ret": 0.041,
      "sh": 0.06,
      "dd": -0.0862
    },
    "1Y_2022": {
      "ret": -0.2001,
      "sh": -2.18,
      "dd": -0.2197
    },
    "1Y_2023": {
      "ret": 0.3304,
      "sh": 2.26,
      "dd": -0.0768
    },
    "1Y_2024": {
      "ret": 0.1363,
      "sh": 0.86,
      "dd": -0.063
    },
    "1Y_2025": {
      "ret": 0.1887,
      "sh": 1.62,
      "dd": -0.0648
    },
    "3Y_2015_2017": {
      "ret": -0.0363,
      "sh": -0.71,
      "dd": -0.1164
    },
    "3Y_2016_2018": {
      "ret": 0.1166,
      "sh": 0.0,
      "dd": -0.0801
    },
    "3Y_2017_2019": {
      "ret": 0.2955,
      "sh": 0.59,
      "dd": -0.0799
    },
    "3Y_2018_2020": {
      "ret": 0.3873,
      "sh": 0.72,
      "dd": -0.111
    },
    "3Y_2019_2021": {
      "ret": 0.3629,
      "sh": 0.65,
      "dd": -0.1108
    },
    "3Y_2020_2022": {
      "ret": -0.0498,
      "sh": -0.44,
      "dd": -0.2337
    },
    "3Y_2021_2023": {
      "ret": 0.1178,
      "sh": 0.04,
      "dd": -0.2341
    },
    "3Y_2022_2024": {
      "ret": 0.1891,
      "sh": 0.22,
      "dd": -0.2197
    },
    "3Y_2023_2025": {
      "ret": 0.7735,
      "sh": 1.52,
      "dd": -0.0768
    },
    "5Y_2015_2019": {
      "ret": 0.1678,
      "sh": -0.06,
      "dd": -0.1164
    },
    "5Y_2016_2020": {
      "ret": 0.4969,
      "sh": 0.51,
      "dd": -0.111
    },
    "5Y_2017_2021": {
      "ret": 0.5452,
      "sh": 0.55,
      "dd": -0.1107
    },
    "5Y_2018_2022": {
      "ret": 0.1521,
      "sh": -0.05,
      "dd": -0.2338
    },
    "5Y_2019_2023": {
      "ret": 0.4637,
      "sh": 0.39,
      "dd": -0.2338
    },
    "5Y_2020_2024": {
      "ret": 0.4124,
      "sh": 0.32,
      "dd": -0.2337
    },
    "5Y_2021_2025": {
      "ret": 0.4902,
      "sh": 0.44,
      "dd": -0.2341
    },
    "10Y_2015_2024": {
      "ret": 0.6734,
      "sh": 0.17,
      "dd": -0.2337
    }
  }
}