{
  "metrics": {
    "total_return": 0.27470386499863997,
    "cagr": 0.08456877051703104,
    "annual_volatility": 0.13432975918980988,
    "sharpe_ratio": 0.38099701442461076,
    "sortino_ratio": 0.5640770430940091,
    "calmar_ratio": 0.453684206139604,
    "max_drawdown": -0.18640448438050372,
    "max_drawdown_date": "2025-04-08",
    "win_rate": 0.5312916111850865,
    "profit_factor": 1.141949893371488,
    "num_trading_days": 751,
    "skewness": 1.3766483018278886,
    "kurtosis": 28.230586018512767,
    "best_day": 0.09902647219201022,
    "worst_day": -0.05378294308254172,
    "avg_daily_return": 0.00035874207390116156,
    "black_swan_resilience": 90.2,
    "benchmark_total_return": 0.8628177193040827,
    "benchmark_cagr": 0.23130614737691846,
    "alpha": -0.14673737685988741,
    "beta": 0.6764901813565425,
    "information_ratio": -1.4878441115058656,
    "tracking_error": 0.09862416077405628
  },
  "trade_metrics": {
    "num_trades": 92,
    "num_buys": 40,
    "num_sells": 52,
    "total_commission": 0.0,
    "total_slippage": 1424.0922220382688,
    "total_transaction_costs": 1424.0922220382688,
    "avg_trade_size": 15479.263283024664
  },
  "final_positions": {
    "SPY": {
      "qty": 94.0,
      "avg_cost": 679.4711303710938,
      "realized_pnl": -3.05267333984375
    },
    "QQQ": {
      "qty": 83.0,
      "avg_cost": 630.2924981174699,
      "realized_pnl": 0.0
    }
  },
  "source": "unconventional",
  "description": "Seasonal: stocks Nov-Apr, bonds May-Oct"
}