{
  "metrics": {
    "total_return": 1.4575799814390185,
    "cagr": 0.3508783141291245,
    "annual_volatility": 0.29781734479263117,
    "sharpe_ratio": 1.030638653034939,
    "sortino_ratio": 1.5238580274669853,
    "calmar_ratio": 1.0312626153043285,
    "max_drawdown": -0.3402414757618062,
    "max_drawdown_date": "2025-04-04",
    "win_rate": 0.5339547270306259,
    "profit_factor": 1.2305382639008249,
    "num_trading_days": 751,
    "skewness": 0.061381252258534975,
    "kurtosis": 6.743223297807468,
    "best_day": 0.13970819143621815,
    "worst_day": -0.10903649629601087,
    "avg_daily_return": 0.0013736739385353872,
    "black_swan_resilience": 69.8,
    "benchmark_total_return": 0.8628177193040827,
    "benchmark_cagr": 0.23130614737691846,
    "alpha": 0.11957216675220605,
    "beta": 1.511652457869502,
    "information_ratio": 0.5904005125889543,
    "tracking_error": 0.20252720687499468
  },
  "trade_metrics": {
    "num_trades": 1443,
    "num_buys": 735,
    "num_sells": 708,
    "total_commission": 0.0,
    "total_slippage": 9162.44462141227,
    "total_transaction_costs": 9162.44462141227,
    "avg_trade_size": 6349.580472219181
  },
  "final_positions": {
    "TSM": {
      "qty": 86.0,
      "avg_cost": 300.074462890625,
      "realized_pnl": 12234.834838867182
    },
    "MU": {
      "qty": 62.0,
      "avg_cost": 276.3622131347656,
      "realized_pnl": 26753.712001800515
    },
    "CRSR": {
      "qty": 4996.0,
      "avg_cost": 7.567068276981672,
      "realized_pnl": -6166.0839755256075
    },
    "ASML": {
      "qty": 17.0,
      "avg_cost": 1031.697994171627,
      "realized_pnl": 11776.360102577812
    },
    "LRCX": {
      "qty": 105.0,
      "avg_cost": 156.93388234968666,
      "realized_pnl": 21294.935973133106
    },
    "AMAT": {
      "qty": 70.0,
      "avg_cost": 258.6873779296875,
      "realized_pnl": 13386.05557250977
    },
    "ON": {
      "qty": 340.0,
      "avg_cost": 56.27380244552945,
      "realized_pnl": 6897.429810392366
    },
    "AVGO": {
      "qty": 84.0,
      "avg_cost": 347.5022136577072,
      "realized_pnl": 22679.702712841885
    },
    "KLAC": {
      "qty": 15.0,
      "avg_cost": 1148.0093158922698,
      "realized_pnl": 14627.098295512946
    },
    "SSNLF": {
      "qty": 451.0,
      "avg_cost": 65.20999908447266,
      "realized_pnl": 0.0
    }
  },
  "source": "theme",
  "description": "Semi supply chain at value prices: TSMC, ASML, memory at cyclical lows, equipment recurring revenue",
  "horizon": "3Y (2023-2025)",
  "consistency_score": 1.0,
  "windows_tested": 6,
  "composite_score": 0.4506,
  "rolling_windows": {
    "1Y_2023": {
      "ret": 0.5365,
      "sh": 1.77,
      "dd": -0.152
    },
    "1Y_2024": {
      "ret": 0.1159,
      "sh": 0.39,
      "dd": -0.2556
    },
    "1Y_2025": {
      "ret": 0.447,
      "sh": 1.14,
      "dd": -0.3194
    },
    "3Y_2022_2024": {
      "ret": 0.2163,
      "sh": 0.24,
      "dd": -0.3835
    },
    "3Y_2023_2025": {
      "ret": 1.4576,
      "sh": 1.03,
      "dd": -0.3402
    },
    "5Y_2020_2024": {
      "ret": 1.1449,
      "sh": 0.51,
      "dd": -0.4093
    }
  }
}