{
  "metrics": {
    "total_return": 1.0825346977675827,
    "cagr": 0.2780919641430748,
    "annual_volatility": 0.20717285639850042,
    "sharpe_ratio": 1.1023112337319747,
    "sortino_ratio": 1.6562674112876232,
    "calmar_ratio": 1.0653806191851654,
    "max_drawdown": -0.2610259273871227,
    "max_drawdown_date": "2025-04-08",
    "win_rate": 0.5645805592543276,
    "profit_factor": 1.2733079113930126,
    "num_trading_days": 751,
    "skewness": 0.6252348996654702,
    "kurtosis": 10.944844447687133,
    "best_day": 0.12137428848523868,
    "worst_day": -0.0580675542098662,
    "avg_daily_return": 0.0010618759220468509,
    "black_swan_resilience": 81.4,
    "benchmark_total_return": 0.8628177193040827,
    "benchmark_cagr": 0.23130614737691846,
    "alpha": 0.04678581676615634,
    "beta": 1.119992783586154,
    "information_ratio": 0.3997019232561206,
    "tracking_error": 0.11705176794002307
  },
  "trade_metrics": {
    "num_trades": 1892,
    "num_buys": 955,
    "num_sells": 937,
    "total_commission": 0.0,
    "total_slippage": 8219.977062645923,
    "total_transaction_costs": 8219.977062645923,
    "avg_trade_size": 4344.596756155344
  },
  "final_positions": {
    "QQQ": {
      "qty": 14.0,
      "avg_cost": 606.9372528076171,
      "realized_pnl": 6392.083880615239
    },
    "SPY": {
      "qty": 12.0,
      "avg_cost": 674.8005442469195,
      "realized_pnl": 5491.657220660294
    },
    "AAPL": {
      "qty": 31.0,
      "avg_cost": 267.60677266339763,
      "realized_pnl": 6619.578720875882
    },
    "MSFT": {
      "qty": 17.0,
      "avg_cost": 496.8723296748388,
      "realized_pnl": 5687.8049462691315
    },
    "NVDA": {
      "qty": 45.0,
      "avg_cost": 184.92605261519034,
      "realized_pnl": 18151.649806610254
    },
    "TSLA": {
      "qty": 18.0,
      "avg_cost": 474.1850128173828,
      "realized_pnl": 7256.651603698733
    },
    "AMZN": {
      "qty": 36.0,
      "avg_cost": 227.17428689578483,
      "realized_pnl": 9518.603178040741
    },
    "GOOGL": {
      "qty": 27.0,
      "avg_cost": 307.3732566021858,
      "realized_pnl": 6464.580934240471
    },
    "AMD": {
      "qty": 39.0,
      "avg_cost": 238.01517133795534,
      "realized_pnl": 6149.05260442147
    },
    "NFLX": {
      "qty": 89.0,
      "avg_cost": 93.76399671766492,
      "realized_pnl": 9854.654296281613
    },
    "CRM": {
      "qty": 16.0,
      "avg_cost": 266.2300109863281,
      "realized_pnl": 3118.720199584963
    },
    "COIN": {
      "qty": 36.0,
      "avg_cost": 271.22334459092883,
      "realized_pnl": 5438.620193481449
    },
    "MSTR": {
      "qty": 54.0,
      "avg_cost": 182.11778004964194,
      "realized_pnl": 12926.69632911681
    },
    "ARKK": {
      "qty": 107.0,
      "avg_cost": 79.1875692349728,
      "realized_pnl": 7087.637939453129
    },
    "META": {
      "qty": 13.0,
      "avg_cost": 654.4827458308293,
      "realized_pnl": 10633.382492065433
    }
  },
  "source": "unconventional",
  "description": "Contrarian sentiment: buy extreme fear (VIX spike), sell extreme greed (VIX collapse)",
  "rolling_windows": {
    "1Y_2015": {
      "ret": 0.2933,
      "sh": 1.33,
      "dd": -0.1131
    },
    "1Y_2016": {
      "ret": 0.3264,
      "sh": 1.59,
      "dd": -0.1491
    },
    "1Y_2017": {
      "ret": 0.3035,
      "sh": 2.3,
      "dd": -0.048
    },
    "1Y_2018": {
      "ret": 0.1159,
      "sh": 0.42,
      "dd": -0.2198
    },
    "1Y_2019": {
      "ret": 0.4213,
      "sh": 2.02,
      "dd": -0.0853
    },
    "1Y_2020": {
      "ret": 0.5896,
      "sh": 1.47,
      "dd": -0.2959
    },
    "1Y_2021": {
      "ret": 0.2613,
      "sh": 1.14,
      "dd": -0.1303
    },
    "1Y_2022": {
      "ret": -0.3725,
      "sh": -1.03,
      "dd": -0.3933
    },
    "1Y_2023": {
      "ret": 0.4008,
      "sh": 2.13,
      "dd": -0.1148
    },
    "1Y_2024": {
      "ret": 0.4331,
      "sh": 1.62,
      "dd": -0.1231
    },
    "1Y_2025": {
      "ret": 0.0272,
      "sh": 0.07,
      "dd": -0.2604
    },
    "3Y_2015_2017": {
      "ret": 1.1859,
      "sh": 1.55,
      "dd": -0.1869
    },
    "3Y_2016_2018": {
      "ret": 0.9743,
      "sh": 1.17,
      "dd": -0.2196
    },
    "3Y_2017_2019": {
      "ret": 1.1017,
      "sh": 1.29,
      "dd": -0.2195
    },
    "3Y_2018_2020": {
      "ret": 1.5233,
      "sh": 1.21,
      "dd": -0.296
    },
    "3Y_2019_2021": {
      "ret": 1.8648,
      "sh": 1.45,
      "dd": -0.296
    },
    "3Y_2020_2022": {
      "ret": 0.285,
      "sh": 0.3,
      "dd": -0.399
    },
    "3Y_2021_2023": {
      "ret": 0.1242,
      "sh": 0.14,
      "dd": -0.3988
    },
    "3Y_2022_2024": {
      "ret": 0.2494,
      "sh": 0.27,
      "dd": -0.3933
    },
    "3Y_2023_2025": {
      "ret": 1.0825,
      "sh": 1.1,
      "dd": -0.261
    },
    "5Y_2015_2019": {
      "ret": 2.5239,
      "sh": 1.33,
      "dd": -0.2196
    },
    "5Y_2016_2020": {
      "ret": 3.4645,
      "sh": 1.34,
      "dd": -0.2959
    },
    "5Y_2017_2021": {
      "ret": 3.2384,
      "sh": 1.27,
      "dd": -0.2959
    },
    "5Y_2018_2022": {
      "ret": 1.0385,
      "sh": 0.51,
      "dd": -0.3995
    },
    "5Y_2019_2023": {
      "ret": 1.553,
      "sh": 0.69,
      "dd": -0.3988
    },
    "5Y_2020_2024": {
      "ret": 1.5596,
      "sh": 0.68,
      "dd": -0.399
    },
    "5Y_2021_2025": {
      "ret": 0.675,
      "sh": 0.38,
      "dd": -0.3988
    },
    "10Y_2015_2024": {
      "ret": 8.0773,
      "sh": 0.91,
      "dd": -0.399
    }
  }
}