{
  "metrics": {
    "total_return": 0.29045088629774085,
    "cagr": 0.08903187475620311,
    "annual_volatility": 0.14508807625954825,
    "sharpe_ratio": 0.39194699270730315,
    "sortino_ratio": 0.5646098465006747,
    "calmar_ratio": 0.44014171837740107,
    "max_drawdown": -0.20228001809149665,
    "max_drawdown_date": "2025-07-09",
    "win_rate": 0.511318242343542,
    "profit_factor": 1.1254125720784272,
    "num_trading_days": 751,
    "skewness": -0.05869605266877736,
    "kurtosis": 1.9599609779370963,
    "best_day": 0.0342503204799407,
    "worst_day": -0.04071849668705563,
    "avg_daily_return": 0.0003813119071072064,
    "black_swan_resilience": 76.0,
    "benchmark_total_return": 0.8628177193040827,
    "benchmark_cagr": 0.23130614737691846,
    "alpha": -0.14227427262071535,
    "beta": 0.2242592106551783,
    "information_ratio": -0.7710706806437667,
    "tracking_error": 0.18451521526136955
  },
  "trade_metrics": {
    "num_trades": 938,
    "num_buys": 451,
    "num_sells": 487,
    "total_commission": 0.0,
    "total_slippage": 6563.7513849182205,
    "total_transaction_costs": 6563.7513849182205,
    "avg_trade_size": 6997.602755776346
  },
  "final_positions": {
    "SEA": {
      "qty": 1020.0,
      "avg_cost": 13.772724840044916,
      "realized_pnl": 114.26269179576624
    },
    "CHRW": {
      "qty": 90.0,
      "avg_cost": 152.007646394899,
      "realized_pnl": 136.44380603407456
    },
    "EXPD": {
      "qty": 97.0,
      "avg_cost": 127.65767303692115,
      "realized_pnl": 1055.8169667712925
    },
    "GNK": {
      "qty": 801.0,
      "avg_cost": 18.38540645629092,
      "realized_pnl": -16.25899676353688
    },
    "ZIM": {
      "qty": 716.0,
      "avg_cost": 19.437683455598215,
      "realized_pnl": 34.58883749994917
    },
    "EGLE": {
      "qty": 501.0,
      "avg_cost": 28.912670924964967,
      "realized_pnl": 13.576592193459511
    },
    "SBLK": {
      "qty": 757.0,
      "avg_cost": 18.506000518798828,
      "realized_pnl": 23.289997100830078
    },
    "MATX": {
      "qty": 118.0,
      "avg_cost": 122.84796142578125,
      "realized_pnl": 0.0
    }
  },
  "source": "crisis",
  "description": "Global shipping cycle: container/bulk shippers + freight ETFs"
}