{
  "metrics": {
    "total_return": 0.5036895388103582,
    "cagr": 0.14618710205203933,
    "annual_volatility": 0.13308512517980042,
    "sharpe_ratio": 0.7969981234805228,
    "sortino_ratio": 1.458767149994152,
    "calmar_ratio": 1.3822544833486317,
    "max_drawdown": -0.10575990442649053,
    "max_drawdown_date": "2025-04-09",
    "win_rate": 0.5279255319148937,
    "profit_factor": 1.272353206709879,
    "num_trading_days": 752,
    "skewness": 6.367936159675624,
    "kurtosis": 115.23239041156037,
    "best_day": 0.14363266041714096,
    "worst_day": -0.05434491893975646,
    "avg_daily_return": 0.0005765569859320223,
    "black_swan_resilience": 94.3,
    "benchmark_total_return": 0.761897118190229,
    "benchmark_cagr": 0.20857911809372864,
    "alpha": -0.065447118006422,
    "beta": -0.008257776813115054,
    "information_ratio": -0.31957280517457315,
    "tracking_error": 0.2047956426413386
  },
  "trade_metrics": {
    "num_trades": 325,
    "num_buys": 175,
    "num_sells": 150,
    "total_commission": 0.0,
    "total_slippage": 688.0599879924653,
    "total_transaction_costs": 688.0599879924653,
    "avg_trade_size": 2117.107655361432
  },
  "final_positions": {
    "ME8U.SI": {
      "qty": 7448.0,
      "avg_cost": 1.9589299397658446,
      "realized_pnl": 1292.7804657528832
    },
    "O39.SI": {
      "qty": 637.0,
      "avg_cost": 11.9380989931151,
      "realized_pnl": 2684.825576024598
    },
    "F34.SI": {
      "qty": 3665.0,
      "avg_cost": 3.141415122812717,
      "realized_pnl": -797.5255284360089
    },
    "A17U.SI": {
      "qty": 5587.0,
      "avg_cost": 2.4303686165389085,
      "realized_pnl": 1601.2001846991766
    },
    "C38U.SI": {
      "qty": 5210.0,
      "avg_cost": 1.7573727917014574,
      "realized_pnl": 1165.4848979389951
    },
    "Y92.SI": {
      "qty": 33347.0,
      "avg_cost": 0.4556643674322715,
      "realized_pnl": 840.4103250028847
    },
    "AJBU.SI": {
      "qty": 6715.0,
      "avg_cost": 2.118600051134788,
      "realized_pnl": 218.2546206699862
    },
    "U11.SI": {
      "qty": 436.0,
      "avg_cost": 34.76859956902441,
      "realized_pnl": 1.4039601293103772
    },
    "N2IU.SI": {
      "qty": 8390.0,
      "avg_cost": 1.419780969619751,
      "realized_pnl": 0.0
    }
  },
  "source": "theme",
  "description": "Singapore heritage consumer + banks + REITs: AAA-rated income + growth"
}