{
  "metrics": {
    "total_return": 0.15336512898355537,
    "cagr": 0.048881772500143805,
    "annual_volatility": 0.0841363425005239,
    "sharpe_ratio": 0.1448336451495005,
    "sortino_ratio": 0.21011070152208555,
    "calmar_ratio": 0.3243526744006082,
    "max_drawdown": -0.15070562495122175,
    "max_drawdown_date": "2023-12-11",
    "win_rate": 0.4367509986684421,
    "profit_factor": 1.135035864388504,
    "num_trading_days": 751,
    "skewness": 0.6274257220615216,
    "kurtosis": 14.722162203022508,
    "best_day": 0.05021027911583009,
    "worst_day": -0.03096223063928072,
    "avg_daily_return": 0.00020400610554482517,
    "black_swan_resilience": 87.4,
    "benchmark_total_return": 0.8628177193040827,
    "benchmark_cagr": 0.23130614737691846,
    "alpha": -0.18242437487677465,
    "beta": 0.3219307447813667,
    "information_ratio": -1.4666356183965652,
    "tracking_error": 0.12438288869338555
  },
  "trade_metrics": {
    "num_trades": 137,
    "num_buys": 66,
    "num_sells": 71,
    "total_commission": 0.0,
    "total_slippage": 1480.3013317165378,
    "total_transaction_costs": 1480.3013317165378,
    "avg_trade_size": 10805.119209609762
  },
  "final_positions": {
    "EWM": {
      "qty": 872.0,
      "avg_cost": 23.306767980861043,
      "realized_pnl": 149.0418137407613
    },
    "THD": {
      "qty": 385.0,
      "avg_cost": 55.50616449964732,
      "realized_pnl": 43.42226348604477
    },
    "EIDO": {
      "qty": 1226.0,
      "avg_cost": 18.272907257080078,
      "realized_pnl": 4.714286804199219
    },
    "EPHE": {
      "qty": 911.0,
      "avg_cost": 25.038686752319336,
      "realized_pnl": 0.0
    }
  },
  "source": "gap_audit",
  "description": "ASEAN growth play: 5%+ GDP, young demographics, rising middle class",
  "rolling_windows": {
    "1Y_2015": {
      "ret": -0.0952,
      "sh": -1.83,
      "dd": -0.1233
    },
    "1Y_2016": {
      "ret": 0.0311,
      "sh": -0.04,
      "dd": -0.0683
    },
    "1Y_2017": {
      "ret": 0.1595,
      "sh": 1.79,
      "dd": -0.0239
    },
    "1Y_2018": {
      "ret": -0.0921,
      "sh": -1.4,
      "dd": -0.1307
    },
    "1Y_2019": {
      "ret": 0.0136,
      "sh": -0.39,
      "dd": -0.0565
    },
    "1Y_2020": {
      "ret": 0.0378,
      "sh": 0.03,
      "dd": -0.0822
    },
    "1Y_2021": {
      "ret": -0.0389,
      "sh": -0.93,
      "dd": -0.0819
    },
    "1Y_2022": {
      "ret": -0.0503,
      "sh": -1.2,
      "dd": -0.0833
    },
    "1Y_2023": {
      "ret": -0.0621,
      "sh": -1.54,
      "dd": -0.1507
    },
    "1Y_2024": {
      "ret": 0.0853,
      "sh": 0.56,
      "dd": -0.0732
    },
    "1Y_2025": {
      "ret": 0.1446,
      "sh": 1.03,
      "dd": -0.0832
    },
    "3Y_2015_2017": {
      "ret": 0.0717,
      "sh": -0.17,
      "dd": -0.1234
    },
    "3Y_2016_2018": {
      "ret": 0.096,
      "sh": -0.06,
      "dd": -0.1306
    },
    "3Y_2017_2019": {
      "ret": 0.0836,
      "sh": -0.13,
      "dd": -0.1306
    },
    "3Y_2018_2020": {
      "ret": -0.0375,
      "sh": -0.56,
      "dd": -0.1717
    },
    "3Y_2019_2021": {
      "ret": 0.0152,
      "sh": -0.38,
      "dd": -0.1195
    },
    "3Y_2020_2022": {
      "ret": -0.0504,
      "sh": -0.62,
      "dd": -0.1296
    },
    "3Y_2021_2023": {
      "ret": -0.1439,
      "sh": -1.2,
      "dd": -0.2014
    },
    "3Y_2022_2024": {
      "ret": -0.039,
      "sh": -0.67,
      "dd": -0.1589
    },
    "3Y_2023_2025": {
      "ret": 0.1534,
      "sh": 0.14,
      "dd": -0.1507
    },
    "5Y_2015_2019": {
      "ret": 0.0016,
      "sh": -0.45,
      "dd": -0.1306
    },
    "5Y_2016_2020": {
      "ret": 0.1615,
      "sh": -0.07,
      "dd": -0.1717
    },
    "5Y_2017_2021": {
      "ret": 0.0854,
      "sh": -0.24,
      "dd": -0.1716
    },
    "5Y_2018_2022": {
      "ret": -0.1178,
      "sh": -0.73,
      "dd": -0.1717
    },
    "5Y_2019_2023": {
      "ret": -0.0958,
      "sh": -0.73,
      "dd": -0.2014
    },
    "5Y_2020_2024": {
      "ret": -0.0391,
      "sh": -0.54,
      "dd": -0.2014
    },
    "5Y_2021_2025": {
      "ret": 0.0528,
      "sh": -0.31,
      "dd": -0.2014
    },
    "10Y_2015_2024": {
      "ret": -0.0357,
      "sh": -0.49,
      "dd": -0.2274
    }
  }
}