{
  "metrics": {
    "total_return": 0.06761936912000488,
    "cagr": 0.02212656585994144,
    "annual_volatility": 0.08930751430512283,
    "sharpe_ratio": -0.14878389302519596,
    "sortino_ratio": -0.2118445576103343,
    "calmar_ratio": 0.19006781039877071,
    "max_drawdown": -0.11641406197882176,
    "max_drawdown_date": "2025-10-16",
    "win_rate": 0.48202396804260983,
    "profit_factor": 1.0533888873456363,
    "num_trading_days": 751,
    "skewness": 0.19281109210932734,
    "kurtosis": 2.775427599116016,
    "best_day": 0.029995161147927663,
    "worst_day": -0.023902649039817758,
    "avg_daily_return": 0.00010292161019316935,
    "black_swan_resilience": 83.7,
    "benchmark_total_return": 0.8628177193040827,
    "benchmark_cagr": 0.23130614737691846,
    "alpha": -0.20917958151697702,
    "beta": 0.28372099531345185,
    "information_ratio": -1.5518734713530686,
    "tracking_error": 0.13479164724337653
  },
  "trade_metrics": {
    "num_trades": 952,
    "num_buys": 432,
    "num_sells": 520,
    "total_commission": 0.0,
    "total_slippage": 5066.361956007957,
    "total_transaction_costs": 5066.361956007957,
    "avg_trade_size": 5321.808777319283
  },
  "final_positions": {
    "IBM": {
      "qty": 35.0,
      "avg_cost": 276.38854556613495,
      "realized_pnl": 140.3897137112088
    },
    "PFE": {
      "qty": 436.0,
      "avg_cost": 24.036275595956386,
      "realized_pnl": 8.787072770333172
    },
    "JNJ": {
      "qty": 52.0,
      "avg_cost": 200.66286879319412,
      "realized_pnl": 12.483627319335938
    },
    "GEV": {
      "qty": 16.0,
      "avg_cost": 621.06689453125,
      "realized_pnl": 59.370361328125
    },
    "SOLV": {
      "qty": 134.0,
      "avg_cost": 82.54119252446873,
      "realized_pnl": 0.0
    },
    "GE": {
      "qty": 34.0,
      "avg_cost": 300.1988830566406,
      "realized_pnl": 27.42864990234375
    },
    "GEHC": {
      "qty": 129.0,
      "avg_cost": 84.36535106333652,
      "realized_pnl": 0.0
    }
  },
  "source": "gap_audit",
  "description": "Buy recent corporate spinoffs: historically +22% annual vs 17% benchmark",
  "rolling_windows": {
    "1Y_2015": {
      "ret": -0.0145,
      "sh": -1.12,
      "dd": -0.0538
    },
    "1Y_2016": {
      "ret": 0.0156,
      "sh": -0.55,
      "dd": -0.0309
    },
    "1Y_2017": {
      "ret": -0.0307,
      "sh": -2.36,
      "dd": -0.0564
    },
    "1Y_2018": {
      "ret": -0.0039,
      "sh": -1.0,
      "dd": -0.0565
    },
    "1Y_2019": {
      "ret": -0.0287,
      "sh": -1.94,
      "dd": -0.0537
    },
    "1Y_2020": {
      "ret": -0.039,
      "sh": -1.38,
      "dd": -0.1
    },
    "1Y_2021": {
      "ret": -0.0318,
      "sh": -1.11,
      "dd": -0.0785
    },
    "1Y_2022": {
      "ret": -0.0961,
      "sh": -1.96,
      "dd": -0.122
    },
    "1Y_2023": {
      "ret": 0.0718,
      "sh": 0.44,
      "dd": -0.0557
    },
    "1Y_2024": {
      "ret": 0.0037,
      "sh": -0.33,
      "dd": -0.0585
    },
    "1Y_2025": {
      "ret": -0.0087,
      "sh": -0.46,
      "dd": -0.1129
    },
    "3Y_2015_2017": {
      "ret": -0.0282,
      "sh": -1.19,
      "dd": -0.0737
    },
    "3Y_2016_2018": {
      "ret": -0.0132,
      "sh": -1.12,
      "dd": -0.0641
    },
    "3Y_2017_2019": {
      "ret": -0.0636,
      "sh": -1.68,
      "dd": -0.0886
    },
    "3Y_2018_2020": {
      "ret": -0.0624,
      "sh": -1.31,
      "dd": -0.123
    },
    "3Y_2019_2021": {
      "ret": -0.0974,
      "sh": -1.35,
      "dd": -0.1164
    },
    "3Y_2020_2022": {
      "ret": -0.1739,
      "sh": -1.58,
      "dd": -0.2189
    },
    "3Y_2021_2023": {
      "ret": -0.0611,
      "sh": -0.82,
      "dd": -0.1853
    },
    "3Y_2022_2024": {
      "ret": -0.0244,
      "sh": -0.54,
      "dd": -0.122
    },
    "3Y_2023_2025": {
      "ret": 0.0676,
      "sh": -0.15,
      "dd": -0.1164
    },
    "5Y_2015_2019": {
      "ret": -0.0609,
      "sh": -1.29,
      "dd": -0.1051
    },
    "5Y_2016_2020": {
      "ret": -0.071,
      "sh": -1.26,
      "dd": -0.1299
    },
    "5Y_2017_2021": {
      "ret": -0.1299,
      "sh": -1.39,
      "dd": -0.1458
    },
    "5Y_2018_2022": {
      "ret": -0.1938,
      "sh": -1.46,
      "dd": -0.2387
    },
    "5Y_2019_2023": {
      "ret": -0.1246,
      "sh": -1.02,
      "dd": -0.2187
    },
    "5Y_2020_2024": {
      "ret": -0.108,
      "sh": -0.81,
      "dd": -0.2189
    },
    "5Y_2021_2025": {
      "ret": -0.0659,
      "sh": -0.61,
      "dd": -0.1853
    },
    "10Y_2015_2024": {
      "ret": -0.1531,
      "sh": -0.91,
      "dd": -0.2582
    }
  }
}