{
  "metrics": {
    "total_return": 0.8777236425337969,
    "cagr": 0.23459291759102996,
    "annual_volatility": 0.1082905085298507,
    "sharpe_ratio": 1.6447528652990966,
    "sortino_ratio": 2.6597586156432067,
    "calmar_ratio": 2.3488891484477303,
    "max_drawdown": -0.09987398415376958,
    "max_drawdown_date": "2025-04-08",
    "win_rate": 0.5672436750998668,
    "profit_factor": 1.438603093613803,
    "num_trading_days": 751,
    "skewness": 0.9118069339875632,
    "kurtosis": 8.5128276588603,
    "best_day": 0.05440059355153526,
    "worst_day": -0.03212234168511596,
    "avg_daily_return": 0.0008624400381451048,
    "black_swan_resilience": 93.5,
    "benchmark_total_return": 0.8628177193040827,
    "benchmark_cagr": 0.23130614737691846,
    "alpha": 0.0032867702141115007,
    "beta": 0.5273299116218543,
    "information_ratio": 0.032169465490362134,
    "tracking_error": 0.10217049503344115
  },
  "trade_metrics": {
    "num_trades": 1429,
    "num_buys": 738,
    "num_sells": 691,
    "total_commission": 0.0,
    "total_slippage": 4685.413903806685,
    "total_transaction_costs": 4685.413903806685,
    "avg_trade_size": 3278.806090837429
  },
  "final_positions": {
    "GLD": {
      "qty": 24.0,
      "avg_cost": 281.2653560621357,
      "realized_pnl": 5527.407379109423
    },
    "SHY": {
      "qty": 115.0,
      "avg_cost": 77.94744108355701,
      "realized_pnl": 593.5048121334659
    },
    "XLP": {
      "qty": 97.0,
      "avg_cost": 76.34819990640302,
      "realized_pnl": 649.5780146698683
    },
    "PG": {
      "qty": 52.0,
      "avg_cost": 156.78935900803708,
      "realized_pnl": 327.99821413326265
    },
    "KO": {
      "qty": 108.0,
      "avg_cost": 65.93930453388417,
      "realized_pnl": 968.3598447986489
    },
    "WMT": {
      "qty": 67.0,
      "avg_cost": 84.06820958946193,
      "realized_pnl": 4789.130078199516
    },
    "COST": {
      "qty": 9.0,
      "avg_cost": 885.4524132713153,
      "realized_pnl": 4994.6711151937925
    },
    "PEP": {
      "qty": 53.0,
      "avg_cost": 144.24499181678618,
      "realized_pnl": -1295.0707697088628
    },
    "AAPL": {
      "qty": 69.0,
      "avg_cost": 269.3683874157892,
      "realized_pnl": 26.6251220703125
    },
    "GOOGL": {
      "qty": 60.0,
      "avg_cost": 285.97839673684825,
      "realized_pnl": 289.85028858589766
    },
    "META": {
      "qty": 29.0,
      "avg_cost": 660.8373286806304,
      "realized_pnl": 0.0
    },
    "NVDA": {
      "qty": 100.0,
      "avg_cost": 188.20980834960938,
      "realized_pnl": 0.0
    },
    "AMZN": {
      "qty": 81.0,
      "avg_cost": 232.07000732421875,
      "realized_pnl": 0.0
    }
  },
  "source": "portfolio",
  "description": "Growth core + consumer staples/dividend hedge + gold/bond buffer"
}