{
  "metrics": {
    "total_return": 0.10204691083652406,
    "cagr": 0.03303491390299729,
    "annual_volatility": 0.040298839796608185,
    "sharpe_ratio": -0.14405704606395076,
    "sortino_ratio": -0.20176714437089588,
    "calmar_ratio": 0.9078080749247183,
    "max_drawdown": -0.03638975551714141,
    "max_drawdown_date": "2025-05-07",
    "win_rate": 0.5046604527296937,
    "profit_factor": 1.1683020926774907,
    "num_trading_days": 751,
    "skewness": -0.069923348248183,
    "kurtosis": 3.3676428096030966,
    "best_day": 0.012385816989627596,
    "worst_day": -0.010618856519361564,
    "avg_daily_return": 0.00013261283175593043,
    "black_swan_resilience": 84.6,
    "benchmark_total_return": 0.8628177193040827,
    "benchmark_cagr": 0.23130614737691846,
    "alpha": -0.19827123347392117,
    "beta": 0.11327566381023804,
    "information_ratio": -1.4072827409821522,
    "tracking_error": 0.1408894088586252
  },
  "trade_metrics": {
    "num_trades": 1409,
    "num_buys": 741,
    "num_sells": 668,
    "total_commission": 0.0,
    "total_slippage": 7443.1452035122,
    "total_transaction_costs": 7443.1452035122,
    "avg_trade_size": 5282.57289106614
  },
  "final_positions": {
    "PG": {
      "qty": 78.0,
      "avg_cost": 141.6840362548828,
      "realized_pnl": 0.0
    }
  },
  "source": "hedge_fund",
  "description": "Short-term mean reversion across sector pairs, Renaissance-inspired"
}