{
  "metrics": {
    "total_return": 0.24651305068863505,
    "cagr": 0.0764862485456379,
    "annual_volatility": 0.13456111066973778,
    "sharpe_ratio": 0.32550198624414806,
    "sortino_ratio": 0.44446474614140163,
    "calmar_ratio": 0.44445872259635727,
    "max_drawdown": -0.1720885307387705,
    "max_drawdown_date": "2025-04-08",
    "win_rate": 0.5326231691078562,
    "profit_factor": 1.1152814760782028,
    "num_trading_days": 751,
    "skewness": -0.6290539426598694,
    "kurtosis": 7.951146331437354,
    "best_day": 0.056226801002331905,
    "worst_day": -0.06558971966182026,
    "avg_daily_return": 0.0003294590246730813,
    "black_swan_resilience": 70.5,
    "benchmark_total_return": 0.8628177193040827,
    "benchmark_cagr": 0.23130614737691846,
    "alpha": -0.15481989883128056,
    "beta": 0.7547892052092957,
    "information_ratio": -1.9824607852707214,
    "tracking_error": 0.07809481023864924
  },
  "trade_metrics": {
    "num_trades": 147,
    "num_buys": 61,
    "num_sells": 86,
    "total_commission": 0.0,
    "total_slippage": 2454.13977331543,
    "total_transaction_costs": 2454.13977331543,
    "avg_trade_size": 16694.828389900882
  },
  "final_positions": {
    "XLK": {
      "qty": 305.0,
      "avg_cost": 127.31214180581608,
      "realized_pnl": 365.29720676755437
    },
    "TLT": {
      "qty": 142.0,
      "avg_cost": 87.81320329145952,
      "realized_pnl": -92.86871476606856
    },
    "IEF": {
      "qty": 130.0,
      "avg_cost": 94.88843750498926,
      "realized_pnl": 137.41653049479254
    },
    "XLV": {
      "qty": 283.0,
      "avg_cost": 153.99842834472656,
      "realized_pnl": 0.0
    }
  },
  "source": "gap_audit",
  "description": "Rank 11 GICS sectors by 3-month relative strength vs SPY, long top 3",
  "rolling_windows": {
    "1Y_2015": {
      "ret": -0.1076,
      "sh": -1.14,
      "dd": -0.132
    },
    "1Y_2016": {
      "ret": 0.1078,
      "sh": 0.64,
      "dd": -0.0743
    },
    "1Y_2017": {
      "ret": 0.065,
      "sh": 0.35,
      "dd": -0.0493
    },
    "1Y_2018": {
      "ret": 0.0007,
      "sh": -0.17,
      "dd": -0.128
    },
    "1Y_2019": {
      "ret": 0.1111,
      "sh": 0.74,
      "dd": -0.0607
    },
    "1Y_2020": {
      "ret": 0.0623,
      "sh": 0.22,
      "dd": -0.2693
    },
    "1Y_2021": {
      "ret": 0.1764,
      "sh": 0.9,
      "dd": -0.0792
    },
    "1Y_2022": {
      "ret": -0.0588,
      "sh": -0.46,
      "dd": -0.1573
    },
    "1Y_2023": {
      "ret": 0.0693,
      "sh": 0.28,
      "dd": -0.1102
    },
    "1Y_2024": {
      "ret": 0.1044,
      "sh": 0.58,
      "dd": -0.0722
    },
    "1Y_2025": {
      "ret": 0.0687,
      "sh": 0.26,
      "dd": -0.1721
    },
    "3Y_2015_2017": {
      "ret": 0.0449,
      "sh": -0.17,
      "dd": -0.1621
    },
    "3Y_2016_2018": {
      "ret": 0.2004,
      "sh": 0.24,
      "dd": -0.1281
    },
    "3Y_2017_2019": {
      "ret": 0.1726,
      "sh": 0.18,
      "dd": -0.1281
    },
    "3Y_2018_2020": {
      "ret": 0.171,
      "sh": 0.17,
      "dd": -0.2695
    },
    "3Y_2019_2021": {
      "ret": 0.3822,
      "sh": 0.45,
      "dd": -0.2694
    },
    "3Y_2020_2022": {
      "ret": 0.1694,
      "sh": 0.17,
      "dd": -0.2693
    },
    "3Y_2021_2023": {
      "ret": 0.1807,
      "sh": 0.18,
      "dd": -0.1641
    },
    "3Y_2022_2024": {
      "ret": 0.0896,
      "sh": 0.0,
      "dd": -0.164
    },
    "3Y_2023_2025": {
      "ret": 0.2465,
      "sh": 0.33,
      "dd": -0.1721
    },
    "5Y_2015_2019": {
      "ret": 0.1504,
      "sh": -0.04,
      "dd": -0.1621
    },
    "5Y_2016_2020": {
      "ret": 0.4046,
      "sh": 0.26,
      "dd": -0.2695
    },
    "5Y_2017_2021": {
      "ret": 0.4584,
      "sh": 0.3,
      "dd": -0.2695
    },
    "5Y_2018_2022": {
      "ret": 0.2891,
      "sh": 0.16,
      "dd": -0.2695
    },
    "5Y_2019_2023": {
      "ret": 0.3872,
      "sh": 0.24,
      "dd": -0.2694
    },
    "5Y_2020_2024": {
      "ret": 0.3539,
      "sh": 0.21,
      "dd": -0.2693
    },
    "5Y_2021_2025": {
      "ret": 0.3765,
      "sh": 0.24,
      "dd": -0.172
    },
    "10Y_2015_2024": {
      "ret": 0.5723,
      "sh": 0.12,
      "dd": -0.2694
    }
  }
}