{
  "metrics": {
    "total_return": 0.10728582020895394,
    "cagr": 0.03467489051770056,
    "annual_volatility": 0.0730772220547147,
    "sharpe_ratio": -0.03235421422029036,
    "sortino_ratio": -0.04779341982400326,
    "calmar_ratio": 0.28616720112508326,
    "max_drawdown": -0.12117003759122003,
    "max_drawdown_date": "2025-04-08",
    "win_rate": 0.39280958721704395,
    "profit_factor": 1.1255818926041208,
    "num_trading_days": 751,
    "skewness": 0.7891551448827409,
    "kurtosis": 17.707720620274316,
    "best_day": 0.0423957608024077,
    "worst_day": -0.03199847628585373,
    "avg_daily_return": 0.00014626749732704866,
    "black_swan_resilience": 91.0,
    "benchmark_total_return": 0.8628177193040827,
    "benchmark_cagr": 0.23130614737691846,
    "alpha": -0.1966312568592179,
    "beta": 0.28699914972853924,
    "information_ratio": -1.585594612310188,
    "tracking_error": 0.12401105259353086
  },
  "trade_metrics": {
    "num_trades": 475,
    "num_buys": 253,
    "num_sells": 222,
    "total_commission": 0.0,
    "total_slippage": 6680.841030939107,
    "total_transaction_costs": 6680.841030939107,
    "avg_trade_size": 14064.928486187584
  },
  "final_positions": {
    "NVDA": {
      "qty": 95.0,
      "avg_cost": 174.92463860762746,
      "realized_pnl": 0.0
    },
    "GOOGL": {
      "qty": 55.0,
      "avg_cost": 296.5112609863281,
      "realized_pnl": 0.0
    }
  },
  "source": "unconventional",
  "description": "Buy quality names after sharp single-day drops, capture mean-reversion"
}