{
  "metrics": {
    "total_return": 0.20016574046080238,
    "cagr": 0.0629294704280432,
    "annual_volatility": 0.05592013040875058,
    "sharpe_ratio": 0.42147985456305104,
    "sortino_ratio": 0.6124258871152561,
    "calmar_ratio": 0.9954754065070094,
    "max_drawdown": -0.06321549484467359,
    "max_drawdown_date": "2023-10-03",
    "win_rate": 0.5392809587217043,
    "profit_factor": 1.2042521367764485,
    "num_trading_days": 751,
    "skewness": 0.10278256821834027,
    "kurtosis": 1.4335545864388406,
    "best_day": 0.01555191916480747,
    "worst_day": -0.012735494622280186,
    "avg_daily_return": 0.0002491784676794654,
    "black_swan_resilience": 85.4,
    "benchmark_total_return": 0.8628177193040827,
    "benchmark_cagr": 0.23130614737691846,
    "alpha": -0.16837667694887526,
    "beta": 0.03399882384028154,
    "information_ratio": -1.0630148461991176,
    "tracking_error": 0.15839541427941256
  },
  "trade_metrics": {
    "num_trades": 490,
    "num_buys": 258,
    "num_sells": 232,
    "total_commission": 0.0,
    "total_slippage": 1229.9647098693847,
    "total_transaction_costs": 1229.9647098693847,
    "avg_trade_size": 2510.132060957928
  },
  "final_positions": {
    "TLT": {
      "qty": 138.0,
      "avg_cost": 85.01449536722734,
      "realized_pnl": 449.1903173423967
    },
    "IEF": {
      "qty": 314.0,
      "avg_cost": 90.66886313852548,
      "realized_pnl": 1444.2054748377805
    },
    "GLD": {
      "qty": 30.0,
      "avg_cost": 317.04025908928963,
      "realized_pnl": 8799.498879856425
    },
    "TIP": {
      "qty": 109.0,
      "avg_cost": 99.1875210411578,
      "realized_pnl": 97.06257333238797
    },
    "SHY": {
      "qty": 586.0,
      "avg_cost": 80.76229505162424,
      "realized_pnl": 588.02590702669
    }
  },
  "source": "recession",
  "description": "Flight to quality: long-duration bonds when recession signals fire"
}