{
  "metrics": {
    "total_return": 0.4981941331674151,
    "cagr": 0.14478430907303852,
    "annual_volatility": 0.098447254905891,
    "sharpe_ratio": 1.0289875945206708,
    "sortino_ratio": 1.5279548562973373,
    "calmar_ratio": 1.738096801050345,
    "max_drawdown": -0.08330048647782118,
    "max_drawdown_date": "2024-08-07",
    "win_rate": 0.5352862849533955,
    "profit_factor": 1.2746658315944506,
    "num_trading_days": 751,
    "skewness": -0.02326100955580621,
    "kurtosis": 1.3617754916366263,
    "best_day": 0.024374818060524328,
    "worst_day": -0.023012554635884364,
    "avg_daily_return": 0.0005576379739530726,
    "black_swan_resilience": 82.6,
    "benchmark_total_return": 0.8628177193040827,
    "benchmark_cagr": 0.23130614737691846,
    "alpha": -0.08652183830387994,
    "beta": 0.4726044162058823,
    "information_ratio": -0.8255922691213495,
    "tracking_error": 0.10479971959519711
  },
  "trade_metrics": {
    "num_trades": 1921,
    "num_buys": 979,
    "num_sells": 942,
    "total_commission": 0.0,
    "total_slippage": 13301.115948059065,
    "total_transaction_costs": 13301.115948059065,
    "avg_trade_size": 6924.058275928725
  },
  "final_positions": {
    "TLT": {
      "qty": 87.0,
      "avg_cost": 86.6190932206597,
      "realized_pnl": -280.2714581619966
    },
    "GLD": {
      "qty": 19.0,
      "avg_cost": 388.15066527428536,
      "realized_pnl": 12534.314208814945
    },
    "SPY": {
      "qty": 77.0,
      "avg_cost": 678.9934375267184,
      "realized_pnl": 21374.01757774093
    },
    "QQQ": {
      "qty": 73.0,
      "avg_cost": 616.5519047623072,
      "realized_pnl": 451.84800760937003
    },
    "IWM": {
      "qty": 91.0,
      "avg_cost": 253.10603600805933,
      "realized_pnl": 0.0
    }
  },
  "source": "williams_seasonal",
  "description": "Options expiration week bias: reduce exposure during triple witching",
  "rolling_windows": {
    "1Y_2015": {
      "ret": -0.1474,
      "sh": -2.39,
      "dd": -0.1494
    },
    "1Y_2016": {
      "ret": 0.0038,
      "sh": -0.44,
      "dd": -0.0849
    },
    "1Y_2017": {
      "ret": 0.1097,
      "sh": 1.21,
      "dd": -0.0383
    },
    "1Y_2018": {
      "ret": -0.0521,
      "sh": -1.06,
      "dd": -0.1053
    },
    "1Y_2019": {
      "ret": 0.1537,
      "sh": 1.44,
      "dd": -0.0528
    },
    "1Y_2020": {
      "ret": 0.3247,
      "sh": 1.86,
      "dd": -0.0877
    },
    "1Y_2021": {
      "ret": 0.1567,
      "sh": 1.07,
      "dd": -0.0549
    },
    "1Y_2022": {
      "ret": -0.24,
      "sh": -2.39,
      "dd": -0.2563
    },
    "1Y_2023": {
      "ret": 0.1938,
      "sh": 1.42,
      "dd": -0.08
    },
    "1Y_2024": {
      "ret": 0.0935,
      "sh": 0.56,
      "dd": -0.0832
    },
    "1Y_2025": {
      "ret": 0.1517,
      "sh": 1.16,
      "dd": -0.0612
    },
    "3Y_2015_2017": {
      "ret": -0.0414,
      "sh": -0.71,
      "dd": -0.1537
    },
    "3Y_2016_2018": {
      "ret": 0.0725,
      "sh": -0.18,
      "dd": -0.1054
    },
    "3Y_2017_2019": {
      "ret": 0.2265,
      "sh": 0.44,
      "dd": -0.1055
    },
    "3Y_2018_2020": {
      "ret": 0.4634,
      "sh": 0.91,
      "dd": -0.1053
    },
    "3Y_2019_2021": {
      "ret": 0.7737,
      "sh": 1.46,
      "dd": -0.0874
    },
    "3Y_2020_2022": {
      "ret": 0.1643,
      "sh": 0.16,
      "dd": -0.2717
    },
    "3Y_2021_2023": {
      "ret": 0.0607,
      "sh": -0.12,
      "dd": -0.2716
    },
    "3Y_2022_2024": {
      "ret": -0.0084,
      "sh": -0.32,
      "dd": -0.2563
    },
    "3Y_2023_2025": {
      "ret": 0.4982,
      "sh": 1.03,
      "dd": -0.0833
    },
    "5Y_2015_2019": {
      "ret": 0.06,
      "sh": -0.33,
      "dd": -0.1537
    },
    "5Y_2016_2020": {
      "ret": 0.6553,
      "sh": 0.73,
      "dd": -0.1054
    },
    "5Y_2017_2021": {
      "ret": 0.8867,
      "sh": 0.97,
      "dd": -0.1055
    },
    "5Y_2018_2022": {
      "ret": 0.2863,
      "sh": 0.16,
      "dd": -0.2718
    },
    "5Y_2019_2023": {
      "ret": 0.6256,
      "sh": 0.58,
      "dd": -0.2719
    },
    "5Y_2020_2024": {
      "ret": 0.5188,
      "sh": 0.44,
      "dd": -0.2717
    },
    "5Y_2021_2025": {
      "ret": 0.3309,
      "sh": 0.22,
      "dd": -0.2716
    },
    "10Y_2015_2024": {
      "ret": 0.6228,
      "sh": 0.14,
      "dd": -0.272
    }
  }
}