{
  "metrics": {
    "total_return": 0.07438717905911729,
    "cagr": 0.024368212096721464,
    "annual_volatility": 0.09716128842657887,
    "sharpe_ratio": -0.10745214883553379,
    "sortino_ratio": -0.2402348068304017,
    "calmar_ratio": 0.21267092353863992,
    "max_drawdown": -0.11458177587823393,
    "max_drawdown_date": "2024-12-30 00:00:00",
    "win_rate": 0.459387483355526,
    "profit_factor": 1.0761973171423445,
    "num_trading_days": 751,
    "skewness": 0.4152269146637809,
    "kurtosis": 9.049997511061655,
    "best_day": 0.03387937914985906,
    "worst_day": -0.03653416589294323,
    "avg_daily_return": 0.00011422054046957639
  },
  "trade_metrics": {
    "num_trades": 268,
    "num_buys": 134,
    "num_sells": 134,
    "total_commission": 0.0,
    "total_slippage": 14222.623741493218,
    "total_transaction_costs": 14222.623741493218,
    "avg_trade_size": 53069.49157273591
  }
}