{
  "metrics": {
    "total_return": 0.21523714957740503,
    "cagr": 0.06737556466254113,
    "annual_volatility": 0.0872663738503158,
    "sharpe_ratio": 0.34380162004335313,
    "sortino_ratio": 0.4786723376194395,
    "calmar_ratio": 0.5709570957601632,
    "max_drawdown": -0.11800460168173998,
    "max_drawdown_date": "2023-10-27",
    "win_rate": 0.5406125166444741,
    "profit_factor": 1.1418187403115776,
    "num_trading_days": 751,
    "skewness": -0.24312301410659384,
    "kurtosis": 1.9385895945902636,
    "best_day": 0.026955440228943583,
    "worst_day": -0.0261387109240796,
    "avg_daily_return": 0.00027470669098589567,
    "black_swan_resilience": 78.2,
    "benchmark_total_return": 0.8628177193040827,
    "benchmark_cagr": 0.23130614737691846,
    "alpha": -0.16393058271437733,
    "beta": 0.3795480267188821,
    "information_ratio": -1.4218770740758329,
    "tracking_error": 0.11529167021764249
  },
  "trade_metrics": {
    "num_trades": 861,
    "num_buys": 437,
    "num_sells": 424,
    "total_commission": 0.0,
    "total_slippage": 3020.464296947476,
    "total_transaction_costs": 3020.464296947476,
    "avg_trade_size": 3508.0886143408584
  },
  "final_positions": {
    "XLU": {
      "qty": 287.0,
      "avg_cost": 37.46117583189474,
      "realized_pnl": 1778.8395804530046
    },
    "TLT": {
      "qty": 210.0,
      "avg_cost": 85.8031240423934,
      "realized_pnl": -488.4965160998221
    },
    "XLV": {
      "qty": 118.0,
      "avg_cost": 146.27142181573726,
      "realized_pnl": 1379.2787355607052
    },
    "XLP": {
      "qty": 236.0,
      "avg_cost": 77.48875107697586,
      "realized_pnl": 1674.852639420209
    },
    "GLD": {
      "qty": 31.0,
      "avg_cost": 280.1484412349686,
      "realized_pnl": 4568.562966736176
    },
    "VNQ": {
      "qty": 139.0,
      "avg_cost": 87.85945127767299,
      "realized_pnl": 2882.4255882532902
    },
    "IEF": {
      "qty": 128.0,
      "avg_cost": 90.91095916273807,
      "realized_pnl": -119.80242431308316
    },
    "SPY": {
      "qty": 18.0,
      "avg_cost": 582.0048658582899,
      "realized_pnl": 3283.19509887696
    }
  },
  "source": "recession",
  "description": "Staffing stock weakness as unemployment proxy, rotate to defensives",
  "horizon": "3Y (2023-2025)",
  "composite_score": 0.0356,
  "consistency_score": 0.5,
  "n_windows_tested": 12,
  "avg_1Y_return": 0.0572,
  "avg_3Y_return": 0.0406,
  "avg_5Y_return": 0.1705,
  "avg_10Y_return": null,
  "rolling_windows": {
    "1Y_2023": {
      "ret": 0.0169,
      "sh": -0.2,
      "dd": -0.118
    },
    "1Y_2024": {
      "ret": 0.0697,
      "sh": 0.35,
      "dd": -0.0688
    },
    "1Y_2025": {
      "ret": 0.1241,
      "sh": 1.08,
      "dd": -0.0534
    },
    "3Y_2022_2024": {
      "ret": -0.1138,
      "sh": -0.66,
      "dd": -0.2501
    },
    "3Y_2023_2025": {
      "ret": 0.2152,
      "sh": 0.34,
      "dd": -0.118
    },
    "5Y_2020_2024": {
      "ret": 0.1726,
      "sh": 0.01,
      "dd": -0.263
    },
    "1Y_2020": {
      "ret": 0.1419,
      "sh": 0.57,
      "dd": -0.2083
    },
    "1Y_2021": {
      "ret": 0.1726,
      "sh": 1.25,
      "dd": -0.0487
    },
    "1Y_2022": {
      "ret": -0.1821,
      "sh": -1.65,
      "dd": -0.2478
    },
    "3Y_2020_2022": {
      "ret": 0.0824,
      "sh": -0.01,
      "dd": -0.2605
    },
    "3Y_2021_2023": {
      "ret": -0.0213,
      "sh": -0.35,
      "dd": -0.2631
    },
    "5Y_2021_2025": {
      "ret": 0.1684,
      "sh": -0.03,
      "dd": -0.2631
    }
  }
}