{
  "metrics": {
    "total_return": 3.4358494709916787,
    "cagr": 0.6458851254886957,
    "annual_volatility": 0.4490765489592279,
    "sharpe_ratio": 1.2497012909886387,
    "sortino_ratio": 1.958166217237377,
    "calmar_ratio": 1.7268998755472795,
    "max_drawdown": -0.3740142289859193,
    "max_drawdown_date": "2025-04-04",
    "win_rate": 0.5246338215712384,
    "profit_factor": 1.2741158114168496,
    "num_trading_days": 751,
    "skewness": 0.40326509970518976,
    "kurtosis": 6.6276636753553895,
    "best_day": 0.19994740712717296,
    "worst_day": -0.1824816751113154,
    "avg_daily_return": 0.0023826797952796346,
    "black_swan_resilience": 72.1,
    "benchmark_total_return": 0.8628177193040827,
    "benchmark_cagr": 0.23130614737691846,
    "alpha": 0.41457897811177724,
    "beta": 1.0527288866459825,
    "information_ratio": 0.9892814787531713,
    "tracking_error": 0.41907079735717556
  },
  "trade_metrics": {
    "num_trades": 1165,
    "num_buys": 566,
    "num_sells": 599,
    "total_commission": 0.0,
    "total_slippage": 9867.36174351608,
    "total_transaction_costs": 9867.36174351608,
    "avg_trade_size": 8469.838406451578
  },
  "final_positions": {
    "OKLO": {
      "qty": 521.0,
      "avg_cost": 100.84746654264433,
      "realized_pnl": 112870.61962255073
    },
    "LEU": {
      "qty": 199.0,
      "avg_cost": 289.62771582613675,
      "realized_pnl": 67664.01194598322
    },
    "CCJ": {
      "qty": 654.0,
      "avg_cost": 82.7628304786419,
      "realized_pnl": 24225.199484548528
    },
    "NXE": {
      "qty": 6556.0,
      "avg_cost": 9.12250254966718,
      "realized_pnl": -4591.667495054343
    },
    "DNN": {
      "qty": 22484.0,
      "avg_cost": 2.3805895355508344,
      "realized_pnl": -1405.84557633482
    },
    "URA": {
      "qty": 1138.0,
      "avg_cost": 42.4497960575097,
      "realized_pnl": 15543.193867883298
    },
    "UUUU": {
      "qty": 4510.0,
      "avg_cost": 16.402437970242346,
      "realized_pnl": 41135.4140709425
    },
    "UEC": {
      "qty": 3167.0,
      "avg_cost": 14.315361483736151,
      "realized_pnl": 23490.94516820888
    }
  },
  "source": "unconventional",
  "description": "Structural uranium supply deficit: only US producer (UUUU), SMRs, 60+ reactors building",
  "horizon": "3Y (2023-2025)",
  "composite_score": 0.9581,
  "consistency_score": 0.92,
  "n_windows_tested": 12,
  "avg_1Y_return": 0.527,
  "avg_3Y_return": 1.3197,
  "avg_5Y_return": 3.8373,
  "avg_10Y_return": null,
  "rolling_windows": {
    "1Y_2023": {
      "ret": 0.2894,
      "sh": 0.99,
      "dd": -0.1889
    },
    "1Y_2024": {
      "ret": 0.7392,
      "sh": 1.36,
      "dd": -0.2133
    },
    "1Y_2025": {
      "ret": 0.8978,
      "sh": 1.35,
      "dd": -0.3739
    },
    "3Y_2022_2024": {
      "ret": 0.281,
      "sh": 0.3,
      "dd": -0.5141
    },
    "3Y_2023_2025": {
      "ret": 3.4358,
      "sh": 1.25,
      "dd": -0.374
    },
    "5Y_2020_2024": {
      "ret": 3.4644,
      "sh": 0.83,
      "dd": -0.564
    },
    "1Y_2020": {
      "ret": 0.7542,
      "sh": 1.7,
      "dd": -0.2046
    },
    "1Y_2021": {
      "ret": 0.8936,
      "sh": 1.33,
      "dd": -0.2741
    },
    "1Y_2022": {
      "ret": -0.4125,
      "sh": -1.33,
      "dd": -0.4685
    },
    "3Y_2020_2022": {
      "ret": 1.0474,
      "sh": 0.67,
      "dd": -0.5231
    },
    "3Y_2021_2023": {
      "ret": 0.5144,
      "sh": 0.45,
      "dd": -0.564
    },
    "5Y_2021_2025": {
      "ret": 4.2101,
      "sh": 0.86,
      "dd": -0.564
    }
  }
}