{
  "metrics": {
    "total_return": 0.374281647245974,
    "cagr": 0.11220105491201116,
    "annual_volatility": 0.10611507475625158,
    "sharpe_ratio": 0.688922151643611,
    "sortino_ratio": 0.9848329335530585,
    "calmar_ratio": 0.8393529053201851,
    "max_drawdown": -0.13367566157313793,
    "max_drawdown_date": "2023-10-05",
    "win_rate": 0.5605858854860186,
    "profit_factor": 1.201927254897624,
    "num_trading_days": 751,
    "skewness": -0.1084721464004931,
    "kurtosis": 2.869202858868367,
    "best_day": 0.0317965889908185,
    "worst_day": -0.032798691694593374,
    "avg_daily_return": 0.0004457491708186416,
    "black_swan_resilience": 79.0,
    "benchmark_total_return": 0.8628177193040827,
    "benchmark_cagr": 0.23130614737691846,
    "alpha": -0.1191050924649073,
    "beta": 0.29726991246215484,
    "information_ratio": -0.8255511408880374,
    "tracking_error": 0.14427342724859796
  },
  "trade_metrics": {
    "num_trades": 291,
    "num_buys": 154,
    "num_sells": 137,
    "total_commission": 0.0,
    "total_slippage": 1278.790722686768,
    "total_transaction_costs": 1278.790722686768,
    "avg_trade_size": 4394.469837411572
  },
  "final_positions": {
    "EQIX": {
      "qty": 23.0,
      "avg_cost": 785.8962756613025,
      "realized_pnl": -60.305276489256926
    },
    "COST": {
      "qty": 18.0,
      "avg_cost": 942.0586819118923,
      "realized_pnl": -185.73748779296852
    },
    "SO": {
      "qty": 125.0,
      "avg_cost": 92.33875027863877,
      "realized_pnl": 0.594448587168813
    },
    "DUK": {
      "qty": 93.0,
      "avg_cost": 120.23211957049627,
      "realized_pnl": 0.0
    },
    "TMUS": {
      "qty": 81.0,
      "avg_cost": 218.85361673745766,
      "realized_pnl": -26.424823806946563
    },
    "VZ": {
      "qty": 277.0,
      "avg_cost": 42.08270215988159,
      "realized_pnl": -22.41222620010376
    },
    "PPL": {
      "qty": 314.0,
      "avg_cost": 35.84341515705084,
      "realized_pnl": 0.0
    },
    "DLR": {
      "qty": 72.0,
      "avg_cost": 154.09884643554688,
      "realized_pnl": 0.0
    }
  },
  "source": "theme",
  "description": "Utilities, data centers, telecom: steady income, buy dips for yield"
}