{
  "metrics": {
    "total_return": 0.050481224029655936,
    "cagr": 0.01666271766841887,
    "annual_volatility": 0.12723284196406148,
    "sharpe_ratio": -0.11483439625862597,
    "sortino_ratio": -0.25620442206534094,
    "calmar_ratio": 0.07495015762813659,
    "max_drawdown": -0.22231731320820625,
    "max_drawdown_date": "2022-10-14 00:00:00",
    "win_rate": 0.5139813581890812,
    "profit_factor": 1.034512167283571,
    "num_trading_days": 751,
    "skewness": -0.07078936991740523,
    "kurtosis": 3.39498028050137,
    "best_day": 0.04551831283646868,
    "worst_day": -0.03792365491290883,
    "avg_daily_return": 9.767086838169071e-05
  },
  "trade_metrics": {
    "num_trades": 898,
    "num_buys": 469,
    "num_sells": 429,
    "total_commission": 0.0,
    "total_slippage": 1981.862547470093,
    "total_transaction_costs": 1981.862547470093,
    "avg_trade_size": 2206.973883596985
  }
}