{
  "metrics": {
    "total_return": 0.1643886914025634,
    "cagr": 0.052224285688796,
    "annual_volatility": 0.06531859870703166,
    "sharpe_ratio": 0.21298405845212404,
    "sortino_ratio": 0.30785084168622834,
    "calmar_ratio": 0.45749952972054747,
    "max_drawdown": -0.11415156146869909,
    "max_drawdown_date": "2022-11-03",
    "win_rate": 0.5398936170212766,
    "profit_factor": 1.1583769312407834,
    "num_trading_days": 752,
    "skewness": 0.2756273804056629,
    "kurtosis": 4.864957892820756,
    "best_day": 0.024913174987083675,
    "worst_day": -0.020215727636584968,
    "avg_daily_return": 0.00021085549868423608,
    "black_swan_resilience": 85.0,
    "benchmark_total_return": 0.28194132237102565,
    "benchmark_cagr": 0.08662457909976418,
    "alpha": -0.034400293410968175,
    "beta": 0.31382326705256064,
    "information_ratio": -0.2747226240545346,
    "tracking_error": 0.12521827617713582
  },
  "trade_metrics": {
    "num_trades": 393,
    "num_buys": 178,
    "num_sells": 215,
    "total_commission": 0.0,
    "total_slippage": 292.8285063858035,
    "total_transaction_costs": 292.8285063858035,
    "avg_trade_size": 745.1107032717639
  },
  "final_positions": {
    "AAPL": {
      "qty": 28.0,
      "avg_cost": 194.41590985466397,
      "realized_pnl": 1473.9769273466056
    },
    "GOOGL": {
      "qty": 37.0,
      "avg_cost": 147.66198908370396,
      "realized_pnl": 1210.395329495485
    },
    "META": {
      "qty": 12.0,
      "avg_cost": 300.5810769534356,
      "realized_pnl": 2044.89633194953
    },
    "V": {
      "qty": 22.0,
      "avg_cost": 240.49602729254494,
      "realized_pnl": 1250.5937680385264
    }
  },
  "source": "unconventional",
  "description": "Fear spikes \u2192 buy companies with massive buyback programs. They buy themselves cheap in panics."
}