{
  "metrics": {
    "total_return": 0.10678406522402017,
    "cagr": 0.03451804614158638,
    "annual_volatility": 0.05760367345754809,
    "sharpe_ratio": -0.06107754035423538,
    "sortino_ratio": -0.08350325702273284,
    "calmar_ratio": 0.4986594774161749,
    "max_drawdown": -0.06922167873042961,
    "max_drawdown_date": "2023-10-27",
    "win_rate": 0.5326231691078562,
    "profit_factor": 1.1105519914968012,
    "num_trading_days": 751,
    "skewness": -0.44156999441368705,
    "kurtosis": 4.39869669801848,
    "best_day": 0.018014997539516076,
    "worst_day": -0.02554409840458738,
    "avg_daily_return": 0.0001416883917985819,
    "black_swan_resilience": 78.3,
    "benchmark_total_return": 0.8628177193040827,
    "benchmark_cagr": 0.23130614737691846,
    "alpha": -0.19678810123533208,
    "beta": 0.13704575827022772,
    "information_ratio": -1.3769907098210996,
    "tracking_error": 0.1429117130796758
  },
  "trade_metrics": {
    "num_trades": 162,
    "num_buys": 78,
    "num_sells": 84,
    "total_commission": 0.0,
    "total_slippage": 1875.138231094361,
    "total_transaction_costs": 1875.138231094361,
    "avg_trade_size": 11574.927352434323
  },
  "final_positions": {
    "SPLV": {
      "qty": 232.0,
      "avg_cost": 72.05781503968637,
      "realized_pnl": -0.017735072544638797
    },
    "JNJ": {
      "qty": 82.0,
      "avg_cost": 184.1061248779297,
      "realized_pnl": 120.88815307617188
    },
    "PEP": {
      "qty": 114.0,
      "avg_cost": 146.75071716308594,
      "realized_pnl": 0.0
    }
  },
  "source": "gap_audit",
  "description": "Long low-vol stocks, avoid high-vol: harvesting the low-volatility anomaly",
  "rolling_windows": {
    "1Y_2015": {
      "ret": -0.0202,
      "sh": -0.83,
      "dd": -0.0832
    },
    "1Y_2016": {
      "ret": 0.0556,
      "sh": 0.33,
      "dd": -0.0426
    },
    "1Y_2017": {
      "ret": 0.1059,
      "sh": 1.93,
      "dd": -0.0175
    },
    "1Y_2018": {
      "ret": 0.0329,
      "sh": -0.07,
      "dd": -0.0638
    },
    "1Y_2019": {
      "ret": 0.0745,
      "sh": 0.7,
      "dd": -0.0264
    },
    "1Y_2020": {
      "ret": 0.0375,
      "sh": 0.04,
      "dd": -0.1402
    },
    "1Y_2021": {
      "ret": 0.0799,
      "sh": 0.75,
      "dd": -0.0316
    },
    "1Y_2022": {
      "ret": 0.003,
      "sh": -0.42,
      "dd": -0.0881
    },
    "1Y_2023": {
      "ret": -0.0457,
      "sh": -1.68,
      "dd": -0.0692
    },
    "1Y_2024": {
      "ret": 0.0974,
      "sh": 1.14,
      "dd": -0.0294
    },
    "1Y_2025": {
      "ret": 0.0532,
      "sh": 0.22,
      "dd": -0.0444
    },
    "3Y_2015_2017": {
      "ret": 0.1341,
      "sh": 0.08,
      "dd": -0.0832
    },
    "3Y_2016_2018": {
      "ret": 0.1972,
      "sh": 0.44,
      "dd": -0.0637
    },
    "3Y_2017_2019": {
      "ret": 0.2143,
      "sh": 0.54,
      "dd": -0.0637
    },
    "3Y_2018_2020": {
      "ret": 0.1424,
      "sh": 0.1,
      "dd": -0.1402
    },
    "3Y_2019_2021": {
      "ret": 0.1934,
      "sh": 0.28,
      "dd": -0.1402
    },
    "3Y_2020_2022": {
      "ret": 0.1144,
      "sh": 0.01,
      "dd": -0.1402
    },
    "3Y_2021_2023": {
      "ret": 0.0348,
      "sh": -0.42,
      "dd": -0.0885
    },
    "3Y_2022_2024": {
      "ret": 0.0587,
      "sh": -0.3,
      "dd": -0.0885
    },
    "3Y_2023_2025": {
      "ret": 0.1068,
      "sh": -0.06,
      "dd": -0.0692
    },
    "5Y_2015_2019": {
      "ret": 0.2452,
      "sh": 0.11,
      "dd": -0.0832
    },
    "5Y_2016_2020": {
      "ret": 0.3239,
      "sh": 0.27,
      "dd": -0.1403
    },
    "5Y_2017_2021": {
      "ret": 0.3491,
      "sh": 0.32,
      "dd": -0.1398
    },
    "5Y_2018_2022": {
      "ret": 0.2271,
      "sh": 0.06,
      "dd": -0.1402
    },
    "5Y_2019_2023": {
      "ret": 0.1434,
      "sh": -0.12,
      "dd": -0.1402
    },
    "5Y_2020_2024": {
      "ret": 0.1762,
      "sh": -0.05,
      "dd": -0.1402
    },
    "5Y_2021_2025": {
      "ret": 0.2002,
      "sh": -0.01,
      "dd": -0.0885
    },
    "10Y_2015_2024": {
      "ret": 0.4626,
      "sh": 0.02,
      "dd": -0.14
    }
  }
}