{
  "metrics": {
    "total_return": 0.028911071840836966,
    "cagr": 0.009578552016134223,
    "annual_volatility": 0.06660053759675295,
    "sharpe_ratio": -0.41186321533949066,
    "sortino_ratio": -0.5193954381436844,
    "calmar_ratio": 0.09348793710343686,
    "max_drawdown": -0.1024576251536744,
    "max_drawdown_date": "2025-04-07",
    "win_rate": 0.5312916111850865,
    "profit_factor": 1.0343445066190982,
    "num_trading_days": 751,
    "skewness": -2.31743823197914,
    "kurtosis": 27.679400168090908,
    "best_day": 0.0265928072835504,
    "worst_day": -0.047022077442897214,
    "avg_daily_return": 4.6799420101035424e-05,
    "black_swan_resilience": 69.6,
    "benchmark_total_return": 0.8628177193040827,
    "benchmark_cagr": 0.23130614737691846,
    "alpha": -0.22172759536078424,
    "beta": 0.18265978072604158,
    "information_ratio": -1.5922612478482356,
    "tracking_error": 0.1392532762198568
  },
  "trade_metrics": {
    "num_trades": 1227,
    "num_buys": 584,
    "num_sells": 643,
    "total_commission": 0.0,
    "total_slippage": 3517.9203525180787,
    "total_transaction_costs": 3517.9203525180787,
    "avg_trade_size": 2867.0907518484773
  },
  "final_positions": {
    "DBA": {
      "qty": 134.0,
      "avg_cost": 26.360243183024924,
      "realized_pnl": -5.163982688526989
    },
    "XOM": {
      "qty": 57.0,
      "avg_cost": 112.3626522732038,
      "realized_pnl": 705.3905933299418
    },
    "XLE": {
      "qty": 155.0,
      "avg_cost": 44.48454359465954,
      "realized_pnl": 1.305516785266363
    },
    "DVN": {
      "qty": 191.0,
      "avg_cost": 33.91225375564444,
      "realized_pnl": 40.16463114644807
    },
    "LHX": {
      "qty": 14.0,
      "avg_cost": 287.5284423828125,
      "realized_pnl": 26.1888427734375
    },
    "ITA": {
      "qty": 19.0,
      "avg_cost": 209.5040283203125,
      "realized_pnl": 48.56842041015625
    },
    "LMT": {
      "qty": 8.0,
      "avg_cost": 481.88043212890625,
      "realized_pnl": 2.73553466796875
    },
    "NOC": {
      "qty": 7.0,
      "avg_cost": 582.7933959960938,
      "realized_pnl": 0.0
    },
    "SLV": {
      "qty": 52.0,
      "avg_cost": 62.470001220703125,
      "realized_pnl": 10.620002746582031
    },
    "RTX": {
      "qty": 22.0,
      "avg_cost": 183.8094940185547,
      "realized_pnl": 0.0
    },
    "GLD": {
      "qty": 9.0,
      "avg_cost": 398.6000061035156,
      "realized_pnl": 0.0
    }
  },
  "source": "crisis",
  "description": "Anti-fragile: defense + energy + gold. Outperforms 8.5% during conflicts"
}