{
  "metrics": {
    "total_return": 0.1889028196810898,
    "cagr": 0.059582568225928556,
    "annual_volatility": 0.05447602951033689,
    "sharpe_ratio": 0.37307176410666354,
    "sortino_ratio": 0.5877333585980868,
    "calmar_ratio": 1.0110272821833872,
    "max_drawdown": -0.05893270070542078,
    "max_drawdown_date": "2023-10-26",
    "win_rate": 0.23834886817576564,
    "profit_factor": 1.3734322443608291,
    "num_trading_days": 751,
    "skewness": 0.5979582452385489,
    "kurtosis": 10.318573179927919,
    "best_day": 0.01794551181928794,
    "worst_day": -0.01891432037801588,
    "avg_daily_return": 0.00023629854704105662,
    "black_swan_resilience": 91.8,
    "benchmark_total_return": 0.8628177193040827,
    "benchmark_cagr": 0.23130614737691846,
    "alpha": -0.1717235791509899,
    "beta": 0.143579772284077,
    "information_ratio": -1.2214579722971233,
    "tracking_error": 0.14058901988092115
  },
  "trade_metrics": {
    "num_trades": 906,
    "num_buys": 456,
    "num_sells": 450,
    "total_commission": 0.0,
    "total_slippage": 13637.567389495858,
    "total_transaction_costs": 13637.567389495858,
    "avg_trade_size": 15052.502637412637
  },
  "final_positions": {
    "DIA": {
      "qty": 37.0,
      "avg_cost": 478.7659912109375,
      "realized_pnl": 1500.1056823730469
    },
    "NVDA": {
      "qty": 96.0,
      "avg_cost": 186.4899139404297,
      "realized_pnl": 6917.1394119262695
    },
    "SPY": {
      "qty": 26.0,
      "avg_cost": 680.062744140625,
      "realized_pnl": 3246.8024291992188
    },
    "MSFT": {
      "qty": 37.0,
      "avg_cost": 482.5186767578125,
      "realized_pnl": 2639.138916015625
    },
    "QQQ": {
      "qty": 29.0,
      "avg_cost": 613.536376953125,
      "realized_pnl": 3136.252685546875
    },
    "AAPL": {
      "qty": 66.0,
      "avg_cost": 271.6058349609375,
      "realized_pnl": 2544.9270935058594
    }
  },
  "source": "williams_seasonal",
  "description": "Buy %R<-90 above SMA200, exit close>prev high. 77% win SPY, 22% invested",
  "horizon": "3Y (2023-2025)",
  "consistency_score": 0.67,
  "windows_tested": 6,
  "composite_score": 0.0697,
  "rolling_windows": {
    "1Y_2023": {
      "ret": 0.0005,
      "sh": -0.64,
      "dd": -0.0589
    },
    "1Y_2024": {
      "ret": 0.0875,
      "sh": 0.82,
      "dd": -0.0221
    },
    "1Y_2025": {
      "ret": 0.0909,
      "sh": 1.04,
      "dd": -0.0145
    },
    "3Y_2022_2024": {
      "ret": 0.0511,
      "sh": -0.38,
      "dd": -0.059
    },
    "3Y_2023_2025": {
      "ret": 0.1889,
      "sh": 0.37,
      "dd": -0.0589
    },
    "5Y_2020_2024": {
      "ret": 0.235,
      "sh": 0.08,
      "dd": -0.0589
    }
  }
}