{
  "metrics": {
    "total_return": 0.6581199432546367,
    "cagr": 0.18428630228814313,
    "annual_volatility": 0.11396748386299166,
    "sharpe_ratio": 1.2018431996266576,
    "sortino_ratio": 1.8205670811679615,
    "calmar_ratio": 1.3701558293730127,
    "max_drawdown": -0.1345002505098074,
    "max_drawdown_date": "2025-04-08",
    "win_rate": 0.5579227696404794,
    "profit_factor": 1.320747616681198,
    "num_trading_days": 751,
    "skewness": 0.9849207406771863,
    "kurtosis": 18.253869138566124,
    "best_day": 0.0764355702099444,
    "worst_day": -0.03962600433005348,
    "avg_daily_return": 0.0006991857574710143,
    "black_swan_resilience": 92.7,
    "benchmark_total_return": 0.8628177193040827,
    "benchmark_cagr": 0.23130614737691846,
    "alpha": -0.047019845088775325,
    "beta": 0.6770345455327398,
    "information_ratio": -0.6898906265893956,
    "tracking_error": 0.06815550650575845
  },
  "trade_metrics": {
    "num_trades": 567,
    "num_buys": 302,
    "num_sells": 265,
    "total_commission": 0.0,
    "total_slippage": 821.2680458488459,
    "total_transaction_costs": 821.2680458488459,
    "avg_trade_size": 1448.4445253066074
  },
  "final_positions": {
    "TLT": {
      "qty": 383.0,
      "avg_cost": 88.56953617129393,
      "realized_pnl": -1124.9785167557511
    },
    "GLD": {
      "qty": 63.0,
      "avg_cost": 290.5507349692353,
      "realized_pnl": 5974.096342734683
    },
    "IEF": {
      "qty": 262.0,
      "avg_cost": 93.92812184974011,
      "realized_pnl": 74.0759904278101
    },
    "SPY": {
      "qty": 36.0,
      "avg_cost": 578.83138034997,
      "realized_pnl": 5139.754796358697
    },
    "XLP": {
      "qty": 321.0,
      "avg_cost": 78.41176557726548,
      "realized_pnl": -13.850623965362857
    },
    "XLV": {
      "qty": 107.0,
      "avg_cost": 143.84284332824976,
      "realized_pnl": 79.31454618131878
    },
    "XLU": {
      "qty": 196.0,
      "avg_cost": 44.94896197078204,
      "realized_pnl": -4.674504752110948
    }
  },
  "source": "recession",
  "description": "TLT/SHY ratio proxy for yield curve: go defensive on flattening"
}