{
  "metrics": {
    "total_return": 0.08478413581775435,
    "cagr": 0.027594013576915044,
    "annual_volatility": 0.05762578539337194,
    "sharpe_ratio": -0.17842525408229135,
    "sortino_ratio": -0.2978179154729994,
    "calmar_ratio": 0.5358146988683318,
    "max_drawdown": -0.05149917244748048,
    "max_drawdown_date": "2025-04-08",
    "win_rate": 0.47003994673768307,
    "profit_factor": 1.1601766519741536,
    "num_trading_days": 751,
    "skewness": 6.697482688860465,
    "kurtosis": 153.25315442822338,
    "best_day": 0.06570889503199773,
    "worst_day": -0.03372537175653689,
    "avg_daily_return": 0.00011484869056704067,
    "black_swan_resilience": 97.2,
    "benchmark_total_return": 0.8628177193040827,
    "benchmark_cagr": 0.23130614737691846,
    "alpha": -0.20371213380000341,
    "beta": 0.2103176448090292,
    "information_ratio": -1.5636386102563977,
    "tracking_error": 0.1302808286158908
  },
  "trade_metrics": {
    "num_trades": 489,
    "num_buys": 279,
    "num_sells": 210,
    "total_commission": 0.0,
    "total_slippage": 3441.3387108573916,
    "total_transaction_costs": 3441.3387108573916,
    "avg_trade_size": 7037.502476190984
  },
  "final_positions": {
    "AAPL": {
      "qty": 0,
      "avg_cost": 0
    },
    "MSFT": {
      "qty": 0,
      "avg_cost": 0
    },
    "GOOGL": {
      "qty": 0,
      "avg_cost": 0
    },
    "AMZN": {
      "qty": 0,
      "avg_cost": 0
    },
    "NVDA": {
      "qty": 0,
      "avg_cost": 0
    },
    "META": {
      "qty": 0,
      "avg_cost": 0
    },
    "JPM": {
      "qty": 0,
      "avg_cost": 0
    },
    "V": {
      "qty": 0,
      "avg_cost": 0
    },
    "UNH": {
      "qty": 0,
      "avg_cost": 0
    },
    "JNJ": {
      "qty": 0,
      "avg_cost": 0
    },
    "PG": {
      "qty": 0,
      "avg_cost": 0
    },
    "KO": {
      "qty": 0,
      "avg_cost": 0
    }
  },
  "source": "math",
  "description": "Buy at Z < -2 (statistically oversold), sell at Z > 0"
}